# Blender 4.4.1
# www.blender.org
mtllib plug01.mtl
o 220_volt_safety_plug_type_CEE_7/7
v 0.002275 0.061416 0.009350
v -0.002275 0.061416 0.009350
v 0.002275 0.061416 0.009150
v -0.002275 0.061416 0.009150
v 0.002209 0.066613 -0.008600
v 0.002209 0.066654 -0.008559
v 0.002250 0.066614 -0.008559
v -0.002209 0.066613 -0.008600
v -0.002250 0.066614 -0.008559
v -0.002209 0.066654 -0.008559
v 0.002250 0.065580 0.009131
v 0.002209 0.065616 0.009152
v 0.002231 0.065456 0.009321
v 0.002235 0.065387 0.009351
v 0.002275 0.065411 0.009310
v -0.002275 0.065411 0.009310
v -0.002235 0.065387 0.009351
v -0.002231 0.065456 0.009321
v -0.002209 0.065616 0.009152
v -0.002250 0.065580 0.009131
v 0.002209 0.066654 -0.005060
v 0.002250 0.066614 -0.005060
v 0.002209 0.066654 -0.001520
v 0.002250 0.066614 -0.001520
v 0.002209 0.066654 0.002020
v 0.002250 0.066614 0.002020
v 0.002250 0.066614 0.005568
v 0.002209 0.066654 0.005574
v -0.002209 0.066654 0.005574
v -0.002250 0.066614 0.005568
v -0.002209 0.066654 0.002020
v -0.002250 0.066614 0.002020
v -0.002209 0.066654 -0.001520
v -0.002250 0.066614 -0.001520
v -0.002250 0.066614 -0.005060
v -0.002209 0.066654 -0.005060
v 0.002235 0.053376 0.009309
v 0.002275 0.053417 0.009309
v 0.002235 0.053417 0.009350
v -0.002235 0.053376 0.009309
v -0.002235 0.053417 0.009350
v -0.002275 0.053417 0.009309
v 0.002275 0.055461 0.009309
v 0.002235 0.055461 0.009350
v 0.002275 0.057406 0.009309
v 0.002316 0.057446 0.009309
v 0.002235 0.057487 0.009350
v 0.002275 0.063442 0.009309
v 0.002235 0.063361 0.009350
v 0.002316 0.063401 0.009309
v -0.002275 0.063442 0.009309
v -0.002316 0.063401 0.009309
v -0.002235 0.063361 0.009350
v -0.002275 0.057406 0.009309
v -0.002235 0.057487 0.009350
v -0.002316 0.057446 0.009309
v -0.002235 0.055461 0.009350
v -0.002275 0.055461 0.009309
v 0.002908 0.057487 0.009309
v 0.002868 0.057487 0.009350
v 0.002868 0.057446 0.009309
v 0.002908 0.059431 0.009309
v 0.002868 0.059431 0.009350
v 0.002908 0.061416 0.009309
v 0.002868 0.061416 0.009350
v 0.002908 0.063361 0.009309
v 0.002868 0.063401 0.009309
v 0.002868 0.063361 0.009350
v -0.002908 0.063361 0.009309
v -0.002868 0.063361 0.009350
v -0.002868 0.063401 0.009309
v -0.002908 0.061416 0.009309
v -0.002868 0.061416 0.009350
v -0.002908 0.059431 0.009309
v -0.002868 0.059431 0.009350
v -0.002908 0.057487 0.009309
v -0.002868 0.057446 0.009309
v -0.002868 0.057487 0.009350
v 0.002275 0.060781 0.009309
v 0.002275 0.060921 0.009350
v -0.002307 0.059431 0.009309
v -0.002350 0.059431 0.009350
v 0.002275 0.059327 0.009309
v 0.002275 0.059187 0.009350
v 0.002350 0.059431 0.009350
v 0.002307 0.059431 0.009309
v -0.002275 0.059187 0.009350
v -0.002275 0.059327 0.009309
v -0.001972 0.061416 0.009309
v -0.002024 0.061416 0.009350
v 0.002024 0.061416 0.009350
v 0.001972 0.061416 0.009309
v -0.002275 0.060921 0.009350
v -0.002275 0.060781 0.009309
v 0.002255 0.060988 0.009350
v 0.002217 0.060973 0.009309
v 0.002030 0.061410 0.009350
v 0.001996 0.061388 0.009309
v -0.002030 0.061410 0.009350
v -0.001996 0.061388 0.009309
v -0.002255 0.060988 0.009350
v -0.002217 0.060973 0.009309
v 0.000000 0.057654 0.009309
v 0.000000 0.057613 0.009350
v 0.000476 0.057660 0.009350
v 0.000468 0.057700 0.009309
v 0.000934 0.057799 0.009350
v 0.000918 0.057837 0.009309
v 0.001356 0.058025 0.009350
v 0.001333 0.058059 0.009309
v 0.001726 0.058328 0.009350
v 0.001697 0.058357 0.009309
v 0.002030 0.058698 0.009350
v 0.001996 0.058721 0.009309
v 0.002255 0.059120 0.009350
v 0.002217 0.059136 0.009309
v -0.002255 0.059120 0.009350
v -0.002217 0.059136 0.009309
v -0.002030 0.058698 0.009350
v -0.001996 0.058721 0.009309
v -0.001726 0.058328 0.009350
v -0.001697 0.058357 0.009309
v -0.001356 0.058025 0.009350
v -0.001333 0.058059 0.009309
v -0.000934 0.057799 0.009350
v -0.000918 0.057837 0.009309
v -0.000476 0.057660 0.009350
v -0.000468 0.057700 0.009309
v -0.002394 0.060530 0.009350
v -0.002354 0.060522 0.009309
v -0.002441 0.060054 0.009350
v -0.002400 0.060054 0.009309
v -0.002394 0.059578 0.009350
v -0.002354 0.059586 0.009309
v 0.001726 0.061780 0.009350
v 0.001697 0.061751 0.009309
v 0.001356 0.062084 0.009350
v 0.001333 0.062050 0.009309
v 0.000934 0.062309 0.009350
v 0.000918 0.062271 0.009309
v 0.000476 0.062448 0.009350
v 0.000468 0.062408 0.009309
v 0.000000 0.062495 0.009350
v 0.000000 0.062454 0.009309
v -0.000476 0.062448 0.009350
v -0.000468 0.062408 0.009309
v -0.000934 0.062309 0.009350
v -0.000918 0.062271 0.009309
v -0.001356 0.062084 0.009350
v -0.001333 0.062050 0.009309
v -0.001726 0.061780 0.009350
v -0.001697 0.061751 0.009309
v 0.002394 0.059578 0.009350
v 0.002354 0.059586 0.009309
v 0.002441 0.060054 0.009350
v 0.002400 0.060054 0.009309
v 0.002394 0.060530 0.009350
v 0.002354 0.060522 0.009309
v 0.002235 0.053417 0.008453
v 0.002275 0.053417 0.008494
v 0.002235 0.053376 0.008494
v -0.002235 0.053417 0.008453
v -0.002235 0.053376 0.008494
v -0.002275 0.053417 0.008494
v 0.002868 0.057487 0.008615
v 0.002908 0.057487 0.008656
v 0.002868 0.057446 0.008656
v 0.002868 0.059431 0.008615
v 0.002908 0.059431 0.008656
v 0.002868 0.061416 0.008615
v 0.002908 0.061416 0.008656
v 0.002868 0.063361 0.008615
v 0.002868 0.063401 0.008656
v 0.002908 0.063361 0.008656
v -0.002868 0.063361 0.008615
v -0.002908 0.063361 0.008656
v -0.002868 0.063401 0.008656
v -0.002868 0.061416 0.008615
v -0.002908 0.061416 0.008656
v -0.002868 0.059431 0.008615
v -0.002908 0.059431 0.008656
v -0.002868 0.057487 0.008615
v -0.002868 0.057446 0.008656
v -0.002908 0.057487 0.008656
v 0.002209 0.066495 -0.008600
v 0.002250 0.066495 -0.008559
v 0.002209 0.066454 -0.008559
v -0.002209 0.066495 -0.008600
v -0.002209 0.066454 -0.008559
v -0.002250 0.066495 -0.008559
v 0.002209 0.065438 0.009048
v 0.002250 0.065474 0.009069
v 0.002275 0.065362 0.009191
v 0.002235 0.065304 0.009149
v 0.002227 0.065372 0.009119
v -0.002227 0.065372 0.009119
v -0.002235 0.065304 0.009149
v -0.002275 0.065362 0.009191
v -0.002250 0.065474 0.009069
v -0.002209 0.065438 0.009048
v 0.002250 0.066495 -0.005060
v 0.002209 0.066454 -0.005060
v 0.002250 0.066495 -0.001520
v 0.002209 0.066454 -0.001520
v 0.002250 0.066495 0.002020
v 0.002209 0.066454 0.002020
v 0.002209 0.066454 0.005546
v 0.002250 0.066495 0.005552
v -0.002250 0.066495 0.005552
v -0.002209 0.066454 0.005546
v -0.002250 0.066495 0.002020
v -0.002209 0.066454 0.002020
v -0.002250 0.066495 -0.001520
v -0.002209 0.066454 -0.001520
v -0.002209 0.066454 -0.005060
v -0.002250 0.066495 -0.005060
v 0.002235 0.053576 0.009109
v 0.002235 0.053617 0.009150
v 0.002275 0.053536 0.009191
v -0.002235 0.053576 0.009109
v -0.002275 0.053536 0.009191
v -0.002235 0.053617 0.009150
v 0.002235 0.055461 0.009150
v 0.002275 0.055461 0.009191
v 0.002275 0.057406 0.009191
v 0.002235 0.057487 0.009150
v 0.002316 0.057446 0.009191
v 0.002275 0.063442 0.009191
v 0.002316 0.063401 0.009191
v 0.002235 0.063361 0.009150
v -0.002275 0.063442 0.009191
v -0.002235 0.063361 0.009150
v -0.002316 0.063401 0.009191
v -0.002275 0.057406 0.009191
v -0.002316 0.057446 0.009191
v -0.002235 0.057487 0.009150
v -0.002275 0.055461 0.009191
v -0.002235 0.055461 0.009150
v 0.002708 0.057487 0.009109
v 0.002749 0.057446 0.009191
v 0.002668 0.057487 0.009150
v 0.002668 0.059431 0.009150
v 0.002708 0.059431 0.009109
v 0.002668 0.061416 0.009150
v 0.002708 0.061416 0.009109
v 0.002708 0.063361 0.009109
v 0.002668 0.063361 0.009150
v 0.002749 0.063401 0.009191
v -0.002708 0.063361 0.009109
v -0.002749 0.063401 0.009191
v -0.002668 0.063361 0.009150
v -0.002668 0.061416 0.009150
v -0.002708 0.061416 0.009109
v -0.002668 0.059431 0.009150
v -0.002708 0.059431 0.009109
v -0.002708 0.057487 0.009109
v -0.002668 0.057487 0.009150
v -0.002749 0.057446 0.009191
v 0.002275 0.060921 0.009150
v 0.002275 0.060781 0.009191
v -0.002350 0.059431 0.009150
v -0.002307 0.059431 0.009191
v 0.002275 0.059187 0.009150
v 0.002275 0.059327 0.009191
v 0.002307 0.059431 0.009191
v 0.002350 0.059431 0.009150
v -0.002275 0.059327 0.009191
v -0.002275 0.059187 0.009150
v -0.002024 0.061416 0.009150
v -0.001972 0.061416 0.009191
v 0.001972 0.061416 0.009191
v 0.002024 0.061416 0.009150
v -0.002275 0.060781 0.009191
v -0.002275 0.060921 0.009150
v 0.002217 0.060973 0.009191
v 0.002255 0.060988 0.009150
v 0.001996 0.061388 0.009191
v 0.002030 0.061410 0.009150
v -0.001996 0.061388 0.009191
v -0.002030 0.061410 0.009150
v -0.002217 0.060973 0.009191
v -0.002255 0.060988 0.009150
v 0.000000 0.057613 0.009150
v 0.000000 0.057654 0.009191
v 0.000468 0.057700 0.009191
v 0.000476 0.057660 0.009150
v 0.000918 0.057837 0.009191
v 0.000934 0.057799 0.009150
v 0.001333 0.058059 0.009191
v 0.001356 0.058025 0.009150
v 0.001697 0.058357 0.009191
v 0.001726 0.058328 0.009150
v 0.001996 0.058721 0.009191
v 0.002030 0.058698 0.009150
v 0.002217 0.059136 0.009191
v 0.002255 0.059120 0.009150
v -0.002217 0.059136 0.009191
v -0.002255 0.059120 0.009150
v -0.001996 0.058721 0.009191
v -0.002030 0.058698 0.009150
v -0.001697 0.058357 0.009191
v -0.001726 0.058328 0.009150
v -0.001333 0.058059 0.009191
v -0.001356 0.058025 0.009150
v -0.000918 0.057837 0.009191
v -0.000934 0.057799 0.009150
v -0.000468 0.057700 0.009191
v -0.000476 0.057660 0.009150
v -0.002354 0.060522 0.009191
v -0.002394 0.060530 0.009150
v -0.002400 0.060054 0.009191
v -0.002441 0.060054 0.009150
v -0.002354 0.059586 0.009191
v -0.002394 0.059578 0.009150
v 0.001697 0.061751 0.009191
v 0.001726 0.061780 0.009150
v 0.001333 0.062050 0.009191
v 0.001356 0.062084 0.009150
v 0.000918 0.062271 0.009191
v 0.000934 0.062309 0.009150
v 0.000468 0.062408 0.009191
v 0.000476 0.062448 0.009150
v 0.000000 0.062454 0.009191
v 0.000000 0.062495 0.009150
v -0.000468 0.062408 0.009191
v -0.000476 0.062448 0.009150
v -0.000918 0.062271 0.009191
v -0.000934 0.062309 0.009150
v -0.001333 0.062050 0.009191
v -0.001356 0.062084 0.009150
v -0.001697 0.061751 0.009191
v -0.001726 0.061780 0.009150
v 0.002354 0.059586 0.009191
v 0.002394 0.059578 0.009150
v 0.002400 0.060054 0.009191
v 0.002441 0.060054 0.009150
v 0.002354 0.060522 0.009191
v 0.002394 0.060530 0.009150
v 0.002235 0.053536 0.008453
v 0.002235 0.053576 0.008494
v 0.002275 0.053536 0.008494
v -0.002235 0.053536 0.008453
v -0.002275 0.053536 0.008494
v -0.002235 0.053576 0.008494
v 0.002749 0.057487 0.008615
v 0.002749 0.057446 0.008656
v 0.002708 0.057487 0.008656
v 0.002708 0.059431 0.008656
v 0.002749 0.059431 0.008615
v 0.002708 0.061416 0.008656
v 0.002749 0.061416 0.008615
v 0.002749 0.063361 0.008615
v 0.002708 0.063361 0.008656
v 0.002749 0.063401 0.008656
v -0.002749 0.063361 0.008615
v -0.002749 0.063401 0.008656
v -0.002708 0.063361 0.008656
v -0.002708 0.061416 0.008656
v -0.002749 0.061416 0.008615
v -0.002708 0.059431 0.008656
v -0.002749 0.059431 0.008615
v -0.002749 0.057487 0.008615
v -0.002708 0.057487 0.008656
v -0.002749 0.057446 0.008656
v 0.001970 0.060955 0.008598
v 0.001828 0.060901 0.008450
v -0.002092 0.059595 0.008598
v -0.001942 0.059622 0.008450
v 0.002092 0.059595 0.008598
v 0.001942 0.059622 0.008450
v -0.001773 0.061361 0.008598
v -0.001642 0.061282 0.008451
v 0.001642 0.061282 0.008451
v 0.001773 0.061361 0.008598
v -0.001828 0.060901 0.008450
v -0.001970 0.060955 0.008598
v 0.000000 0.054623 0.008451
v 0.000000 0.054469 0.008598
v 0.000720 0.054471 0.008599
v 0.000575 0.054775 0.008452
v 0.000422 0.054624 0.008452
v 0.000786 0.057866 0.008598
v 0.000766 0.058030 0.008450
v 0.000634 0.057804 0.008450
v 0.001183 0.058099 0.008598
v 0.001093 0.058222 0.008450
v 0.001507 0.058391 0.008598
v 0.001394 0.058494 0.008450
v 0.001773 0.058747 0.008598
v 0.001642 0.058826 0.008450
v 0.001970 0.059154 0.008598
v 0.001828 0.059207 0.008450
v -0.001828 0.059207 0.008450
v -0.001970 0.059154 0.008598
v -0.001773 0.058747 0.008598
v -0.001642 0.058826 0.008450
v -0.001507 0.058391 0.008598
v -0.001394 0.058494 0.008450
v -0.001183 0.058099 0.008598
v -0.001093 0.058222 0.008450
v -0.000786 0.057866 0.008598
v -0.000634 0.057804 0.008450
v -0.000766 0.058030 0.008450
v -0.000720 0.054471 0.008599
v -0.000422 0.054624 0.008452
v -0.000575 0.054775 0.008452
v -0.002092 0.060513 0.008598
v -0.001942 0.060486 0.008450
v -0.002133 0.060054 0.008598
v -0.001981 0.060054 0.008450
v 0.001507 0.061717 0.008598
v 0.001394 0.061614 0.008451
v 0.001183 0.062009 0.008598
v 0.001093 0.061886 0.008451
v 0.000940 0.062152 0.008598
v 0.000810 0.062226 0.008448
v 0.000863 0.062021 0.008451
v -0.000940 0.062152 0.008598
v -0.000863 0.062021 0.008451
v -0.000810 0.062226 0.008448
v -0.001183 0.062009 0.008598
v -0.001093 0.061886 0.008451
v -0.001507 0.061717 0.008598
v -0.001394 0.061614 0.008451
v 0.001981 0.060054 0.008450
v 0.002133 0.060054 0.008598
v 0.002092 0.060513 0.008598
v 0.001942 0.060486 0.008450
v 0.001901 0.060917 0.003124
v 0.001762 0.060865 0.003276
v -0.001873 0.059631 0.003276
v -0.002019 0.059604 0.003124
v 0.001873 0.059631 0.003276
v 0.002019 0.059604 0.003124
v -0.001711 0.061309 0.003124
v -0.001584 0.061232 0.003276
v 0.001584 0.061232 0.003276
v 0.001711 0.061309 0.003124
v -0.001762 0.060865 0.003276
v -0.001901 0.060917 0.003124
v 0.000000 0.054564 0.003124
v 0.000000 0.054711 0.003277
v 0.000396 0.054711 0.003277
v 0.000549 0.054861 0.003278
v 0.000692 0.054565 0.003124
v 0.000607 0.057870 0.003276
v 0.000740 0.058096 0.003276
v 0.000758 0.057935 0.003124
v 0.001054 0.058281 0.003276
v 0.001142 0.058161 0.003124
v 0.001344 0.058542 0.003276
v 0.001454 0.058442 0.003124
v 0.001584 0.058863 0.003276
v 0.001711 0.058786 0.003124
v 0.001762 0.059231 0.003276
v 0.001901 0.059178 0.003124
v -0.001901 0.059178 0.003124
v -0.001762 0.059231 0.003276
v -0.001584 0.058863 0.003276
v -0.001711 0.058786 0.003124
v -0.001344 0.058542 0.003276
v -0.001454 0.058442 0.003124
v -0.001054 0.058281 0.003276
v -0.001142 0.058161 0.003124
v -0.000740 0.058096 0.003276
v -0.000607 0.057870 0.003276
v -0.000758 0.057935 0.003124
v -0.000549 0.054861 0.003278
v -0.000396 0.054711 0.003277
v -0.000692 0.054565 0.003124
v -0.001873 0.060464 0.003276
v -0.002019 0.060491 0.003124
v -0.001910 0.060048 0.003276
v -0.002059 0.060047 0.003124
v 0.001344 0.061553 0.003276
v 0.001454 0.061653 0.003124
v 0.001054 0.061815 0.003276
v 0.001142 0.061934 0.003124
v 0.000911 0.062070 0.003124
v 0.000836 0.061943 0.003276
v 0.000782 0.062148 0.003274
v -0.000911 0.062070 0.003124
v -0.000782 0.062148 0.003274
v -0.000836 0.061943 0.003276
v -0.001054 0.061815 0.003276
v -0.001142 0.061934 0.003124
v -0.001344 0.061553 0.003276
v -0.001454 0.061653 0.003124
v 0.002059 0.060047 0.003124
v 0.001910 0.060048 0.003276
v 0.001873 0.060464 0.003276
v 0.002019 0.060491 0.003124
v 0.002203 0.061043 0.008445
v 0.002064 0.060990 0.008597
v -0.002337 0.059550 0.008445
v -0.002191 0.059577 0.008597
v 0.002337 0.059550 0.008445
v 0.002191 0.059577 0.008597
v -0.001985 0.061491 0.008445
v -0.001859 0.061414 0.008597
v 0.001859 0.061414 0.008597
v 0.001985 0.061491 0.008445
v -0.002064 0.060990 0.008597
v -0.002203 0.061043 0.008445
v 0.000000 0.054371 0.008597
v 0.000000 0.054223 0.008444
v 0.000813 0.054224 0.008443
v 0.000966 0.054374 0.008443
v 0.000817 0.054372 0.008596
v 0.001030 0.057574 0.008445
v 0.001162 0.057799 0.008445
v 0.000885 0.057808 0.008597
v 0.001331 0.057898 0.008445
v 0.001243 0.058018 0.008597
v 0.001691 0.058223 0.008445
v 0.001581 0.058323 0.008597
v 0.001985 0.058617 0.008445
v 0.001859 0.058695 0.008597
v 0.002203 0.059065 0.008445
v 0.002064 0.059118 0.008597
v -0.002064 0.059118 0.008597
v -0.002203 0.059065 0.008445
v -0.001985 0.058617 0.008445
v -0.001859 0.058695 0.008597
v -0.001691 0.058223 0.008445
v -0.001581 0.058323 0.008597
v -0.001331 0.057898 0.008445
v -0.001243 0.058018 0.008597
v -0.001162 0.057799 0.008445
v -0.001030 0.057574 0.008445
v -0.000885 0.057808 0.008597
v -0.000966 0.054374 0.008443
v -0.000813 0.054224 0.008443
v -0.000817 0.054372 0.008596
v -0.002337 0.060558 0.008445
v -0.002191 0.060531 0.008597
v -0.002382 0.060054 0.008445
v -0.002234 0.060054 0.008597
v 0.001691 0.061885 0.008445
v 0.001581 0.061785 0.008597
v 0.001331 0.062210 0.008444
v 0.001243 0.062090 0.008597
v 0.000990 0.062239 0.008597
v 0.001065 0.062366 0.008444
v 0.000860 0.062312 0.008447
v -0.000990 0.062239 0.008597
v -0.000860 0.062312 0.008447
v -0.001065 0.062366 0.008444
v -0.001331 0.062210 0.008444
v -0.001243 0.062090 0.008597
v -0.001691 0.061885 0.008445
v -0.001581 0.061785 0.008597
v 0.002234 0.060054 0.008597
v 0.002382 0.060054 0.008445
v 0.002337 0.060558 0.008445
v 0.002191 0.060531 0.008597
v 0.002138 0.061006 0.003270
v 0.001995 0.060952 0.003123
v -0.002118 0.059586 0.003123
v -0.002268 0.059559 0.003271
v 0.002118 0.059586 0.003123
v 0.002268 0.059559 0.003271
v -0.001927 0.061441 0.003270
v -0.001796 0.061361 0.003123
v 0.001796 0.061361 0.003123
v 0.001927 0.061441 0.003270
v -0.001995 0.060952 0.003123
v -0.002138 0.061006 0.003270
v 0.000000 0.054311 0.003270
v 0.000000 0.054462 0.003122
v 0.000792 0.054465 0.003122
v 0.000942 0.054464 0.003269
v 0.000790 0.054313 0.003269
v 0.000856 0.057877 0.003123
v 0.001135 0.057864 0.003271
v 0.001002 0.057638 0.003271
v 0.001201 0.058080 0.003123
v 0.001292 0.057956 0.003271
v 0.001528 0.058375 0.003123
v 0.001641 0.058272 0.003271
v 0.001796 0.058734 0.003123
v 0.001927 0.058654 0.003271
v 0.001995 0.059143 0.003123
v 0.002138 0.059089 0.003271
v -0.002138 0.059089 0.003271
v -0.001995 0.059143 0.003123
v -0.001796 0.058734 0.003123
v -0.001927 0.058654 0.003271
v -0.001528 0.058375 0.003123
v -0.001641 0.058272 0.003271
v -0.001201 0.058080 0.003123
v -0.001292 0.057956 0.003271
v -0.000856 0.057877 0.003123
v -0.001002 0.057638 0.003271
v -0.001135 0.057864 0.003271
v -0.000792 0.054465 0.003122
v -0.000790 0.054313 0.003269
v -0.000942 0.054464 0.003269
v -0.002118 0.060509 0.003123
v -0.002268 0.060536 0.003271
v -0.002159 0.060047 0.003123
v -0.002312 0.060048 0.003271
v 0.001528 0.061720 0.003123
v 0.001641 0.061824 0.003270
v 0.001201 0.062015 0.003123
v 0.001292 0.062139 0.003270
v 0.000962 0.062156 0.003123
v 0.000833 0.062234 0.003273
v 0.001038 0.062288 0.003270
v -0.000962 0.062156 0.003123
v -0.001038 0.062288 0.003270
v -0.000833 0.062234 0.003273
v -0.001201 0.062015 0.003123
v -0.001292 0.062139 0.003270
v -0.001528 0.061720 0.003123
v -0.001641 0.061824 0.003270
v 0.002312 0.060048 0.003271
v 0.002159 0.060047 0.003123
v 0.002118 0.060509 0.003123
v 0.002268 0.060536 0.003271
v 0.002150 0.034529 -0.008600
v 0.002250 0.034529 -0.008500
v 0.002150 0.034429 -0.008500
v -0.002150 0.034529 -0.008600
v -0.002150 0.034429 -0.008500
v -0.002250 0.034529 -0.008500
v 0.002280 0.035712 0.009275
v 0.002180 0.035770 0.009376
v 0.002170 0.035601 0.009304
v 0.002150 0.035470 0.009165
v 0.002250 0.035559 0.009113
v -0.002250 0.035559 0.009113
v -0.002150 0.035470 0.009165
v -0.002170 0.035601 0.009304
v -0.002180 0.035770 0.009376
v -0.002280 0.035712 0.009275
v -0.002150 0.034429 -0.005060
v -0.002250 0.034529 -0.005060
v -0.002150 0.034429 -0.001520
v -0.002250 0.034529 -0.001520
v -0.002150 0.034429 0.002020
v -0.002250 0.034529 0.002020
v -0.002250 0.034529 0.005564
v -0.002150 0.034429 0.005578
v 0.002150 0.034429 0.005578
v 0.002250 0.034529 0.005564
v 0.002150 0.034429 0.002020
v 0.002250 0.034529 0.002020
v 0.002150 0.034429 -0.001520
v 0.002250 0.034529 -0.001520
v 0.002250 0.034529 -0.005060
v 0.002150 0.034429 -0.005060
v 0.002180 0.038059 0.009275
v 0.002180 0.037959 0.009375
v 0.002280 0.037958 0.009274
v -0.002180 0.038059 0.009275
v -0.002280 0.037958 0.009274
v -0.002180 0.037959 0.009375
v 0.002180 0.037959 0.008862
v 0.002180 0.038059 0.008962
v 0.002280 0.037958 0.008962
v -0.002180 0.037959 0.008862
v -0.002280 0.037958 0.008962
v -0.002180 0.038059 0.008962
v 0.002150 0.034829 -0.008600
v 0.002150 0.034929 -0.008500
v 0.002250 0.034829 -0.008500
v -0.002150 0.034829 -0.008600
v -0.002250 0.034829 -0.008500
v -0.002150 0.034929 -0.008500
v 0.002105 0.035951 0.008939
v 0.002180 0.035977 0.008872
v 0.002280 0.036039 0.008972
v 0.002224 0.035903 0.008760
v 0.002150 0.035887 0.008810
v 0.002193 0.035840 0.008839
v -0.002193 0.035840 0.008839
v -0.002150 0.035887 0.008810
v -0.002250 0.035771 0.008771
v -0.002306 0.036016 0.008866
v -0.002180 0.035977 0.008872
v -0.002105 0.035951 0.008939
v -0.002250 0.034829 -0.005060
v -0.002150 0.034929 -0.005060
v -0.002250 0.034829 -0.001520
v -0.002150 0.034929 -0.001520
v -0.002250 0.034829 0.002020
v -0.002150 0.034929 0.002020
v -0.002150 0.034929 0.005507
v -0.002250 0.034829 0.005521
v 0.002250 0.034829 0.005521
v 0.002150 0.034929 0.005507
v 0.002250 0.034829 0.002020
v 0.002150 0.034929 0.002020
v 0.002250 0.034829 -0.001520
v 0.002150 0.034929 -0.001520
v 0.002150 0.034929 -0.005060
v 0.002250 0.034829 -0.005060
v 0.002180 0.037559 0.008775
v 0.002280 0.037659 0.008975
v 0.002180 0.037459 0.008875
v -0.002180 0.037559 0.008775
v -0.002180 0.037459 0.008875
v -0.002280 0.037659 0.008975
v 0.002180 0.037659 0.008862
v 0.002280 0.037659 0.008962
v 0.002180 0.037559 0.008962
v -0.002180 0.037659 0.008862
v -0.002180 0.037559 0.008962
v -0.002280 0.037659 0.008962
v 0.009845 0.050554 0.028250
v 0.011900 0.050554 0.026205
v 0.010632 0.050554 0.028094
v 0.011298 0.050554 0.027651
v 0.011744 0.050554 0.026988
v 0.009839 0.050622 0.028250
v 0.011854 0.051022 0.026205
v 0.010610 0.050775 0.028094
v 0.011264 0.050905 0.027651
v 0.011701 0.050992 0.026988
v 0.009819 0.050686 0.028250
v 0.011717 0.051473 0.026205
v 0.010545 0.050987 0.028094
v 0.011161 0.051242 0.027651
v 0.011573 0.051413 0.026988
v 0.009787 0.050746 0.028250
v 0.011496 0.051888 0.026205
v 0.010441 0.051183 0.028094
v 0.010995 0.051553 0.027651
v 0.011366 0.051801 0.026988
v 0.009744 0.050798 0.028250
v 0.011197 0.052251 0.026205
v 0.010300 0.051354 0.028095
v 0.010772 0.051826 0.027651
v 0.011086 0.052141 0.026988
v 0.009692 0.050841 0.028250
v 0.010833 0.052550 0.026205
v 0.010129 0.051495 0.028094
v 0.010499 0.052049 0.027651
v 0.010747 0.052420 0.026988
v 0.009632 0.050873 0.028250
v 0.010418 0.052771 0.026205
v 0.009933 0.051600 0.028094
v 0.010188 0.052215 0.027651
v 0.010359 0.052627 0.026988
v 0.009567 0.050893 0.028250
v 0.009968 0.052908 0.026205
v 0.009721 0.051664 0.028094
v 0.009851 0.052318 0.027651
v 0.009938 0.052755 0.026988
v 0.009500 0.050899 0.028250
v 0.009500 0.052954 0.026205
v 0.009500 0.051686 0.028094
v 0.009500 0.052352 0.027651
v 0.009500 0.052798 0.026988
v 0.009433 0.050893 0.028250
v 0.009032 0.052908 0.026205
v 0.009279 0.051664 0.028094
v 0.009149 0.052318 0.027651
v 0.009062 0.052755 0.026988
v 0.009368 0.050873 0.028250
v 0.008582 0.052771 0.026205
v 0.009067 0.051600 0.028094
v 0.008812 0.052215 0.027651
v 0.008641 0.052627 0.026988
v 0.009308 0.050841 0.028250
v 0.008167 0.052550 0.026205
v 0.008871 0.051495 0.028094
v 0.008501 0.052049 0.027651
v 0.008254 0.052420 0.026988
v 0.009256 0.050798 0.028250
v 0.007803 0.052251 0.026205
v 0.008700 0.051354 0.028095
v 0.008229 0.051826 0.027651
v 0.007914 0.052141 0.026988
v 0.009213 0.050746 0.028250
v 0.007504 0.051888 0.026205
v 0.008559 0.051183 0.028094
v 0.008005 0.051553 0.027651
v 0.007635 0.051801 0.026988
v 0.009181 0.050686 0.028250
v 0.007283 0.051473 0.026205
v 0.008455 0.050987 0.028094
v 0.007839 0.051242 0.027651
v 0.007427 0.051413 0.026988
v 0.009161 0.050622 0.028250
v 0.007146 0.051022 0.026205
v 0.008390 0.050775 0.028094
v 0.007736 0.050905 0.027651
v 0.007300 0.050992 0.026988
v 0.009155 0.050554 0.028250
v 0.007100 0.050554 0.026205
v 0.008368 0.050554 0.028094
v 0.007702 0.050554 0.027651
v 0.007256 0.050554 0.026988
v 0.009161 0.050487 0.028250
v 0.007146 0.050086 0.026205
v 0.008390 0.050333 0.028094
v 0.007736 0.050203 0.027651
v 0.007300 0.050116 0.026988
v 0.009181 0.050422 0.028250
v 0.007283 0.049636 0.026205
v 0.008455 0.050121 0.028094
v 0.007839 0.049866 0.027651
v 0.007427 0.049696 0.026988
v 0.009213 0.050362 0.028250
v 0.007504 0.049221 0.026205
v 0.008559 0.049925 0.028094
v 0.008005 0.049555 0.027651
v 0.007635 0.049308 0.026988
v 0.009256 0.050310 0.028250
v 0.007803 0.048857 0.026205
v 0.008700 0.049754 0.028094
v 0.008229 0.049283 0.027651
v 0.007914 0.048968 0.026988
v 0.009308 0.050267 0.028250
v 0.008167 0.048559 0.026205
v 0.008871 0.049613 0.028094
v 0.008501 0.049059 0.027651
v 0.008254 0.048689 0.026988
v 0.009368 0.050235 0.028250
v 0.008582 0.048337 0.026205
v 0.009067 0.049509 0.028095
v 0.008812 0.048893 0.027651
v 0.008641 0.048481 0.026988
v 0.009433 0.050216 0.028249
v 0.009032 0.048200 0.026205
v 0.009279 0.049444 0.028094
v 0.009149 0.048791 0.027651
v 0.009062 0.048354 0.026988
v 0.009500 0.050209 0.028250
v 0.009500 0.048154 0.026205
v 0.009500 0.049423 0.028095
v 0.009500 0.048756 0.027651
v 0.009500 0.048311 0.026988
v 0.009567 0.050216 0.028250
v 0.009968 0.048200 0.026205
v 0.009721 0.049444 0.028094
v 0.009851 0.048791 0.027651
v 0.009938 0.048354 0.026988
v 0.009632 0.050235 0.028250
v 0.010418 0.048337 0.026205
v 0.009933 0.049509 0.028094
v 0.010188 0.048893 0.027651
v 0.010359 0.048481 0.026988
v 0.009692 0.050267 0.028250
v 0.010833 0.048559 0.026205
v 0.010129 0.049613 0.028094
v 0.010499 0.049059 0.027651
v 0.010747 0.048689 0.026988
v 0.009744 0.050310 0.028250
v 0.011197 0.048857 0.026205
v 0.010300 0.049754 0.028094
v 0.010772 0.049283 0.027651
v 0.011086 0.048968 0.026988
v 0.009787 0.050362 0.028250
v 0.011496 0.049221 0.026205
v 0.010441 0.049926 0.028094
v 0.010995 0.049555 0.027651
v 0.011366 0.049308 0.026988
v 0.009819 0.050422 0.028250
v 0.011717 0.049636 0.026205
v 0.010545 0.050121 0.028094
v 0.011161 0.049866 0.027651
v 0.011573 0.049696 0.026988
v 0.009839 0.050487 0.028250
v 0.011854 0.050086 0.026205
v 0.010610 0.050333 0.028094
v 0.011264 0.050203 0.027651
v 0.011701 0.050116 0.026988
v -0.009845 0.050554 0.028250
v -0.011900 0.050554 0.026205
v -0.010632 0.050554 0.028094
v -0.011298 0.050554 0.027651
v -0.011744 0.050554 0.026988
v -0.009839 0.050622 0.028250
v -0.011854 0.051022 0.026205
v -0.010610 0.050775 0.028094
v -0.011264 0.050905 0.027651
v -0.011701 0.050992 0.026988
v -0.009819 0.050686 0.028250
v -0.011717 0.051473 0.026205
v -0.010545 0.050987 0.028094
v -0.011161 0.051242 0.027651
v -0.011573 0.051413 0.026988
v -0.009787 0.050746 0.028250
v -0.011496 0.051888 0.026205
v -0.010441 0.051183 0.028094
v -0.010995 0.051553 0.027651
v -0.011365 0.051801 0.026988
v -0.009744 0.050798 0.028250
v -0.011197 0.052251 0.026205
v -0.010300 0.051354 0.028095
v -0.010772 0.051826 0.027651
v -0.011086 0.052141 0.026988
v -0.009692 0.050841 0.028250
v -0.010833 0.052550 0.026205
v -0.010129 0.051495 0.028094
v -0.010499 0.052049 0.027651
v -0.010746 0.052420 0.026988
v -0.009632 0.050873 0.028250
v -0.010418 0.052771 0.026205
v -0.009933 0.051600 0.028094
v -0.010188 0.052215 0.027651
v -0.010359 0.052627 0.026988
v -0.009567 0.050893 0.028250
v -0.009968 0.052908 0.026205
v -0.009721 0.051664 0.028094
v -0.009851 0.052318 0.027651
v -0.009938 0.052755 0.026988
v -0.009500 0.050899 0.028250
v -0.009500 0.052954 0.026205
v -0.009500 0.051686 0.028094
v -0.009500 0.052352 0.027651
v -0.009500 0.052798 0.026988
v -0.009433 0.050893 0.028250
v -0.009032 0.052908 0.026205
v -0.009279 0.051664 0.028094
v -0.009149 0.052318 0.027651
v -0.009062 0.052755 0.026988
v -0.009368 0.050873 0.028250
v -0.008582 0.052771 0.026205
v -0.009067 0.051600 0.028094
v -0.008812 0.052215 0.027651
v -0.008641 0.052627 0.026988
v -0.009308 0.050841 0.028250
v -0.008167 0.052550 0.026205
v -0.008871 0.051495 0.028094
v -0.008501 0.052049 0.027651
v -0.008254 0.052420 0.026988
v -0.009256 0.050798 0.028250
v -0.007803 0.052251 0.026205
v -0.008700 0.051354 0.028095
v -0.008229 0.051826 0.027651
v -0.007914 0.052141 0.026988
v -0.009213 0.050746 0.028250
v -0.007504 0.051888 0.026205
v -0.008559 0.051183 0.028094
v -0.008005 0.051553 0.027651
v -0.007635 0.051801 0.026988
v -0.009181 0.050686 0.028250
v -0.007283 0.051473 0.026205
v -0.008455 0.050987 0.028094
v -0.007839 0.051242 0.027651
v -0.007427 0.051413 0.026988
v -0.009161 0.050622 0.028250
v -0.007146 0.051022 0.026205
v -0.008390 0.050775 0.028094
v -0.007736 0.050905 0.027651
v -0.007300 0.050992 0.026988
v -0.009155 0.050554 0.028250
v -0.007100 0.050554 0.026205
v -0.008368 0.050554 0.028094
v -0.007702 0.050554 0.027651
v -0.007256 0.050554 0.026988
v -0.009161 0.050487 0.028250
v -0.007146 0.050086 0.026205
v -0.008390 0.050333 0.028094
v -0.007736 0.050203 0.027651
v -0.007300 0.050116 0.026988
v -0.009181 0.050422 0.028250
v -0.007283 0.049636 0.026205
v -0.008455 0.050121 0.028094
v -0.007839 0.049866 0.027651
v -0.007427 0.049696 0.026988
v -0.009213 0.050362 0.028250
v -0.007504 0.049221 0.026205
v -0.008559 0.049925 0.028094
v -0.008005 0.049555 0.027651
v -0.007635 0.049308 0.026988
v -0.009256 0.050310 0.028250
v -0.007803 0.048857 0.026205
v -0.008700 0.049754 0.028094
v -0.008229 0.049283 0.027651
v -0.007914 0.048968 0.026988
v -0.009308 0.050267 0.028250
v -0.008167 0.048559 0.026205
v -0.008871 0.049613 0.028094
v -0.008501 0.049059 0.027651
v -0.008254 0.048689 0.026988
v -0.009368 0.050235 0.028250
v -0.008582 0.048337 0.026205
v -0.009067 0.049509 0.028095
v -0.008812 0.048893 0.027651
v -0.008641 0.048481 0.026988
v -0.009433 0.050216 0.028249
v -0.009032 0.048200 0.026205
v -0.009279 0.049444 0.028094
v -0.009149 0.048791 0.027651
v -0.009062 0.048354 0.026988
v -0.009500 0.050209 0.028250
v -0.009500 0.048154 0.026205
v -0.009500 0.049423 0.028095
v -0.009500 0.048756 0.027651
v -0.009500 0.048311 0.026988
v -0.009567 0.050216 0.028250
v -0.009968 0.048200 0.026205
v -0.009721 0.049444 0.028094
v -0.009851 0.048791 0.027651
v -0.009938 0.048354 0.026988
v -0.009632 0.050235 0.028250
v -0.010418 0.048337 0.026205
v -0.009933 0.049509 0.028094
v -0.010188 0.048893 0.027651
v -0.010359 0.048481 0.026988
v -0.009692 0.050267 0.028250
v -0.010833 0.048559 0.026205
v -0.010129 0.049613 0.028094
v -0.010499 0.049059 0.027651
v -0.010747 0.048689 0.026988
v -0.009744 0.050310 0.028250
v -0.011197 0.048857 0.026205
v -0.010300 0.049754 0.028094
v -0.010772 0.049283 0.027651
v -0.011086 0.048968 0.026988
v -0.009787 0.050362 0.028250
v -0.011496 0.049221 0.026205
v -0.010441 0.049926 0.028094
v -0.010995 0.049555 0.027651
v -0.011366 0.049308 0.026988
v -0.009819 0.050422 0.028250
v -0.011717 0.049636 0.026205
v -0.010545 0.050121 0.028094
v -0.011161 0.049866 0.027651
v -0.011573 0.049696 0.026988
v -0.009839 0.050487 0.028250
v -0.011854 0.050086 0.026205
v -0.010610 0.050333 0.028094
v -0.011264 0.050203 0.027651
v -0.011701 0.050116 0.026988
v 0.011854 0.050086 0.008291
v -0.011717 0.051473 0.008291
v 0.007283 0.049636 0.008291
v -0.007504 0.049221 0.008291
v -0.011496 0.051888 0.008291
v 0.011900 0.050554 0.008291
v 0.011717 0.051473 0.008291
v -0.007803 0.048857 0.008291
v -0.011197 0.052251 0.008291
v 0.007504 0.049221 0.008291
v -0.010833 0.052550 0.008291
v 0.011496 0.051888 0.008291
v -0.008167 0.048559 0.008291
v 0.007803 0.048857 0.008291
v -0.010418 0.052771 0.008291
v 0.011197 0.052251 0.008291
v -0.008582 0.048337 0.008291
v 0.008167 0.048559 0.008291
v -0.009032 0.048200 0.008291
v -0.009968 0.052908 0.008291
v 0.010833 0.052550 0.008291
v 0.008582 0.048337 0.008291
v -0.009500 0.052954 0.008291
v -0.009500 0.048154 0.008291
v 0.010418 0.052771 0.008291
v 0.009032 0.048200 0.008291
v -0.009032 0.052908 0.008291
v -0.009968 0.048200 0.008291
v 0.009968 0.052908 0.008291
v 0.009500 0.048154 0.008291
v -0.008582 0.052771 0.008291
v -0.010418 0.048337 0.008291
v 0.009500 0.052954 0.008291
v -0.008167 0.052550 0.008291
v 0.009968 0.048200 0.008291
v -0.010833 0.048559 0.008291
v 0.009032 0.052908 0.008291
v -0.007803 0.052251 0.008291
v -0.011197 0.048857 0.008291
v 0.010418 0.048337 0.008291
v -0.007504 0.051888 0.008291
v 0.008582 0.052771 0.008291
v -0.011496 0.049221 0.008291
v 0.010833 0.048559 0.008291
v -0.007283 0.051473 0.008291
v -0.011717 0.049636 0.008291
v 0.008167 0.052550 0.008291
v 0.011197 0.048857 0.008291
v -0.007146 0.051022 0.008291
v -0.011854 0.050086 0.008291
v 0.007803 0.052251 0.008291
v 0.011496 0.049221 0.008291
v -0.011854 0.051022 0.008291
v -0.007100 0.050554 0.008291
v 0.007504 0.051888 0.008291
v 0.011717 0.049636 0.008291
v -0.011900 0.050554 0.008291
v -0.007146 0.050086 0.008291
v 0.007283 0.051473 0.008291
v -0.007283 0.049636 0.008291
v 0.011854 0.051022 0.008291
v 0.007146 0.051022 0.008291
v 0.007100 0.050554 0.008291
v 0.007146 0.050086 0.008291
v -0.003101 0.057546 -0.007953
v -0.003001 0.057546 -0.008053
v -0.003001 0.057446 -0.007953
v -0.003101 0.063301 -0.007953
v -0.003001 0.063401 -0.007953
v -0.003001 0.063301 -0.008053
v 0.003001 0.063401 -0.007953
v 0.003101 0.063301 -0.007953
v 0.003001 0.063301 -0.008053
v 0.003101 0.057546 -0.007953
v 0.003001 0.057446 -0.007953
v 0.003001 0.057546 -0.008053
v 0.012325 0.049992 0.009250
v -0.012161 0.051656 0.009250
v 0.006839 0.049452 0.009250
v -0.007105 0.048954 0.009250
v -0.011895 0.052154 0.009250
v 0.012380 0.050554 0.009250
v 0.012161 0.051656 0.009250
v -0.007464 0.048518 0.009250
v -0.011536 0.052591 0.009250
v 0.007105 0.048954 0.009250
v -0.011100 0.052949 0.009250
v 0.011895 0.052154 0.009250
v -0.007900 0.048160 0.009250
v 0.007464 0.048518 0.009250
v -0.010602 0.053215 0.009250
v 0.011536 0.052591 0.009250
v -0.008398 0.047893 0.009250
v 0.007900 0.048160 0.009250
v -0.008938 0.047729 0.009250
v -0.010062 0.053379 0.009250
v 0.011100 0.052949 0.009250
v 0.008398 0.047893 0.009250
v -0.009500 0.053434 0.009250
v -0.009500 0.047674 0.009250
v 0.010602 0.053215 0.009250
v 0.008938 0.047729 0.009250
v -0.008938 0.053379 0.009250
v -0.010062 0.047729 0.009250
v 0.010062 0.053379 0.009250
v 0.009500 0.047674 0.009250
v -0.008398 0.053215 0.009250
v -0.010602 0.047893 0.009250
v 0.009500 0.053434 0.009250
v -0.007900 0.052949 0.009250
v 0.010062 0.047729 0.009250
v -0.011100 0.048160 0.009250
v 0.008938 0.053379 0.009250
v -0.007464 0.052591 0.009250
v -0.011536 0.048518 0.009250
v 0.010602 0.047893 0.009250
v -0.007105 0.052154 0.009250
v 0.008398 0.053215 0.009250
v -0.011895 0.048954 0.009250
v 0.011100 0.048160 0.009250
v -0.006839 0.051656 0.009250
v -0.012161 0.049452 0.009250
v 0.007900 0.052949 0.009250
v 0.011536 0.048518 0.009250
v -0.006675 0.051116 0.009250
v -0.012325 0.049992 0.009250
v 0.007464 0.052591 0.009250
v 0.011895 0.048954 0.009250
v -0.012325 0.051116 0.009250
v -0.006620 0.050554 0.009250
v 0.007105 0.052154 0.009250
v 0.012161 0.049452 0.009250
v -0.012380 0.050554 0.009250
v -0.006675 0.049992 0.009250
v 0.006839 0.051656 0.009250
v -0.006839 0.049452 0.009250
v 0.012325 0.051116 0.009250
v 0.006675 0.051116 0.009250
v 0.006620 0.050554 0.009250
v 0.006675 0.049992 0.009250
v -0.009125 0.066359 -0.009505
v -0.006984 0.067415 -0.009505
v -0.004723 0.068182 -0.009505
v 0.004723 0.068182 -0.009505
v 0.006984 0.067415 -0.009505
v 0.009125 0.066359 -0.009505
v 0.008674 0.066360 -0.015531
v -0.006984 0.067415 -0.013914
v -0.006338 0.067709 -0.013365
v 0.006984 0.067415 -0.013914
v -0.004723 0.068182 -0.011803
v -0.008858 0.066386 -0.015499
v -0.003533 0.068523 -0.010680
v -0.002429 0.068639 -0.009505
v -0.002382 0.068648 -0.009410
v 0.002382 0.068648 -0.009410
v 0.003533 0.068523 -0.010680
v 0.002429 0.068639 -0.009505
v 0.004723 0.068182 -0.011803
v 0.006338 0.067709 -0.013365
v 0.011252 0.036045 -0.009505
v 0.011277 0.036423 -0.009587
v 0.011400 0.036330 -0.009353
v 0.009201 0.034620 -0.009505
v 0.009125 0.034749 -0.009354
v 0.007042 0.033554 -0.009505
v 0.006984 0.033693 -0.009354
v 0.004762 0.032781 -0.009505
v 0.004723 0.032926 -0.009354
v 0.002402 0.032311 -0.009505
v 0.002382 0.032460 -0.009354
v 0.000000 0.032154 -0.009505
v 0.000000 0.032304 -0.009354
v -0.002402 0.032311 -0.009505
v -0.002382 0.032460 -0.009354
v -0.004762 0.032781 -0.009505
v -0.004723 0.032926 -0.009354
v -0.007041 0.033554 -0.009505
v -0.006984 0.033693 -0.009354
v -0.009201 0.034620 -0.009505
v -0.009125 0.034749 -0.009354
v -0.011252 0.036045 -0.009505
v -0.011400 0.036330 -0.009353
v -0.011282 0.036423 -0.009584
v -0.010856 0.065029 -0.009864
v -0.010858 0.065201 -0.009683
v 0.010856 0.065029 -0.009864
v 0.010858 0.065201 -0.009683
v 0.006901 0.021731 -0.009655
v 0.006737 0.021758 -0.009505
v 0.006666 0.021608 -0.009655
v 0.006901 0.021731 -0.021915
v 0.006666 0.021608 -0.021915
v 0.006737 0.021758 -0.022065
v 0.005868 0.021608 -0.021915
v 0.005868 0.021758 -0.022065
v 0.005868 0.021608 -0.009655
v 0.005868 0.021758 -0.009505
v -0.006737 0.021758 -0.022065
v -0.006666 0.021608 -0.021915
v -0.006901 0.021731 -0.021915
v -0.006901 0.021731 -0.009655
v -0.006666 0.021608 -0.009655
v -0.006737 0.021758 -0.009505
v -0.010117 0.026604 -0.016897
v -0.010068 0.026347 -0.017020
v 0.015850 0.048303 -0.008773
v -0.017996 0.052788 -0.008774
v 0.016000 0.059284 -0.008623
v 0.015850 0.059249 -0.008773
v 0.009578 0.065894 -0.016078
v 0.009395 0.066098 -0.016050
v -0.010805 0.027611 -0.017594
v -0.010769 0.027369 -0.017730
v 0.009075 0.066311 -0.015264
v 0.009208 0.066142 -0.015170
v -0.015805 0.059679 -0.008623
v -0.015675 0.059604 -0.008772
v 0.009227 0.066127 -0.012267
v 0.009214 0.066300 -0.011905
v 0.015850 0.052805 -0.008773
v 0.014479 0.039444 -0.008622
v 0.014323 0.039482 -0.008772
v 0.013534 0.038367 -0.008621
v 0.013545 0.038594 -0.008771
v 0.016000 0.041825 -0.008623
v 0.015850 0.041860 -0.008773
v 0.015805 0.041429 -0.008623
v 0.015675 0.041504 -0.008772
v -0.014479 0.061664 -0.008622
v -0.014249 0.061738 -0.008771
v 0.014479 0.061664 -0.008622
v 0.014249 0.061738 -0.008771
v 0.013525 0.062751 -0.008621
v 0.013545 0.062542 -0.008771
v 0.017996 0.048321 -0.008774
v -0.013525 0.062751 -0.008621
v -0.013545 0.062542 -0.008771
v 0.017996 0.052787 -0.008774
v -0.016000 0.041825 -0.008623
v -0.015850 0.041860 -0.008773
v -0.012585 0.063739 -0.008801
v -0.012585 0.063557 -0.008955
v -0.015850 0.048303 -0.008773
v 0.010769 0.027369 -0.017730
v 0.010805 0.027611 -0.017594
v 0.010068 0.026347 -0.017020
v 0.010117 0.026604 -0.016897
v 0.010040 0.065748 -0.010490
v 0.010158 0.065500 -0.010553
v 0.009436 0.066151 -0.011381
v 0.009608 0.065870 -0.011364
v 0.015805 0.059679 -0.008623
v 0.015675 0.059604 -0.008772
v -0.011600 0.064640 -0.009212
v -0.011673 0.064361 -0.009326
v 0.008899 0.066483 -0.013425
v 0.009030 0.066244 -0.013227
v 0.008893 0.066483 -0.014220
v 0.009024 0.066248 -0.014208
v 0.009132 0.024983 -0.015239
v 0.009208 0.025272 -0.015170
v 0.009515 0.025541 -0.016180
v 0.009578 0.025813 -0.016078
v -0.009080 0.066317 -0.015277
v -0.009208 0.066142 -0.015170
v 0.012902 0.037859 -0.008894
v 0.012905 0.037649 -0.008742
v 0.008945 0.024711 -0.013200
v 0.009030 0.025010 -0.013227
v 0.012585 0.063557 -0.008955
v 0.012585 0.063739 -0.008801
v -0.008899 0.066483 -0.013425
v -0.009030 0.066244 -0.013227
v 0.008938 0.024701 -0.014231
v 0.009024 0.025001 -0.014208
v -0.009227 0.066127 -0.012267
v -0.009214 0.066300 -0.011905
v -0.008893 0.066483 -0.014216
v -0.009024 0.066248 -0.014208
v 0.009546 0.025587 -0.011260
v 0.009608 0.025859 -0.011364
v 0.010820 0.027443 -0.009728
v 0.010856 0.027685 -0.009864
v 0.011600 0.064640 -0.009212
v 0.011673 0.064361 -0.009326
v 0.010931 0.027605 -0.009655
v 0.011277 0.028301 -0.009587
v 0.011252 0.028338 -0.009505
v 0.009152 0.025012 -0.012195
v 0.009227 0.025300 -0.012267
v 0.010110 0.026408 -0.010429
v 0.010158 0.026665 -0.010553
v -0.015675 0.041504 -0.008772
v -0.015805 0.041429 -0.008623
v -0.017996 0.048321 -0.008774
v -0.016000 0.059284 -0.008623
v -0.015850 0.059249 -0.008773
v -0.015850 0.052805 -0.008773
v -0.009578 0.065894 -0.016078
v -0.009389 0.066109 -0.016040
v -0.014479 0.039444 -0.008622
v -0.014323 0.039482 -0.008772
v -0.013534 0.038367 -0.008621
v -0.013545 0.038594 -0.008771
v -0.009436 0.066151 -0.011381
v -0.009608 0.065870 -0.011364
v -0.010040 0.065748 -0.010490
v -0.010158 0.065500 -0.010553
v -0.012905 0.037649 -0.008742
v -0.012902 0.037859 -0.008894
v -0.010931 0.027605 -0.009655
v -0.011252 0.028338 -0.009505
v -0.011277 0.028301 -0.009587
v -0.010856 0.027686 -0.009864
v -0.010820 0.027443 -0.009728
v -0.010110 0.026408 -0.010429
v -0.010158 0.026665 -0.010553
v -0.009546 0.025587 -0.011260
v -0.009608 0.025859 -0.011364
v -0.009227 0.025300 -0.012267
v -0.009152 0.025012 -0.012195
v -0.008945 0.024711 -0.013200
v -0.009030 0.025010 -0.013227
v -0.008938 0.024701 -0.014231
v -0.009024 0.025001 -0.014208
v -0.009208 0.025272 -0.015170
v -0.009132 0.024983 -0.015239
v -0.009515 0.025541 -0.016180
v -0.009578 0.025813 -0.016078
v 0.011500 0.028584 -0.021915
v 0.011415 0.028311 -0.021915
v 0.011346 0.028475 -0.022065
v 0.011500 0.028584 -0.018215
v 0.011376 0.028444 -0.017981
v 0.011415 0.028311 -0.018168
v -0.011346 0.028475 -0.022065
v -0.011415 0.028311 -0.021915
v -0.011500 0.028584 -0.021915
v -0.011500 0.028584 -0.018215
v -0.011415 0.028311 -0.018168
v -0.011376 0.028444 -0.017981
v 0.010019 0.065443 -0.016988
v 0.010117 0.065355 -0.016897
v 0.010559 0.065006 -0.017545
v 0.010805 0.064781 -0.017594
v -0.010028 0.065444 -0.016996
v -0.010117 0.065355 -0.016897
v -0.010805 0.064781 -0.017594
v -0.010559 0.065006 -0.017545
v 0.011376 0.064445 -0.017981
v 0.011500 0.064117 -0.018215
v 0.011341 0.064537 -0.018065
v 0.011500 0.057250 -0.021776
v 0.011345 0.057279 -0.021924
v 0.011500 0.055843 -0.021915
v 0.011346 0.055851 -0.022065
v 0.011500 0.062354 -0.019662
v 0.011343 0.062438 -0.019787
v 0.011500 0.059906 -0.020971
v 0.011344 0.059964 -0.021110
v -0.011500 0.057250 -0.021776
v -0.011345 0.057279 -0.021924
v -0.011500 0.055843 -0.021915
v -0.011346 0.055851 -0.022065
v -0.011500 0.062354 -0.019662
v -0.011343 0.062438 -0.019787
v -0.011500 0.059906 -0.020971
v -0.011344 0.059964 -0.021110
v -0.011376 0.064445 -0.017981
v -0.011341 0.064537 -0.018065
v -0.011500 0.064117 -0.018215
v 0.006021 0.021608 -0.016577
v 0.005927 0.021516 -0.016565
v -0.003697 0.021608 -0.010967
v -0.003639 0.021516 -0.011042
v 0.004818 0.021608 -0.012088
v 0.004743 0.021516 -0.012146
v 0.006073 0.021608 -0.015785
v 0.005978 0.021516 -0.015785
v 0.004294 0.021608 -0.011491
v 0.004227 0.021516 -0.011558
v -0.004294 0.021608 -0.011491
v -0.004227 0.021516 -0.011558
v 0.005866 0.021608 -0.017356
v 0.005774 0.021516 -0.017332
v -0.001572 0.021608 -0.021650
v -0.001547 0.021516 -0.021559
v 0.005259 0.021608 -0.012748
v 0.005177 0.021516 -0.012796
v -0.003036 0.021608 -0.010526
v -0.002989 0.021516 -0.010608
v 0.005958 0.021608 -0.016894
v 0.005865 0.021516 -0.016876
v 0.005610 0.021608 -0.018109
v 0.005523 0.021516 -0.018072
v -0.000793 0.021608 -0.021805
v -0.000780 0.021516 -0.021712
v 0.005610 0.021608 -0.013461
v 0.005523 0.021516 -0.013497
v -0.002324 0.021608 -0.021395
v -0.002288 0.021516 -0.021308
v -0.002324 0.021608 -0.010174
v -0.002288 0.021516 -0.010262
v 0.005259 0.021608 -0.018821
v 0.005177 0.021516 -0.018774
v 0.005866 0.021608 -0.014213
v 0.005774 0.021516 -0.014238
v 0.004818 0.021608 -0.019481
v 0.004743 0.021516 -0.019424
v -0.001572 0.021608 -0.009919
v -0.001547 0.021516 -0.010010
v 0.005958 0.021608 -0.014675
v 0.005865 0.021516 -0.014694
v 0.006021 0.021608 -0.014992
v 0.005927 0.021516 -0.015004
v -0.003036 0.021608 -0.021044
v -0.002989 0.021516 -0.020962
v -0.003697 0.021608 -0.020602
v -0.003639 0.021516 -0.020527
v -0.000793 0.021608 -0.009764
v -0.000780 0.021516 -0.009858
v 0.004294 0.021608 -0.020079
v 0.004227 0.021516 -0.020012
v -0.004294 0.021608 -0.020079
v -0.004227 0.021516 -0.020012
v 0.003697 0.021608 -0.020602
v 0.003639 0.021516 -0.020527
v -0.006021 0.021608 -0.016577
v -0.005927 0.021516 -0.016565
v -0.006021 0.021608 -0.014992
v -0.005927 0.021516 -0.015004
v -0.006073 0.021608 -0.015785
v -0.005978 0.021516 -0.015785
v 0.003036 0.021608 -0.021044
v 0.002989 0.021516 -0.020962
v -0.004818 0.021608 -0.019481
v -0.004743 0.021516 -0.019424
v -0.000000 0.021608 -0.009712
v -0.000000 0.021516 -0.009807
v -0.005259 0.021608 -0.018821
v -0.005177 0.021516 -0.018774
v -0.005610 0.021608 -0.018109
v -0.005523 0.021516 -0.018072
v 0.002324 0.021608 -0.021395
v 0.002288 0.021516 -0.021308
v 0.001572 0.021608 -0.021650
v 0.001547 0.021516 -0.021559
v -0.005866 0.021608 -0.017356
v -0.005774 0.021516 -0.017332
v -0.005610 0.021608 -0.013461
v -0.005523 0.021516 -0.013497
v -0.005259 0.021608 -0.012748
v -0.005177 0.021516 -0.012796
v -0.005866 0.021608 -0.014213
v -0.005774 0.021516 -0.014238
v 0.000793 0.021608 -0.021805
v 0.000780 0.021516 -0.021712
v 0.000793 0.021608 -0.009764
v 0.000780 0.021516 -0.009858
v -0.000000 0.021608 -0.021857
v -0.000000 0.021516 -0.021763
v -0.004818 0.021608 -0.012088
v -0.004743 0.021516 -0.012146
v 0.001572 0.021608 -0.009919
v 0.001547 0.021516 -0.010010
v 0.002324 0.021608 -0.010174
v 0.002288 0.021516 -0.010262
v 0.003036 0.021608 -0.010526
v 0.002989 0.021516 -0.010608
v 0.003697 0.021608 -0.010967
v 0.003639 0.021516 -0.011042
v -0.005464 0.016320 -0.017249
v -0.005604 0.016170 -0.017286
v -0.005656 0.017801 -0.017300
v -0.005506 0.017651 -0.017260
v -0.005802 0.016170 -0.015785
v -0.005656 0.016320 -0.015785
v -0.005856 0.017801 -0.015785
v -0.005700 0.017651 -0.015785
v -0.005752 0.016170 -0.016542
v -0.005608 0.016320 -0.016523
v -0.005805 0.017801 -0.016549
v -0.005652 0.017651 -0.016529
v -0.005752 0.016170 -0.015027
v -0.005608 0.016320 -0.015046
v -0.005805 0.017801 -0.015020
v -0.005652 0.017651 -0.015041
v -0.005604 0.016170 -0.014283
v -0.005464 0.016320 -0.014321
v -0.005656 0.017801 -0.014269
v -0.005506 0.017651 -0.014309
v -0.000460 0.016872 -0.010140
v -0.000310 0.016853 -0.009981
v -0.000310 0.016853 -0.021589
v -0.000460 0.016872 -0.021429
v -0.000460 0.017100 -0.021437
v -0.000310 0.017118 -0.021597
v -0.000310 0.017118 -0.009972
v -0.000460 0.017100 -0.010133
v -0.005360 0.016170 -0.013564
v -0.005226 0.016320 -0.013620
v -0.005410 0.017801 -0.013544
v -0.005266 0.017651 -0.013603
v -0.005025 0.016170 -0.012884
v -0.004899 0.016320 -0.012957
v -0.004937 0.017651 -0.012935
v -0.005071 0.017801 -0.012857
v -0.000955 0.017801 -0.021552
v -0.000975 0.017651 -0.021391
v -0.004141 0.017801 -0.011644
v -0.004031 0.017651 -0.011754
v -0.004646 0.017801 -0.012220
v -0.004522 0.017651 -0.012315
v -0.002928 0.017801 -0.010714
v -0.002850 0.017651 -0.010848
v -0.001516 0.017801 -0.010129
v -0.001474 0.017651 -0.010278
v -0.000975 0.017651 -0.010179
v -0.000955 0.017801 -0.010017
v -0.003565 0.017801 -0.011139
v -0.003470 0.017651 -0.011262
v -0.002241 0.017801 -0.010375
v -0.002181 0.017651 -0.010518
v -0.004603 0.016170 -0.012253
v -0.004488 0.016320 -0.012341
v -0.004103 0.016170 -0.011682
v -0.004000 0.016320 -0.011785
v -0.001516 0.017801 -0.021441
v -0.001474 0.017651 -0.021291
v -0.002241 0.017801 -0.021195
v -0.002181 0.017651 -0.021051
v -0.002928 0.017801 -0.020856
v -0.002850 0.017651 -0.020721
v -0.003565 0.017801 -0.020430
v -0.003470 0.017651 -0.020307
v -0.005071 0.017801 -0.018713
v -0.004937 0.017651 -0.018635
v -0.004646 0.017801 -0.019349
v -0.004522 0.017651 -0.019255
v -0.004141 0.017801 -0.019925
v -0.004031 0.017651 -0.019815
v -0.005410 0.017801 -0.018026
v -0.005266 0.017651 -0.017966
v -0.003532 0.016170 -0.011182
v -0.003443 0.016320 -0.011297
v -0.000954 0.016170 -0.021498
v -0.000975 0.016320 -0.021346
v -0.000975 0.016320 -0.010224
v -0.000954 0.016170 -0.010072
v -0.000758 0.016227 -0.010031
v -0.000738 0.016388 -0.010174
v -0.000636 0.016261 -0.010022
v -0.000717 0.016394 -0.010173
v -0.000717 0.017577 -0.010134
v -0.000636 0.017710 -0.009974
v -0.000764 0.017746 -0.009981
v -0.000744 0.017585 -0.010135
v -0.000393 0.016522 -0.009997
v -0.000529 0.016596 -0.010154
v -0.000758 0.016227 -0.021539
v -0.000738 0.016388 -0.021395
v -0.000717 0.016394 -0.021397
v -0.000636 0.016261 -0.021548
v -0.002901 0.016170 -0.010760
v -0.002828 0.016320 -0.010886
v -0.000529 0.017375 -0.010128
v -0.000393 0.017449 -0.009967
v -0.000529 0.016596 -0.021416
v -0.000393 0.016522 -0.021572
v -0.002220 0.016170 -0.010425
v -0.002165 0.016320 -0.010559
v -0.000764 0.017746 -0.021588
v -0.000744 0.017585 -0.021434
v -0.001502 0.016170 -0.010181
v -0.001464 0.016320 -0.010321
v -0.000636 0.017710 -0.021596
v -0.000717 0.017577 -0.021436
v -0.000393 0.017449 -0.021603
v -0.000529 0.017375 -0.021441
v -0.001502 0.016170 -0.021389
v -0.001464 0.016320 -0.021248
v -0.002901 0.016170 -0.020809
v -0.002828 0.016320 -0.020683
v -0.002220 0.016170 -0.021145
v -0.002165 0.016320 -0.021011
v -0.004103 0.016170 -0.019887
v -0.004000 0.016320 -0.019784
v -0.004603 0.016170 -0.019317
v -0.004488 0.016320 -0.019228
v -0.003532 0.016170 -0.020388
v -0.003443 0.016320 -0.020272
v -0.005025 0.016170 -0.018686
v -0.004899 0.016320 -0.018613
v -0.005360 0.016170 -0.018005
v -0.005226 0.016320 -0.017949
v -0.000460 0.017100 -0.020247
v -0.000609 0.017081 -0.020086
v -0.000460 0.017100 -0.011322
v -0.000609 0.017081 -0.011483
v -0.004492 0.016320 -0.015785
v -0.004342 0.016470 -0.015785
v -0.004492 0.017651 -0.015785
v -0.004342 0.017501 -0.015785
v -0.004453 0.016320 -0.016371
v -0.004304 0.016470 -0.016351
v -0.004453 0.017651 -0.016371
v -0.004304 0.017501 -0.016351
v -0.004339 0.016320 -0.016947
v -0.004194 0.016470 -0.016908
v -0.004339 0.017651 -0.016947
v -0.004194 0.017501 -0.016908
v -0.004150 0.016320 -0.017504
v -0.004011 0.016470 -0.017446
v -0.004150 0.017651 -0.017504
v -0.004011 0.017501 -0.017446
v -0.001171 0.017651 -0.020121
v -0.001124 0.017501 -0.019978
v -0.000975 0.017651 -0.020160
v -0.000995 0.017501 -0.020004
v -0.002246 0.017651 -0.019675
v -0.002171 0.017501 -0.019545
v -0.002734 0.017651 -0.019348
v -0.002643 0.017501 -0.019229
v -0.001719 0.017651 -0.019935
v -0.001661 0.017501 -0.019796
v -0.003564 0.017651 -0.018519
v -0.003444 0.017501 -0.018428
v -0.003176 0.017651 -0.018961
v -0.003070 0.017501 -0.018855
v -0.003890 0.017651 -0.018031
v -0.003760 0.017501 -0.017956
v -0.004339 0.017651 -0.014622
v -0.004194 0.017501 -0.014661
v -0.004453 0.017651 -0.015198
v -0.004304 0.017501 -0.015218
v -0.002734 0.017651 -0.012221
v -0.002643 0.017501 -0.012340
v -0.001719 0.017651 -0.011635
v -0.001661 0.017501 -0.011774
v -0.000975 0.017651 -0.011410
v -0.000995 0.017501 -0.011566
v -0.001171 0.017651 -0.011449
v -0.001124 0.017501 -0.011591
v -0.002246 0.017651 -0.011895
v -0.002171 0.017501 -0.012025
v -0.003890 0.016320 -0.018031
v -0.003760 0.016470 -0.017956
v -0.003890 0.017651 -0.013539
v -0.003760 0.017501 -0.013614
v -0.004150 0.017651 -0.014066
v -0.004011 0.017501 -0.014123
v -0.003564 0.017651 -0.013050
v -0.003444 0.017501 -0.013142
v -0.003176 0.017651 -0.012608
v -0.003070 0.017501 -0.012715
v -0.000795 0.016527 -0.020038
v -0.000717 0.016394 -0.020211
v -0.000717 0.016394 -0.011359
v -0.000795 0.016527 -0.011531
v -0.000995 0.016470 -0.011566
v -0.000975 0.016320 -0.011410
v -0.000995 0.016470 -0.020004
v -0.000975 0.016320 -0.020160
v -0.003564 0.016320 -0.018519
v -0.003444 0.016470 -0.018428
v -0.000529 0.016596 -0.020243
v -0.000661 0.016671 -0.020061
v -0.000661 0.016671 -0.011508
v -0.000529 0.016596 -0.011326
v -0.003176 0.016320 -0.018961
v -0.003070 0.016470 -0.018855
v -0.000460 0.016872 -0.020247
v -0.000609 0.016890 -0.020086
v -0.000609 0.016890 -0.011483
v -0.000460 0.016872 -0.011322
v -0.000717 0.017577 -0.020211
v -0.000795 0.017444 -0.020038
v -0.000717 0.017577 -0.011359
v -0.000795 0.017444 -0.011531
v -0.002734 0.016320 -0.019348
v -0.002643 0.016470 -0.019229
v -0.000529 0.017375 -0.020243
v -0.000661 0.017301 -0.020061
v -0.000529 0.017375 -0.011326
v -0.000661 0.017301 -0.011508
v -0.002246 0.016320 -0.019675
v -0.002171 0.016470 -0.019545
v -0.001719 0.016320 -0.019935
v -0.001661 0.016470 -0.019796
v -0.001171 0.016320 -0.020121
v -0.001124 0.016470 -0.019978
v -0.004339 0.016320 -0.014622
v -0.004194 0.016470 -0.014661
v -0.004453 0.016320 -0.015198
v -0.004304 0.016470 -0.015218
v -0.002246 0.016320 -0.011895
v -0.002171 0.016470 -0.012025
v -0.002734 0.016320 -0.012221
v -0.002643 0.016470 -0.012340
v -0.001171 0.016320 -0.011449
v -0.001124 0.016470 -0.011591
v -0.001719 0.016320 -0.011635
v -0.001661 0.016470 -0.011774
v -0.004150 0.016320 -0.014066
v -0.004011 0.016470 -0.014123
v -0.003890 0.016320 -0.013539
v -0.003760 0.016470 -0.013614
v -0.003564 0.016320 -0.013050
v -0.003444 0.016470 -0.013142
v -0.003176 0.016320 -0.012608
v -0.003070 0.016470 -0.012715
v 0.000460 0.014229 -0.021342
v 0.000310 0.014210 -0.021502
v 0.000310 0.014210 -0.010068
v 0.000460 0.014229 -0.010227
v 0.002187 0.013527 -0.021065
v 0.002131 0.013677 -0.020930
v 0.000310 0.014475 -0.021510
v 0.000460 0.014457 -0.021350
v 0.000460 0.014457 -0.010220
v 0.000310 0.014475 -0.010059
v 0.002208 0.015158 -0.021114
v 0.002148 0.015008 -0.020971
v 0.000975 0.015008 -0.021302
v 0.000955 0.015158 -0.021464
v 0.001493 0.015158 -0.021357
v 0.001451 0.015008 -0.021207
v 0.002884 0.015158 -0.020780
v 0.002807 0.015008 -0.020646
v 0.004079 0.015158 -0.019864
v 0.003969 0.015008 -0.019754
v 0.000955 0.015158 -0.010106
v 0.000975 0.015008 -0.010268
v 0.004576 0.015158 -0.019296
v 0.004453 0.015008 -0.019202
v 0.003512 0.015158 -0.020361
v 0.003417 0.015008 -0.020238
v 0.000746 0.013587 -0.021453
v 0.000726 0.013749 -0.021309
v 0.000975 0.013677 -0.021257
v 0.000954 0.013527 -0.021409
v 0.000733 0.014939 -0.021348
v 0.000753 0.015100 -0.021502
v 0.004996 0.015158 -0.018669
v 0.004861 0.015008 -0.018591
v 0.005572 0.015158 -0.017278
v 0.005422 0.015008 -0.017238
v 0.005329 0.015158 -0.017992
v 0.005186 0.015008 -0.017933
v 0.005769 0.015158 -0.015785
v 0.005613 0.015008 -0.015785
v 0.005572 0.015158 -0.014292
v 0.005422 0.015008 -0.014332
v 0.005719 0.015158 -0.015032
v 0.005565 0.015008 -0.015052
v 0.001479 0.013527 -0.021305
v 0.001442 0.013677 -0.021164
v 0.005719 0.015158 -0.016538
v 0.005565 0.015008 -0.016517
v 0.004996 0.015158 -0.012900
v 0.004861 0.015008 -0.012978
v 0.004079 0.015158 -0.011706
v 0.003969 0.015008 -0.011816
v 0.004576 0.015158 -0.012273
v 0.004453 0.015008 -0.012368
v 0.002884 0.015158 -0.010789
v 0.002807 0.015008 -0.010924
v 0.001451 0.015008 -0.010362
v 0.001493 0.015158 -0.010213
v 0.002208 0.015158 -0.010455
v 0.002148 0.015008 -0.010599
v 0.003512 0.015158 -0.011208
v 0.003417 0.015008 -0.011331
v 0.005329 0.015158 -0.013577
v 0.005186 0.015008 -0.013637
v 0.000954 0.013527 -0.010160
v 0.000975 0.013677 -0.010312
v 0.000636 0.013619 -0.021461
v 0.000717 0.013751 -0.021310
v 0.000746 0.013587 -0.010117
v 0.000726 0.013749 -0.010261
v 0.000717 0.013751 -0.010260
v 0.000636 0.013619 -0.010109
v 0.000393 0.013879 -0.021485
v 0.000529 0.013953 -0.021329
v 0.000529 0.013953 -0.010241
v 0.000393 0.013879 -0.010084
v 0.005666 0.013527 -0.016531
v 0.005522 0.013677 -0.016512
v 0.005569 0.013677 -0.015785
v 0.005715 0.013527 -0.015785
v 0.000753 0.015100 -0.010067
v 0.000733 0.014939 -0.010222
v 0.000717 0.014934 -0.021349
v 0.000636 0.015067 -0.021509
v 0.000636 0.015067 -0.010061
v 0.000717 0.014934 -0.010221
v 0.005520 0.013527 -0.017264
v 0.005380 0.013677 -0.017226
v 0.000529 0.014733 -0.021354
v 0.000393 0.014806 -0.021516
v 0.000393 0.014806 -0.010054
v 0.000529 0.014733 -0.010215
v 0.005280 0.013527 -0.017972
v 0.005145 0.013677 -0.017916
v 0.004041 0.013527 -0.011744
v 0.003938 0.013677 -0.011847
v 0.004534 0.013527 -0.012306
v 0.004418 0.013677 -0.012394
v 0.002857 0.013527 -0.010836
v 0.002785 0.013677 -0.010962
v 0.001479 0.013527 -0.010265
v 0.001442 0.013677 -0.010405
v 0.002187 0.013527 -0.010505
v 0.002131 0.013677 -0.010639
v 0.003479 0.013527 -0.011251
v 0.003390 0.013677 -0.011366
v 0.004949 0.013527 -0.018642
v 0.004823 0.013677 -0.018569
v 0.004534 0.013527 -0.019264
v 0.004418 0.013677 -0.019175
v 0.002857 0.013527 -0.020734
v 0.002785 0.013677 -0.020608
v 0.003479 0.013527 -0.020319
v 0.003390 0.013677 -0.020203
v 0.004041 0.013527 -0.019826
v 0.003938 0.013677 -0.019723
v 0.005520 0.013527 -0.014306
v 0.005380 0.013677 -0.014343
v 0.004949 0.013527 -0.012927
v 0.004823 0.013677 -0.013000
v 0.005280 0.013527 -0.013598
v 0.005145 0.013677 -0.013653
v 0.005666 0.013527 -0.015039
v 0.005522 0.013677 -0.015058
v 0.000975 0.015008 -0.020160
v 0.000995 0.014858 -0.020004
v 0.000975 0.015008 -0.011410
v 0.000995 0.014858 -0.011566
v 0.004492 0.013677 -0.015785
v 0.004342 0.013827 -0.015785
v 0.004492 0.015008 -0.015785
v 0.004342 0.014858 -0.015785
v 0.000795 0.014801 -0.020038
v 0.000717 0.014934 -0.020211
v 0.000717 0.014934 -0.011359
v 0.000795 0.014801 -0.011531
v 0.004339 0.013677 -0.016947
v 0.004194 0.013827 -0.016908
v 0.004339 0.015008 -0.016947
v 0.004194 0.014858 -0.016908
v 0.004454 0.013677 -0.015198
v 0.004304 0.013827 -0.015218
v 0.004454 0.015008 -0.015198
v 0.004304 0.014858 -0.015218
v 0.000529 0.014733 -0.020243
v 0.000661 0.014658 -0.020061
v 0.004454 0.013677 -0.016371
v 0.004304 0.013827 -0.016351
v 0.000529 0.014733 -0.011326
v 0.000661 0.014658 -0.011508
v 0.004454 0.015008 -0.016371
v 0.004304 0.014858 -0.016351
v 0.000460 0.014457 -0.011322
v 0.000609 0.014438 -0.011483
v 0.000609 0.014438 -0.020086
v 0.000460 0.014457 -0.020247
v 0.004339 0.013677 -0.014622
v 0.004194 0.013827 -0.014661
v 0.004339 0.015008 -0.014622
v 0.004194 0.014858 -0.014661
v 0.004150 0.013677 -0.014066
v 0.004011 0.013827 -0.014123
v 0.004150 0.015008 -0.014066
v 0.004011 0.014858 -0.014123
v 0.000460 0.014229 -0.020247
v 0.000609 0.014248 -0.020086
v 0.000460 0.014229 -0.011322
v 0.000609 0.014248 -0.011483
v 0.003890 0.013677 -0.013539
v 0.003760 0.013827 -0.013614
v 0.003890 0.015008 -0.013539
v 0.003760 0.014858 -0.013614
v 0.001171 0.013677 -0.020121
v 0.001124 0.013827 -0.019978
v 0.000975 0.013677 -0.020160
v 0.000995 0.013827 -0.020004
v 0.002246 0.013677 -0.019675
v 0.002171 0.013827 -0.019545
v 0.001719 0.013677 -0.019935
v 0.001661 0.013827 -0.019796
v 0.002735 0.013677 -0.019348
v 0.002643 0.013827 -0.019229
v 0.003564 0.013677 -0.018519
v 0.003444 0.013827 -0.018428
v 0.003176 0.013677 -0.018961
v 0.003070 0.013827 -0.018855
v 0.004150 0.013677 -0.017504
v 0.004011 0.013827 -0.017446
v 0.003890 0.013677 -0.018031
v 0.003760 0.013827 -0.017956
v 0.002246 0.013677 -0.011895
v 0.002171 0.013827 -0.012025
v 0.001171 0.013677 -0.011449
v 0.001124 0.013827 -0.011591
v 0.000975 0.013677 -0.011410
v 0.000995 0.013827 -0.011566
v 0.001719 0.013677 -0.011635
v 0.001661 0.013827 -0.011774
v 0.003564 0.013677 -0.013050
v 0.003444 0.013827 -0.013142
v 0.003564 0.015008 -0.013050
v 0.003444 0.014858 -0.013142
v 0.002735 0.013677 -0.012221
v 0.002643 0.013827 -0.012340
v 0.003176 0.013677 -0.012608
v 0.003070 0.013827 -0.012715
v 0.001171 0.015008 -0.020121
v 0.001124 0.014858 -0.019978
v 0.001719 0.015008 -0.019935
v 0.001661 0.014858 -0.019796
v 0.002246 0.015008 -0.019675
v 0.002171 0.014858 -0.019545
v 0.002735 0.015008 -0.019348
v 0.002643 0.014858 -0.019229
v 0.003176 0.015008 -0.018961
v 0.003070 0.014858 -0.018855
v 0.003564 0.015008 -0.018519
v 0.003444 0.014858 -0.018428
v 0.003890 0.015008 -0.018031
v 0.003760 0.014858 -0.017956
v 0.004150 0.015008 -0.017504
v 0.004011 0.014858 -0.017446
v 0.002246 0.015008 -0.011895
v 0.002171 0.014858 -0.012025
v 0.002735 0.015008 -0.012221
v 0.002643 0.014858 -0.012340
v 0.001171 0.015008 -0.011449
v 0.001124 0.014858 -0.011591
v 0.001719 0.015008 -0.011635
v 0.001661 0.014858 -0.011774
v 0.003176 0.015008 -0.012608
v 0.003070 0.014858 -0.012715
v 0.000717 0.013751 -0.020211
v 0.000795 0.013884 -0.020038
v 0.000795 0.013884 -0.011531
v 0.000717 0.013751 -0.011359
v 0.000661 0.014028 -0.020061
v 0.000529 0.013953 -0.020243
v 0.000661 0.014028 -0.011508
v 0.000529 0.013953 -0.011326
v -0.000956 0.010858 -0.021319
v -0.000975 0.010996 -0.021179
v -0.000975 0.010996 -0.010390
v -0.000956 0.010858 -0.010250
v -0.005435 0.010858 -0.017241
v -0.005306 0.010996 -0.017206
v -0.005486 0.012465 -0.017255
v -0.005348 0.012327 -0.017218
v -0.000735 0.010922 -0.021366
v -0.000717 0.011070 -0.021233
v -0.000717 0.011070 -0.021233
v -0.000643 0.010948 -0.021372
v -0.000643 0.010948 -0.010197
v -0.000717 0.011070 -0.010336
v -0.000735 0.010922 -0.010204
v -0.000717 0.011070 -0.010336
v -0.005627 0.010858 -0.015785
v -0.005493 0.010996 -0.015785
v -0.005680 0.012465 -0.015785
v -0.005537 0.012327 -0.015785
v -0.000529 0.011272 -0.021252
v -0.000404 0.011204 -0.021396
v -0.000404 0.011204 -0.010173
v -0.000529 0.011272 -0.010317
v -0.005579 0.010858 -0.016519
v -0.005446 0.010996 -0.016502
v -0.005631 0.012465 -0.016526
v -0.005490 0.012327 -0.016507
v -0.000322 0.011531 -0.021413
v -0.000460 0.011548 -0.021266
v -0.000460 0.011548 -0.010304
v -0.000322 0.011531 -0.010157
v -0.005579 0.010858 -0.015050
v -0.005446 0.010996 -0.015068
v -0.005631 0.012465 -0.015043
v -0.005490 0.012327 -0.015062
v -0.000741 0.012403 -0.021414
v -0.000723 0.012255 -0.021272
v -0.000975 0.012327 -0.010345
v -0.000957 0.012465 -0.010196
v -0.000957 0.012465 -0.021373
v -0.000975 0.012327 -0.021224
v -0.000643 0.012375 -0.021419
v -0.000717 0.012253 -0.021272
v -0.000723 0.012255 -0.010297
v -0.000741 0.012403 -0.010156
v -0.000717 0.012253 -0.010297
v -0.000643 0.012375 -0.010150
v -0.005435 0.010858 -0.014328
v -0.005306 0.010996 -0.014363
v -0.005486 0.012465 -0.014315
v -0.005348 0.012327 -0.014352
v -0.000404 0.012119 -0.021427
v -0.000529 0.012051 -0.021278
v -0.000529 0.012051 -0.010291
v -0.000404 0.012119 -0.010143
v -0.005199 0.010858 -0.013631
v -0.005075 0.010996 -0.013683
v -0.005247 0.012465 -0.013611
v -0.005115 0.012327 -0.013666
v -0.000460 0.011776 -0.021274
v -0.000322 0.011792 -0.021421
v -0.000322 0.011792 -0.010148
v -0.000460 0.011776 -0.010296
v -0.004873 0.010858 -0.012971
v -0.004757 0.010996 -0.013038
v -0.004795 0.012327 -0.013016
v -0.004919 0.012465 -0.012945
v -0.001456 0.010858 -0.021220
v -0.001422 0.010996 -0.021091
v -0.002153 0.010858 -0.020983
v -0.002102 0.010996 -0.020860
v -0.002813 0.010858 -0.020658
v -0.002747 0.010996 -0.020542
v -0.003425 0.010858 -0.020249
v -0.003344 0.010996 -0.020143
v -0.004464 0.010858 -0.019210
v -0.004358 0.010996 -0.019129
v -0.003979 0.010858 -0.019764
v -0.003884 0.010996 -0.019669
v -0.004873 0.010858 -0.018598
v -0.004757 0.010996 -0.018531
v -0.004464 0.010858 -0.012359
v -0.004358 0.010996 -0.012441
v -0.004506 0.012465 -0.012327
v -0.004393 0.012327 -0.012414
v -0.004016 0.012465 -0.011769
v -0.003915 0.012327 -0.011870
v -0.003979 0.010858 -0.011806
v -0.003884 0.010996 -0.011901
v -0.005199 0.010858 -0.017938
v -0.005075 0.010996 -0.017887
v -0.002813 0.010858 -0.010912
v -0.002747 0.010996 -0.011028
v -0.001422 0.010996 -0.010479
v -0.001456 0.010858 -0.010350
v -0.002153 0.010858 -0.010586
v -0.002102 0.010996 -0.010710
v -0.003425 0.010858 -0.011321
v -0.003344 0.010996 -0.011427
v -0.003458 0.012465 -0.011279
v -0.003371 0.012327 -0.011392
v -0.002840 0.012465 -0.010866
v -0.002768 0.012327 -0.010990
v -0.002174 0.012465 -0.010537
v -0.002119 0.012327 -0.010669
v -0.001470 0.012465 -0.010299
v -0.001432 0.012327 -0.010436
v -0.001470 0.012465 -0.021271
v -0.001432 0.012327 -0.021134
v -0.002174 0.012465 -0.021032
v -0.002119 0.012327 -0.020900
v -0.002840 0.012465 -0.020704
v -0.002768 0.012327 -0.020580
v -0.003458 0.012465 -0.020291
v -0.003371 0.012327 -0.020177
v -0.004506 0.012465 -0.019242
v -0.004393 0.012327 -0.019155
v -0.004016 0.012465 -0.019801
v -0.003915 0.012327 -0.019700
v -0.004919 0.012465 -0.018625
v -0.004795 0.012327 -0.018553
v -0.005247 0.012465 -0.017958
v -0.005115 0.012327 -0.017904
v -0.004480 0.010996 -0.015785
v -0.004342 0.011134 -0.015785
v -0.004480 0.012327 -0.015785
v -0.004342 0.012189 -0.015785
v -0.004139 0.012327 -0.014070
v -0.004011 0.012189 -0.014123
v -0.003880 0.012327 -0.013545
v -0.003760 0.012189 -0.013614
v -0.003554 0.012327 -0.013058
v -0.003444 0.012189 -0.013142
v -0.002727 0.012327 -0.012231
v -0.002643 0.012189 -0.012340
v -0.003168 0.012327 -0.012617
v -0.003070 0.012189 -0.012715
v -0.004442 0.010996 -0.016369
v -0.004304 0.011134 -0.016351
v -0.004442 0.012327 -0.016369
v -0.004304 0.012189 -0.016351
v -0.000789 0.011193 -0.020040
v -0.000717 0.011070 -0.020199
v -0.000717 0.011070 -0.011371
v -0.000789 0.011193 -0.011529
v -0.000975 0.010996 -0.011422
v -0.000994 0.011134 -0.011565
v -0.000975 0.010996 -0.020147
v -0.000994 0.011134 -0.020004
v -0.004327 0.010996 -0.016944
v -0.004194 0.011134 -0.016908
v -0.004327 0.012327 -0.016944
v -0.004194 0.012189 -0.016908
v -0.000529 0.011272 -0.020231
v -0.000651 0.011341 -0.020063
v -0.000651 0.011341 -0.011506
v -0.000529 0.011272 -0.011339
v -0.004139 0.010996 -0.017499
v -0.004011 0.011134 -0.017446
v -0.004139 0.012327 -0.017499
v -0.004011 0.012189 -0.017446
v -0.000597 0.011565 -0.020087
v -0.000460 0.011548 -0.020235
v -0.000460 0.011548 -0.011334
v -0.000597 0.011565 -0.011482
v -0.000975 0.012327 -0.011422
v -0.000994 0.012189 -0.011565
v -0.000975 0.012327 -0.020147
v -0.000994 0.012189 -0.020004
v -0.000717 0.012253 -0.020199
v -0.000789 0.012131 -0.020040
v -0.000717 0.012253 -0.011371
v -0.000789 0.012131 -0.011529
v -0.003880 0.010996 -0.018025
v -0.003760 0.011134 -0.017956
v -0.003880 0.012327 -0.018025
v -0.003760 0.012189 -0.017956
v -0.000529 0.012051 -0.020231
v -0.000651 0.011983 -0.020063
v -0.000529 0.012051 -0.011339
v -0.000651 0.011983 -0.011506
v -0.000460 0.011776 -0.020235
v -0.000597 0.011759 -0.020087
v -0.000460 0.011776 -0.011334
v -0.000597 0.011759 -0.011482
v -0.003554 0.010996 -0.018512
v -0.003444 0.011134 -0.018428
v -0.003554 0.012327 -0.018512
v -0.003444 0.012189 -0.018428
v -0.003168 0.010996 -0.018952
v -0.003070 0.011134 -0.018855
v -0.003168 0.012327 -0.018952
v -0.003070 0.012189 -0.018855
v -0.002727 0.010996 -0.019339
v -0.002643 0.011134 -0.019229
v -0.002727 0.012327 -0.019339
v -0.002643 0.012189 -0.019229
v -0.002240 0.010996 -0.019664
v -0.002171 0.011134 -0.019545
v -0.002240 0.012327 -0.019664
v -0.002171 0.012189 -0.019545
v -0.001714 0.010996 -0.019924
v -0.001661 0.011134 -0.019796
v -0.001168 0.010996 -0.020109
v -0.001124 0.011134 -0.019978
v -0.004442 0.010996 -0.015200
v -0.004304 0.011134 -0.015218
v -0.004139 0.010996 -0.014070
v -0.004011 0.011134 -0.014123
v -0.003880 0.010996 -0.013545
v -0.003760 0.011134 -0.013614
v -0.004327 0.010996 -0.014625
v -0.004194 0.011134 -0.014661
v -0.002727 0.010996 -0.012231
v -0.002643 0.011134 -0.012340
v -0.001714 0.010996 -0.011646
v -0.001661 0.011134 -0.011774
v -0.001168 0.010996 -0.011460
v -0.001124 0.011134 -0.011591
v -0.002240 0.010996 -0.011905
v -0.002171 0.011134 -0.012025
v -0.001714 0.012327 -0.019924
v -0.001661 0.012189 -0.019796
v -0.001168 0.012327 -0.020109
v -0.001124 0.012189 -0.019978
v -0.003554 0.010996 -0.013058
v -0.003444 0.011134 -0.013142
v -0.003168 0.010996 -0.012617
v -0.003070 0.011134 -0.012715
v -0.004442 0.012327 -0.015200
v -0.004304 0.012189 -0.015218
v -0.004327 0.012327 -0.014625
v -0.004194 0.012189 -0.014661
v -0.002240 0.012327 -0.011905
v -0.002171 0.012189 -0.012025
v -0.001168 0.012327 -0.011460
v -0.001124 0.012189 -0.011591
v -0.001714 0.012327 -0.011646
v -0.001661 0.012189 -0.011774
v 0.000393 0.008555 -0.021310
v 0.000529 0.008629 -0.021153
v 0.000529 0.008629 -0.010416
v 0.000393 0.008555 -0.010260
v 0.002120 0.008203 -0.020902
v 0.002064 0.008353 -0.020768
v 0.002140 0.009834 -0.020952
v 0.002081 0.009684 -0.020809
v 0.000460 0.008905 -0.021167
v 0.000310 0.008886 -0.021326
v 0.000310 0.008886 -0.010243
v 0.000460 0.008905 -0.010403
v 0.000975 0.009684 -0.021123
v 0.000955 0.009834 -0.021285
v 0.000955 0.009834 -0.010284
v 0.000975 0.009684 -0.010446
v 0.000717 0.009610 -0.021173
v 0.000636 0.009743 -0.021333
v 0.000763 0.009624 -0.021164
v 0.000730 0.009770 -0.021328
v 0.000730 0.009770 -0.010242
v 0.000789 0.009631 -0.010411
v 0.000636 0.009743 -0.010236
v 0.000717 0.009610 -0.010396
v 0.000529 0.009409 -0.021179
v 0.000393 0.009482 -0.021340
v 0.000393 0.009482 -0.010229
v 0.000529 0.009409 -0.010391
v 0.000460 0.009133 -0.010395
v 0.000310 0.009151 -0.010234
v 0.000310 0.009151 -0.021335
v 0.000460 0.009133 -0.021174
v 0.000723 0.008270 -0.021279
v 0.000758 0.008416 -0.021124
v 0.000975 0.008353 -0.021079
v 0.000954 0.008203 -0.021231
v 0.001448 0.009834 -0.021187
v 0.001406 0.009684 -0.021038
v 0.001396 0.008353 -0.020995
v 0.001434 0.008203 -0.021135
v 0.004797 0.008203 -0.013015
v 0.004671 0.008353 -0.013088
v 0.004395 0.008203 -0.012413
v 0.004279 0.008353 -0.012501
v 0.002770 0.008203 -0.010988
v 0.002697 0.008353 -0.011113
v 0.003372 0.008203 -0.011390
v 0.003284 0.008353 -0.011505
v 0.001434 0.008203 -0.010434
v 0.001396 0.008353 -0.010575
v 0.000954 0.008203 -0.010339
v 0.000975 0.008353 -0.010491
v 0.002120 0.008203 -0.010667
v 0.002064 0.008353 -0.010801
v 0.003917 0.008203 -0.011868
v 0.003814 0.008353 -0.011971
v 0.005492 0.008203 -0.016508
v 0.005348 0.008353 -0.016489
v 0.005545 0.009834 -0.016515
v 0.005391 0.009684 -0.016495
v 0.002770 0.008203 -0.020582
v 0.002697 0.008353 -0.020456
v 0.003917 0.008203 -0.019702
v 0.003814 0.008353 -0.019599
v 0.004797 0.008203 -0.018554
v 0.004671 0.008353 -0.018482
v 0.004395 0.008203 -0.019157
v 0.004279 0.008353 -0.019068
v 0.003372 0.008203 -0.020179
v 0.003284 0.008353 -0.020064
v 0.005351 0.008203 -0.017218
v 0.005210 0.008353 -0.017181
v 0.005539 0.008203 -0.015785
v 0.005394 0.008353 -0.015785
v 0.005351 0.008203 -0.014351
v 0.005210 0.008353 -0.014389
v 0.005118 0.008203 -0.013665
v 0.004983 0.008353 -0.013721
v 0.005492 0.008203 -0.015062
v 0.005348 0.008353 -0.015081
v 0.005118 0.008203 -0.017905
v 0.004983 0.008353 -0.017849
v 0.005593 0.009834 -0.015785
v 0.005438 0.009684 -0.015785
v 0.005403 0.009834 -0.017232
v 0.005253 0.009684 -0.017192
v 0.005167 0.009834 -0.017925
v 0.005024 0.009684 -0.017866
v 0.004844 0.009834 -0.018581
v 0.004709 0.009684 -0.018504
v 0.004437 0.009834 -0.019190
v 0.004314 0.009684 -0.019095
v 0.000636 0.008295 -0.021285
v 0.000708 0.008434 -0.021133
v 0.003955 0.009834 -0.019740
v 0.003845 0.009684 -0.019630
v 0.003405 0.009834 -0.020222
v 0.003310 0.009684 -0.020099
v 0.002797 0.009834 -0.020629
v 0.002719 0.009684 -0.020494
v 0.005403 0.009834 -0.014337
v 0.005253 0.009684 -0.014377
v 0.005545 0.009834 -0.015055
v 0.005391 0.009684 -0.015075
v 0.004844 0.009834 -0.012988
v 0.004709 0.009684 -0.013066
v 0.003955 0.009834 -0.011830
v 0.003845 0.009684 -0.011940
v 0.004437 0.009834 -0.012380
v 0.004314 0.009684 -0.012474
v 0.002797 0.009834 -0.010941
v 0.002719 0.009684 -0.011075
v 0.001406 0.009684 -0.010532
v 0.001448 0.009834 -0.010382
v 0.002140 0.009834 -0.010617
v 0.002081 0.009684 -0.010761
v 0.003405 0.009834 -0.011347
v 0.003310 0.009684 -0.011471
v 0.005167 0.009834 -0.013644
v 0.005024 0.009684 -0.013704
v 0.000717 0.008427 -0.010435
v 0.000636 0.008294 -0.010284
v 0.000723 0.008270 -0.010291
v 0.000806 0.008402 -0.010456
v 0.004492 0.008353 -0.015785
v 0.004342 0.008503 -0.015785
v 0.004492 0.009684 -0.015785
v 0.004342 0.009534 -0.015785
v 0.003890 0.008353 -0.013539
v 0.003760 0.008503 -0.013614
v 0.003176 0.008353 -0.012608
v 0.003070 0.008503 -0.012715
v 0.003564 0.008353 -0.013050
v 0.003444 0.008503 -0.013142
v 0.004339 0.008353 -0.016947
v 0.004194 0.008503 -0.016908
v 0.004339 0.009684 -0.016947
v 0.004194 0.009534 -0.016908
v 0.004454 0.008353 -0.015198
v 0.004304 0.008503 -0.015218
v 0.004454 0.009684 -0.015198
v 0.004304 0.009534 -0.015218
v 0.004454 0.008353 -0.016371
v 0.004304 0.008503 -0.016351
v 0.003176 0.008353 -0.018961
v 0.003070 0.008503 -0.018855
v 0.004454 0.009684 -0.016371
v 0.004304 0.009534 -0.016351
v 0.003890 0.008353 -0.018031
v 0.003760 0.008503 -0.017956
v 0.003564 0.008353 -0.018519
v 0.003444 0.008503 -0.018428
v 0.004339 0.008353 -0.014622
v 0.004194 0.008503 -0.014661
v 0.004339 0.009684 -0.014622
v 0.004194 0.009534 -0.014661
v 0.004150 0.008353 -0.014066
v 0.004011 0.008503 -0.014123
v 0.004150 0.009684 -0.014066
v 0.004011 0.009534 -0.014123
v 0.003890 0.009684 -0.013539
v 0.003760 0.009534 -0.013614
v 0.003564 0.009684 -0.013050
v 0.003444 0.009534 -0.013142
v 0.000460 0.008905 -0.020247
v 0.000609 0.008924 -0.020086
v 0.000460 0.008905 -0.011322
v 0.000609 0.008924 -0.011483
v 0.000609 0.009114 -0.011483
v 0.000460 0.009133 -0.011322
v 0.000609 0.009114 -0.020086
v 0.000460 0.009133 -0.020247
v 0.003176 0.009684 -0.012608
v 0.003070 0.009534 -0.012715
v 0.002735 0.008353 -0.012221
v 0.002643 0.008503 -0.012340
v 0.002735 0.009684 -0.012221
v 0.002643 0.009534 -0.012340
v 0.002246 0.008353 -0.011895
v 0.002171 0.008503 -0.012025
v 0.002246 0.009684 -0.011895
v 0.002171 0.009534 -0.012025
v 0.001171 0.009684 -0.020121
v 0.001124 0.009534 -0.019978
v 0.000975 0.009684 -0.020160
v 0.000995 0.009534 -0.020004
v 0.001719 0.009684 -0.019935
v 0.001661 0.009534 -0.019796
v 0.002735 0.009684 -0.019348
v 0.002643 0.009534 -0.019229
v 0.002246 0.009684 -0.019675
v 0.002171 0.009534 -0.019545
v 0.004150 0.009684 -0.017504
v 0.004011 0.009534 -0.017446
v 0.003890 0.009684 -0.018031
v 0.003760 0.009534 -0.017956
v 0.001171 0.009684 -0.011449
v 0.001124 0.009534 -0.011591
v 0.000975 0.009684 -0.011410
v 0.000995 0.009534 -0.011566
v 0.001719 0.009684 -0.011635
v 0.001661 0.009534 -0.011774
v 0.001719 0.008353 -0.011635
v 0.001661 0.008503 -0.011774
v 0.003176 0.009684 -0.018961
v 0.003070 0.009534 -0.018855
v 0.003564 0.009684 -0.018519
v 0.003444 0.009534 -0.018428
v 0.001171 0.008353 -0.011449
v 0.001124 0.008503 -0.011591
v 0.000975 0.008353 -0.011410
v 0.000995 0.008503 -0.011566
v 0.000975 0.008353 -0.020160
v 0.000995 0.008503 -0.020004
v 0.000795 0.008560 -0.020038
v 0.000717 0.008427 -0.020211
v 0.000795 0.008560 -0.011531
v 0.000717 0.008427 -0.011359
v 0.000661 0.008704 -0.020061
v 0.000529 0.008629 -0.020243
v 0.000529 0.008629 -0.011326
v 0.000661 0.008704 -0.011508
v 0.000717 0.009610 -0.020211
v 0.000795 0.009477 -0.020038
v 0.000717 0.009610 -0.011359
v 0.000795 0.009477 -0.011531
v 0.000529 0.009409 -0.020243
v 0.000661 0.009334 -0.020061
v 0.000529 0.009409 -0.011326
v 0.000661 0.009334 -0.011508
v 0.001171 0.008353 -0.020121
v 0.001124 0.008503 -0.019978
v 0.002246 0.008353 -0.019675
v 0.002171 0.008503 -0.019545
v 0.001719 0.008353 -0.019935
v 0.001661 0.008503 -0.019796
v 0.002735 0.008353 -0.019348
v 0.002643 0.008503 -0.019229
v 0.004150 0.008353 -0.017504
v 0.004011 0.008503 -0.017446
v -0.000718 0.007107 -0.010329
v -0.000718 0.006929 -0.010486
v -0.000717 0.006929 -0.021084
v -0.000718 0.007107 -0.021241
v -0.000379 0.006745 -0.021251
v -0.000529 0.006727 -0.021090
v -0.000529 0.006727 -0.010480
v -0.000379 0.006745 -0.010318
v -0.005265 0.005522 -0.017196
v -0.005125 0.005672 -0.017158
v -0.005317 0.007153 -0.017209
v -0.005167 0.007003 -0.017169
v -0.000379 0.005929 -0.010344
v -0.000529 0.005948 -0.010506
v -0.000310 0.006470 -0.010323
v -0.000460 0.006452 -0.010484
v -0.000460 0.006224 -0.010492
v -0.000310 0.006205 -0.010332
v -0.005451 0.005522 -0.015785
v -0.005306 0.005672 -0.015785
v -0.005505 0.007153 -0.015785
v -0.005349 0.007003 -0.015785
v -0.000460 0.006452 -0.021085
v -0.000310 0.006470 -0.021247
v -0.005404 0.005522 -0.016496
v -0.005260 0.005672 -0.016477
v -0.005458 0.007153 -0.016503
v -0.005304 0.007003 -0.016483
v -0.005404 0.005522 -0.015073
v -0.005260 0.005672 -0.015092
v -0.005458 0.007153 -0.015066
v -0.005304 0.007003 -0.015086
v -0.000883 0.005522 -0.021155
v -0.000975 0.005672 -0.020990
v -0.001411 0.005522 -0.021050
v -0.001364 0.005672 -0.020913
v -0.003318 0.005522 -0.020109
v -0.003230 0.005672 -0.019994
v -0.002726 0.005522 -0.020505
v -0.002653 0.005672 -0.020380
v -0.002086 0.005522 -0.020821
v -0.002030 0.005672 -0.020687
v -0.004721 0.005522 -0.018510
v -0.004595 0.005672 -0.018438
v -0.004325 0.005522 -0.019103
v -0.004209 0.005672 -0.019015
v -0.000883 0.005522 -0.010414
v -0.000975 0.005672 -0.010579
v -0.001364 0.005672 -0.010657
v -0.001411 0.005522 -0.010519
v -0.003854 0.005522 -0.019639
v -0.003752 0.005672 -0.019536
v -0.005265 0.005522 -0.014374
v -0.005125 0.005672 -0.014412
v -0.005317 0.007153 -0.014360
v -0.005167 0.007003 -0.014400
v -0.005036 0.005522 -0.013699
v -0.004902 0.005672 -0.013754
v -0.005086 0.007153 -0.013678
v -0.004942 0.007003 -0.013738
v -0.005036 0.005522 -0.017871
v -0.004902 0.005672 -0.017815
v -0.004721 0.005522 -0.013059
v -0.004595 0.005672 -0.013132
v -0.003854 0.005522 -0.011930
v -0.003752 0.005672 -0.012033
v -0.004325 0.005522 -0.012466
v -0.004209 0.005672 -0.012555
v -0.002726 0.005522 -0.011064
v -0.002653 0.005672 -0.011190
v -0.002086 0.005522 -0.010749
v -0.002030 0.005672 -0.010883
v -0.003318 0.005522 -0.011460
v -0.003230 0.005672 -0.011576
v -0.004633 0.007003 -0.013110
v -0.004767 0.007153 -0.013032
v -0.004367 0.007153 -0.012434
v -0.004244 0.007003 -0.012528
v -0.003892 0.007153 -0.011892
v -0.003783 0.007003 -0.012002
v -0.003351 0.007153 -0.011418
v -0.003257 0.007003 -0.011541
v -0.000310 0.006205 -0.021238
v -0.000460 0.006224 -0.021078
v -0.000717 0.005746 -0.010525
v -0.000717 0.005569 -0.010380
v -0.002752 0.007153 -0.011017
v -0.002675 0.007003 -0.011152
v -0.002107 0.007153 -0.010699
v -0.002047 0.007003 -0.010842
v -0.001425 0.007153 -0.021102
v -0.001374 0.007003 -0.020955
v -0.000884 0.007153 -0.021210
v -0.000975 0.007003 -0.021035
v -0.001425 0.007153 -0.010468
v -0.001374 0.007003 -0.010614
v -0.000884 0.007153 -0.010360
v -0.000975 0.007003 -0.010535
v -0.002752 0.007153 -0.020552
v -0.002675 0.007003 -0.020418
v -0.002107 0.007153 -0.020870
v -0.002047 0.007003 -0.020727
v -0.003892 0.007153 -0.019677
v -0.003783 0.007003 -0.019567
v -0.004767 0.007153 -0.018537
v -0.004633 0.007003 -0.018459
v -0.004367 0.007153 -0.019136
v -0.004244 0.007003 -0.019041
v -0.003351 0.007153 -0.020152
v -0.003257 0.007003 -0.020029
v -0.005086 0.007153 -0.017891
v -0.004942 0.007003 -0.017832
v -0.000717 0.005746 -0.021044
v -0.000717 0.005569 -0.021190
v -0.000379 0.005929 -0.021225
v -0.000529 0.005948 -0.021064
v -0.000975 0.007003 -0.020160
v -0.000995 0.006853 -0.020004
v -0.000995 0.006853 -0.011566
v -0.000975 0.007003 -0.011410
v -0.004492 0.005672 -0.015785
v -0.004342 0.005822 -0.015785
v -0.004492 0.007003 -0.015785
v -0.004342 0.006853 -0.015785
v -0.000717 0.006929 -0.011359
v -0.000795 0.006796 -0.011531
v -0.000717 0.006929 -0.020211
v -0.000795 0.006796 -0.020038
v -0.000529 0.006727 -0.020243
v -0.000661 0.006653 -0.020061
v -0.000529 0.006727 -0.011326
v -0.000661 0.006653 -0.011508
v -0.004453 0.005672 -0.016371
v -0.004304 0.005822 -0.016351
v -0.004453 0.007003 -0.016371
v -0.004304 0.006853 -0.016351
v -0.000609 0.006433 -0.011483
v -0.000460 0.006452 -0.011322
v -0.000460 0.006452 -0.020247
v -0.000609 0.006433 -0.020086
v -0.004339 0.005672 -0.016947
v -0.004194 0.005822 -0.016908
v -0.004339 0.007003 -0.016947
v -0.004194 0.006853 -0.016908
v -0.004150 0.005672 -0.017504
v -0.004011 0.005822 -0.017446
v -0.004150 0.007003 -0.017504
v -0.004011 0.006853 -0.017446
v -0.003890 0.005672 -0.018031
v -0.003760 0.005822 -0.017956
v -0.003890 0.007003 -0.018031
v -0.003760 0.006853 -0.017956
v -0.001171 0.005672 -0.020121
v -0.001124 0.005822 -0.019978
v -0.000975 0.005672 -0.020160
v -0.000995 0.005822 -0.020004
v -0.002246 0.005672 -0.019675
v -0.002171 0.005822 -0.019545
v -0.001719 0.005672 -0.019935
v -0.001661 0.005822 -0.019796
v -0.004453 0.005672 -0.015198
v -0.004304 0.005822 -0.015218
v -0.004150 0.005672 -0.014066
v -0.004011 0.005822 -0.014123
v -0.004339 0.005672 -0.014622
v -0.004194 0.005822 -0.014661
v -0.002246 0.005672 -0.011895
v -0.002171 0.005822 -0.012025
v -0.000975 0.005672 -0.011410
v -0.000995 0.005822 -0.011566
v -0.001171 0.005672 -0.011449
v -0.001124 0.005822 -0.011591
v -0.001719 0.005672 -0.011635
v -0.001661 0.005822 -0.011774
v -0.003564 0.005672 -0.018519
v -0.003444 0.005822 -0.018428
v -0.003564 0.007003 -0.018519
v -0.003444 0.006853 -0.018428
v -0.002734 0.005672 -0.019348
v -0.002643 0.005822 -0.019229
v -0.003176 0.005672 -0.018961
v -0.003070 0.005822 -0.018855
v -0.003176 0.007003 -0.018961
v -0.003070 0.006853 -0.018855
v -0.003564 0.005672 -0.013050
v -0.003444 0.005822 -0.013142
v -0.003890 0.005672 -0.013539
v -0.003760 0.005822 -0.013614
v -0.003176 0.005672 -0.012608
v -0.003070 0.005822 -0.012715
v -0.002734 0.005672 -0.012221
v -0.002643 0.005822 -0.012340
v -0.002734 0.007003 -0.019348
v -0.002643 0.006853 -0.019229
v -0.002246 0.007003 -0.019675
v -0.002171 0.006853 -0.019545
v -0.001719 0.007003 -0.019935
v -0.001661 0.006853 -0.019796
v -0.001171 0.007003 -0.020121
v -0.001124 0.006853 -0.019978
v -0.000460 0.006224 -0.011322
v -0.000609 0.006242 -0.011483
v -0.000460 0.006224 -0.020247
v -0.000609 0.006242 -0.020086
v -0.000795 0.005879 -0.020038
v -0.000717 0.005746 -0.020211
v -0.004453 0.007003 -0.015198
v -0.004304 0.006853 -0.015218
v -0.002246 0.007003 -0.011895
v -0.002171 0.006853 -0.012025
v -0.001171 0.007003 -0.011449
v -0.001124 0.006853 -0.011591
v -0.001719 0.007003 -0.011635
v -0.001661 0.006853 -0.011774
v -0.004339 0.007003 -0.014622
v -0.004194 0.006853 -0.014661
v -0.004150 0.007003 -0.014066
v -0.004011 0.006853 -0.014123
v -0.003890 0.007003 -0.013539
v -0.003760 0.006853 -0.013614
v -0.003564 0.007003 -0.013050
v -0.003444 0.006853 -0.013142
v -0.002734 0.007003 -0.012221
v -0.002643 0.006853 -0.012340
v -0.003176 0.007003 -0.012608
v -0.003070 0.006853 -0.012715
v -0.000795 0.005879 -0.011531
v -0.000717 0.005746 -0.011359
v -0.000529 0.005948 -0.020243
v -0.000661 0.006022 -0.020061
v -0.000661 0.006022 -0.011508
v -0.000529 0.005948 -0.011326
v 0.000460 0.003809 -0.010571
v 0.000310 0.003827 -0.010410
v 0.000310 0.003827 -0.021160
v 0.000460 0.003809 -0.020998
v 0.002053 0.002879 -0.020740
v 0.001997 0.003029 -0.020606
v 0.002073 0.004510 -0.020790
v 0.002014 0.004360 -0.020647
v 0.001341 0.003029 -0.020829
v 0.001388 0.002879 -0.020966
v 0.000884 0.002879 -0.021066
v 0.000975 0.003029 -0.020902
v 0.004255 0.002879 -0.012519
v 0.004140 0.003029 -0.012608
v 0.004645 0.002879 -0.013103
v 0.004519 0.003029 -0.013175
v 0.002682 0.002879 -0.011139
v 0.002609 0.003029 -0.011265
v 0.003265 0.002879 -0.011529
v 0.003177 0.003029 -0.011645
v 0.001388 0.002879 -0.010604
v 0.001341 0.003029 -0.010741
v 0.000884 0.002879 -0.010503
v 0.000975 0.003029 -0.010668
v 0.002053 0.002879 -0.010829
v 0.001997 0.003029 -0.010963
v 0.003793 0.002879 -0.011992
v 0.003690 0.003029 -0.012095
v 0.000717 0.003103 -0.020955
v 0.000716 0.002927 -0.021101
v 0.000717 0.004286 -0.020995
v 0.000718 0.004463 -0.021152
v 0.000975 0.004360 -0.020946
v 0.000884 0.004510 -0.021121
v 0.002682 0.002879 -0.020430
v 0.002609 0.003029 -0.020304
v 0.003265 0.002879 -0.020040
v 0.003177 0.003029 -0.019925
v 0.004256 0.002879 -0.019050
v 0.004140 0.003029 -0.018962
v 0.003793 0.002879 -0.019578
v 0.003690 0.003029 -0.019475
v 0.004645 0.002879 -0.018467
v 0.004519 0.003029 -0.018394
v 0.004956 0.002879 -0.017837
v 0.004821 0.003029 -0.017782
v 0.005318 0.002879 -0.016485
v 0.005174 0.003029 -0.016466
v 0.005181 0.002879 -0.017173
v 0.005041 0.003029 -0.017135
v 0.005318 0.002879 -0.015085
v 0.005174 0.003029 -0.015104
v 0.004956 0.002879 -0.013732
v 0.004821 0.003029 -0.013788
v 0.005181 0.002879 -0.014396
v 0.005041 0.003029 -0.014434
v 0.005364 0.002879 -0.015785
v 0.005219 0.003029 -0.015785
v 0.001402 0.004510 -0.021018
v 0.001352 0.004360 -0.020871
v 0.000460 0.003581 -0.020991
v 0.000310 0.003562 -0.021151
v 0.005371 0.004510 -0.016492
v 0.005217 0.004360 -0.016472
v 0.000380 0.003285 -0.021140
v 0.000529 0.003305 -0.020977
v 0.000379 0.004103 -0.021166
v 0.000529 0.004084 -0.021003
v 0.005418 0.004510 -0.015785
v 0.005262 0.004360 -0.015785
v 0.000310 0.003562 -0.010419
v 0.000460 0.003581 -0.010579
v 0.005233 0.004510 -0.017187
v 0.005083 0.004360 -0.017147
v 0.005005 0.004510 -0.017858
v 0.004862 0.004360 -0.017799
v 0.002709 0.004510 -0.020477
v 0.002631 0.004360 -0.020342
v 0.003298 0.004510 -0.020083
v 0.003204 0.004360 -0.019960
v 0.003831 0.004510 -0.019616
v 0.003721 0.004360 -0.019506
v 0.004298 0.004510 -0.019083
v 0.004175 0.004360 -0.018988
v 0.001402 0.004510 -0.010552
v 0.001352 0.004360 -0.010698
v 0.000884 0.004510 -0.010449
v 0.000975 0.004360 -0.010623
v 0.004692 0.004510 -0.018494
v 0.004557 0.004360 -0.018416
v 0.005233 0.004510 -0.014383
v 0.005083 0.004360 -0.014423
v 0.005371 0.004510 -0.015078
v 0.005217 0.004360 -0.015098
v 0.004692 0.004510 -0.013076
v 0.004557 0.004360 -0.013154
v 0.003831 0.004510 -0.011954
v 0.003721 0.004360 -0.012064
v 0.004298 0.004510 -0.012487
v 0.004175 0.004360 -0.012581
v 0.002709 0.004510 -0.011093
v 0.002631 0.004360 -0.011227
v 0.002073 0.004510 -0.010779
v 0.002014 0.004360 -0.010923
v 0.003298 0.004510 -0.011487
v 0.003204 0.004360 -0.011610
v 0.005005 0.004510 -0.013711
v 0.004862 0.004360 -0.013771
v 0.000717 0.003103 -0.010614
v 0.000716 0.002927 -0.010468
v 0.000380 0.003285 -0.010430
v 0.000529 0.003305 -0.010593
v 0.000718 0.004463 -0.010417
v 0.000717 0.004286 -0.010574
v 0.000529 0.004084 -0.010567
v 0.000379 0.004103 -0.010404
v 0.004492 0.003029 -0.015785
v 0.004342 0.003179 -0.015785
v 0.004492 0.004360 -0.015785
v 0.004342 0.004210 -0.015785
v 0.004339 0.003029 -0.016947
v 0.004194 0.003179 -0.016908
v 0.004339 0.004360 -0.016947
v 0.004194 0.004210 -0.016908
v 0.004454 0.003029 -0.015198
v 0.004304 0.003179 -0.015218
v 0.004454 0.004360 -0.015198
v 0.004304 0.004210 -0.015218
v 0.004454 0.003029 -0.016371
v 0.004304 0.003179 -0.016351
v 0.004454 0.004360 -0.016371
v 0.004304 0.004210 -0.016351
v 0.000609 0.003790 -0.011483
v 0.000460 0.003809 -0.011322
v 0.000609 0.003790 -0.020086
v 0.000460 0.003809 -0.020247
v 0.000460 0.003581 -0.020247
v 0.000609 0.003600 -0.020086
v 0.000460 0.003581 -0.011322
v 0.000609 0.003600 -0.011483
v 0.004339 0.003029 -0.014622
v 0.004194 0.003179 -0.014661
v 0.004339 0.004360 -0.014622
v 0.004194 0.004210 -0.014661
v 0.004150 0.003029 -0.014066
v 0.004011 0.003179 -0.014123
v 0.004150 0.004360 -0.014066
v 0.004011 0.004210 -0.014123
v 0.000995 0.004210 -0.020004
v 0.000975 0.004360 -0.020160
v 0.001171 0.004360 -0.020121
v 0.001124 0.004210 -0.019978
v 0.001719 0.004360 -0.019935
v 0.001661 0.004210 -0.019796
v 0.003890 0.003029 -0.013539
v 0.003760 0.003179 -0.013614
v 0.003176 0.004360 -0.012608
v 0.003070 0.004210 -0.012715
v 0.003564 0.004360 -0.013050
v 0.003444 0.004210 -0.013142
v 0.003890 0.004360 -0.013539
v 0.003760 0.004210 -0.013614
v 0.002246 0.004360 -0.011895
v 0.002171 0.004210 -0.012025
v 0.001171 0.004360 -0.011449
v 0.001124 0.004210 -0.011591
v 0.000975 0.004360 -0.011410
v 0.000995 0.004210 -0.011566
v 0.001719 0.004360 -0.011635
v 0.001661 0.004210 -0.011774
v 0.002735 0.004360 -0.012221
v 0.002643 0.004210 -0.012340
v 0.003564 0.003029 -0.013050
v 0.003444 0.003179 -0.013142
v 0.002246 0.004360 -0.019675
v 0.002171 0.004210 -0.019545
v 0.003176 0.004360 -0.018961
v 0.003070 0.004210 -0.018855
v 0.002735 0.004360 -0.019348
v 0.002643 0.004210 -0.019229
v 0.003890 0.004360 -0.018031
v 0.003760 0.004210 -0.017956
v 0.004150 0.004360 -0.017504
v 0.004011 0.004210 -0.017446
v 0.003564 0.004360 -0.018519
v 0.003444 0.004210 -0.018428
v 0.000975 0.003029 -0.020160
v 0.000995 0.003179 -0.020004
v 0.000975 0.003029 -0.011410
v 0.000995 0.003179 -0.011566
v 0.000795 0.003236 -0.020038
v 0.000717 0.003103 -0.020211
v 0.000795 0.003236 -0.011531
v 0.000717 0.003103 -0.011359
v 0.003176 0.003029 -0.012608
v 0.003070 0.003179 -0.012715
v 0.000661 0.003380 -0.020061
v 0.000529 0.003305 -0.020243
v 0.000529 0.003305 -0.011326
v 0.000661 0.003380 -0.011508
v 0.002735 0.003029 -0.012221
v 0.002643 0.003179 -0.012340
v 0.000717 0.004286 -0.020211
v 0.000795 0.004153 -0.020038
v 0.000717 0.004286 -0.011359
v 0.000795 0.004153 -0.011531
v 0.000529 0.004084 -0.020243
v 0.000661 0.004010 -0.020061
v 0.000529 0.004084 -0.011326
v 0.000661 0.004010 -0.011508
v 0.002246 0.003029 -0.011895
v 0.002171 0.003179 -0.012025
v 0.001719 0.003029 -0.011635
v 0.001661 0.003179 -0.011774
v 0.001171 0.003029 -0.011449
v 0.001124 0.003179 -0.011591
v 0.001719 0.003029 -0.019935
v 0.001661 0.003179 -0.019796
v 0.001171 0.003029 -0.020121
v 0.001124 0.003179 -0.019978
v 0.002246 0.003029 -0.019675
v 0.002171 0.003179 -0.019545
v 0.003176 0.003029 -0.018961
v 0.003070 0.003179 -0.018855
v 0.002735 0.003029 -0.019348
v 0.002643 0.003179 -0.019229
v 0.003890 0.003029 -0.018031
v 0.003760 0.003179 -0.017956
v 0.004150 0.003029 -0.017504
v 0.004011 0.003179 -0.017446
v 0.003564 0.003029 -0.018519
v 0.003444 0.003179 -0.018428
v 0.005119 0.000000 -0.015785
v 0.005274 0.000150 -0.015785
v 0.005229 0.000150 -0.015096
v 0.005075 0.000000 -0.015117
v 0.005094 0.000150 -0.014420
v 0.004944 0.000000 -0.014460
v 0.004873 0.000150 -0.013766
v 0.004729 0.000000 -0.013826
v 0.004567 0.000150 -0.013148
v 0.004433 0.000000 -0.013225
v 0.004184 0.000150 -0.012574
v 0.004061 0.000000 -0.012669
v 0.003729 0.000150 -0.012055
v 0.003619 0.000000 -0.012165
v 0.003211 0.000150 -0.011601
v 0.003116 0.000000 -0.011724
v 0.002637 0.000150 -0.011217
v 0.002559 0.000000 -0.011352
v 0.002018 0.000150 -0.010912
v 0.001959 0.000000 -0.011056
v 0.001365 0.000150 -0.010690
v 0.001325 0.000000 -0.010840
v 0.000689 0.000150 -0.010556
v 0.000668 0.000000 -0.010710
v -0.000000 0.000150 -0.010511
v -0.000000 0.000000 -0.010666
v -0.000689 0.000150 -0.010556
v -0.000668 0.000000 -0.010710
v -0.001365 0.000150 -0.010690
v -0.001325 0.000000 -0.010840
v -0.002018 0.000150 -0.010912
v -0.001959 0.000000 -0.011056
v -0.002637 0.000150 -0.011217
v -0.002559 0.000000 -0.011352
v -0.003211 0.000150 -0.011601
v -0.003116 0.000000 -0.011724
v -0.003729 0.000150 -0.012055
v -0.003619 0.000000 -0.012165
v -0.004184 0.000150 -0.012574
v -0.004061 0.000000 -0.012669
v -0.004567 0.000150 -0.013148
v -0.004433 0.000000 -0.013225
v -0.004873 0.000150 -0.013766
v -0.004729 0.000000 -0.013826
v -0.005094 0.000150 -0.014420
v -0.004944 0.000000 -0.014460
v -0.005229 0.000150 -0.015096
v -0.005075 0.000000 -0.015117
v -0.005274 0.000150 -0.015785
v -0.005119 0.000000 -0.015785
v -0.005229 0.000150 -0.016473
v -0.005075 0.000000 -0.016453
v -0.005094 0.000150 -0.017150
v -0.004944 0.000000 -0.017110
v -0.004873 0.000150 -0.017803
v -0.004729 0.000000 -0.017744
v -0.004567 0.000150 -0.018422
v -0.004433 0.000000 -0.018344
v -0.004184 0.000150 -0.018995
v -0.004061 0.000000 -0.018901
v -0.003729 0.000150 -0.019514
v -0.003620 0.000000 -0.019404
v -0.003211 0.000150 -0.019969
v -0.003116 0.000000 -0.019846
v -0.002637 0.000150 -0.020352
v -0.002559 0.000000 -0.020218
v -0.002018 0.000150 -0.020657
v -0.001959 0.000000 -0.020514
v -0.001365 0.000150 -0.020879
v -0.001325 0.000000 -0.020729
v -0.000689 0.000150 -0.021014
v -0.000668 0.000000 -0.020860
v -0.000000 0.000150 -0.021059
v -0.000000 0.000000 -0.020903
v 0.000689 0.000150 -0.021013
v 0.000668 0.000000 -0.020860
v 0.001365 0.000150 -0.020879
v 0.001325 0.000000 -0.020729
v 0.002018 0.000150 -0.020657
v 0.001959 0.000000 -0.020514
v 0.002637 0.000150 -0.020352
v 0.002559 0.000000 -0.020218
v 0.003211 0.000150 -0.019969
v 0.003116 0.000000 -0.019846
v 0.003729 0.000150 -0.019514
v 0.003620 0.000000 -0.019404
v 0.004184 0.000150 -0.018995
v 0.004061 0.000000 -0.018901
v 0.004567 0.000150 -0.018422
v 0.004433 0.000000 -0.018344
v 0.004873 0.000150 -0.017803
v 0.004729 0.000000 -0.017744
v 0.005094 0.000150 -0.017150
v 0.004944 0.000000 -0.017110
v 0.005229 0.000150 -0.016473
v 0.005075 0.000000 -0.016453
v 0.002250 0.034554 -0.008600
v 0.002250 0.034404 -0.008750
v 0.002400 0.034404 -0.008600
v -0.002250 0.034554 -0.008600
v -0.002400 0.034404 -0.008600
v -0.002250 0.034404 -0.008750
v 0.002250 0.066554 -0.008600
v 0.002400 0.066704 -0.008600
v 0.002250 0.066704 -0.008750
v -0.002250 0.066554 -0.008600
v -0.002250 0.066704 -0.008750
v -0.002400 0.066704 -0.008600
v 0.018146 0.048322 0.009100
v 0.017996 0.048321 0.009250
v 0.017996 0.048171 0.009100
v 0.015805 0.041429 0.009100
v 0.015675 0.041504 0.009250
v 0.014359 0.039536 0.009250
v 0.014479 0.039444 0.009100
v 0.012798 0.037756 0.009250
v 0.012905 0.037649 0.009100
v 0.011018 0.036195 0.009250
v 0.011112 0.036078 0.009100
v 0.009050 0.034879 0.009250
v 0.009125 0.034749 0.009100
v 0.006926 0.033832 0.009250
v 0.006984 0.033693 0.009100
v 0.004685 0.033071 0.009250
v 0.004723 0.032926 0.009100
v -0.004723 0.032926 0.009100
v -0.004685 0.033071 0.009250
v -0.006926 0.033832 0.009250
v -0.006984 0.033693 0.009100
v -0.009050 0.034879 0.009250
v -0.009125 0.034749 0.009100
v -0.010986 0.036173 0.009250
v -0.011112 0.036078 0.009100
v -0.012858 0.037816 0.009250
v -0.012905 0.037649 0.009100
v -0.014336 0.039501 0.009250
v -0.014479 0.039444 0.009100
v -0.015675 0.041504 0.009250
v -0.015805 0.041429 0.009100
v -0.018146 0.048322 0.009100
v -0.017996 0.048171 0.009100
v -0.017996 0.048321 0.009250
v -0.018146 0.052786 0.009100
v -0.017996 0.052788 0.009250
v -0.017996 0.052938 0.009100
v -0.015805 0.059679 0.009100
v -0.015675 0.059604 0.009250
v -0.014359 0.061573 0.009250
v -0.014479 0.061664 0.009100
v -0.012798 0.063353 0.009250
v -0.012902 0.063461 0.009100
v -0.011018 0.064914 0.009250
v -0.011108 0.065034 0.009100
v -0.009050 0.066229 0.009250
v -0.009125 0.066359 0.009100
v -0.006955 0.067262 0.009250
v -0.006984 0.067415 0.009100
v -0.004619 0.068055 0.009250
v -0.004723 0.068182 0.009100
v 0.004685 0.068037 0.009250
v 0.004723 0.068182 0.009100
v 0.006926 0.067276 0.009250
v 0.006984 0.067415 0.009100
v 0.009050 0.066229 0.009250
v 0.009125 0.066359 0.009100
v 0.011018 0.064914 0.009250
v 0.011108 0.065034 0.009100
v 0.012798 0.063353 0.009250
v 0.012902 0.063461 0.009100
v 0.014359 0.061573 0.009250
v 0.014479 0.061664 0.009100
v 0.015675 0.059604 0.009250
v 0.015805 0.059679 0.009100
v 0.018146 0.052786 0.009100
v 0.017996 0.052937 0.009100
v 0.017996 0.052787 0.009250
v -0.015850 0.059249 0.009250
v -0.016000 0.059284 0.009100
v -0.016000 0.053104 0.009100
v -0.016150 0.052953 0.009100
v -0.015850 0.052805 0.009250
v 0.015850 0.041860 0.009250
v 0.016000 0.041825 0.009100
v -0.016000 0.041825 0.009100
v -0.015850 0.041860 0.009250
v -0.016000 0.048004 0.009100
v -0.015850 0.048303 0.009250
v -0.016150 0.048155 0.009100
v 0.016000 0.048004 0.009100
v 0.016150 0.048155 0.009100
v 0.015850 0.048303 0.009250
v 0.016000 0.053104 0.009100
v 0.015850 0.052805 0.009250
v 0.016150 0.052953 0.009100
v 0.016000 0.059284 0.009100
v 0.015850 0.059249 0.009250
v -0.002382 0.032460 -0.008900
v -0.002400 0.032464 -0.008750
v -0.002400 0.032614 -0.008600
v -0.002404 0.032465 -0.008750
v 0.000000 0.032304 -0.008900
v 0.000000 0.032454 -0.008750
v 0.002400 0.032464 -0.008750
v 0.002382 0.032460 -0.008900
v 0.002400 0.032614 -0.008600
v 0.002399 0.032493 -0.008750
v 0.002400 0.035441 0.009100
v 0.002550 0.035722 0.009250
v 0.002250 0.035581 0.009100
v -0.002400 0.035441 0.009100
v -0.002250 0.035581 0.009100
v -0.002550 0.035722 0.009250
v 0.002547 0.032493 0.009100
v 0.002550 0.032647 0.009250
v 0.002400 0.032614 0.009100
v -0.002547 0.032493 0.009100
v -0.002400 0.032614 0.009100
v -0.002550 0.032647 0.009250
v -0.002400 0.068494 -0.008600
v -0.002399 0.068615 -0.008750
v -0.002400 0.068644 -0.008750
v -0.002382 0.068648 -0.008900
v 0.002382 0.068648 -0.008900
v 0.002400 0.068644 -0.008750
v 0.002400 0.068494 -0.008600
v 0.002404 0.068644 -0.008750
v 0.002400 0.065667 0.009100
v 0.002250 0.065527 0.009100
v 0.002550 0.065387 0.009250
v -0.002400 0.065667 0.009100
v -0.002550 0.065387 0.009250
v -0.002250 0.065527 0.009100
v 0.002550 0.068462 0.009250
v 0.002547 0.068615 0.009100
v 0.002400 0.068494 0.009100
v -0.002550 0.068466 0.009250
v -0.002400 0.068494 0.009100
v -0.002547 0.068615 0.009100
v 0.001385 0.068563 -0.008750
v 0.001615 0.068698 -0.008900
v -0.001385 0.068563 -0.008750
v -0.001615 0.068698 -0.008900
v 0.016150 0.048155 -0.008623
v 0.016000 0.048004 -0.008623
v 0.015913 0.048240 -0.008710
v -0.018146 0.052786 -0.008624
v -0.017996 0.052938 -0.008624
v -0.018059 0.052850 -0.008711
v 0.016000 0.053104 -0.008623
v 0.016150 0.052953 -0.008623
v 0.015913 0.052868 -0.008710
v 0.018146 0.048322 -0.008624
v 0.017996 0.048171 -0.008624
v 0.018059 0.048258 -0.008711
v 0.017996 0.052937 -0.008624
v 0.018146 0.052786 -0.008624
v 0.018059 0.052850 -0.008711
v -0.016000 0.048004 -0.008623
v -0.016150 0.048155 -0.008623
v -0.015913 0.048240 -0.008710
v -0.017996 0.048171 -0.008624
v -0.018146 0.048322 -0.008624
v -0.018059 0.048258 -0.008711
v -0.016150 0.052953 -0.008623
v -0.016000 0.053104 -0.008623
v -0.015913 0.052868 -0.008710
v 0.002400 0.066704 0.005560
v 0.002400 0.066704 0.002020
v 0.002400 0.066704 -0.001520
v 0.002400 0.066704 -0.005060
v 0.002250 0.066554 -0.005060
v 0.002250 0.066554 -0.001520
v 0.002250 0.066554 0.002020
v 0.002250 0.066554 0.005560
v -0.002400 0.066704 -0.005060
v -0.002400 0.066704 -0.001520
v -0.002400 0.066704 0.002020
v -0.002400 0.066704 0.005560
v -0.002250 0.066554 0.005560
v -0.002250 0.066554 0.002020
v -0.002250 0.066554 -0.001520
v -0.002250 0.066554 -0.005060
v 0.002519 0.068621 0.005530
v 0.002490 0.068627 0.001960
v 0.002461 0.068632 -0.001610
v 0.002433 0.068638 -0.005180
v 0.002400 0.068494 -0.005060
v 0.002400 0.068494 -0.001520
v 0.002400 0.068494 0.002020
v 0.002400 0.068494 0.005560
v -0.002428 0.068615 -0.005180
v -0.002458 0.068615 -0.001610
v -0.002488 0.068615 0.001960
v -0.002517 0.068615 0.005530
v -0.002400 0.068494 0.005560
v -0.002400 0.068494 0.002020
v -0.002400 0.068494 -0.001520
v -0.002400 0.068494 -0.005060
v -0.002400 0.034404 0.005560
v -0.002400 0.034404 0.002020
v -0.002400 0.034404 -0.001520
v -0.002400 0.034404 -0.005060
v -0.002250 0.034554 -0.005060
v -0.002250 0.034554 -0.001520
v -0.002250 0.034554 0.002020
v -0.002250 0.034554 0.005560
v 0.002400 0.034404 -0.005060
v 0.002400 0.034404 -0.001520
v 0.002400 0.034404 0.002020
v 0.002400 0.034404 0.005560
v 0.002250 0.034554 0.005560
v 0.002250 0.034554 0.002020
v 0.002250 0.034554 -0.001520
v 0.002250 0.034554 -0.005060
v 0.002428 0.032493 -0.005180
v 0.002458 0.032493 -0.001610
v 0.002488 0.032493 0.001960
v 0.002517 0.032493 0.005530
v 0.002400 0.032614 0.005560
v 0.002400 0.032614 0.002020
v 0.002400 0.032614 -0.001520
v 0.002400 0.032614 -0.005060
v -0.002519 0.032487 0.005530
v -0.002490 0.032482 0.001960
v -0.002461 0.032476 -0.001610
v -0.002433 0.032470 -0.005180
v -0.002400 0.032614 -0.005060
v -0.002400 0.032614 -0.001520
v -0.002400 0.032614 0.002020
v -0.002400 0.032614 0.005560
v 0.003070 0.057279 0.009250
v 0.003001 0.057446 0.009083
v -0.003070 0.057279 0.009250
v -0.003001 0.057446 0.009083
v 0.002863 0.063586 0.009250
v 0.002895 0.063401 0.009083
v -0.002959 0.063588 0.009250
v -0.003001 0.063401 0.009083
v 0.003054 0.063585 0.009250
v 0.003001 0.063401 0.009083
v -0.003268 0.057477 0.009250
v -0.003101 0.057546 0.009083
v -0.003268 0.063282 0.009250
v -0.003101 0.063301 0.009083
v 0.003268 0.057477 0.009250
v 0.003101 0.057546 0.009083
v 0.003268 0.063371 0.009250
v 0.003101 0.063301 0.009083
v -0.000967 0.054233 0.002161
v -0.000967 0.054383 0.002011
v -0.001117 0.054383 0.002161
v 0.000917 0.054233 0.002161
v 0.001067 0.054383 0.002161
v 0.000917 0.054383 0.002011
v -0.001117 0.057296 0.002161
v -0.000967 0.057296 0.002011
v -0.001267 0.057446 0.001861
v 0.001067 0.057296 0.002161
v 0.001217 0.057446 0.001861
v 0.000917 0.057296 0.002011
v 0.000917 0.054233 0.009100
v 0.001217 0.054083 0.009250
v 0.001067 0.054383 0.009100
v 0.001067 0.057296 0.009021
v 0.001217 0.057446 0.009083
v 0.001217 0.057279 0.009250
v 0.001067 0.057217 0.009100
v -0.000967 0.054233 0.009100
v -0.001117 0.054383 0.009100
v -0.001267 0.054083 0.009250
v -0.001267 0.057279 0.009250
v -0.001117 0.057217 0.009100
v -0.001267 0.057446 0.009083
v -0.001117 0.057296 0.009021
v 0.012325 0.049992 0.008132
v -0.012161 0.051656 0.008132
v 0.006839 0.049452 0.008132
v -0.007105 0.048954 0.008132
v -0.011895 0.052154 0.008132
v 0.012380 0.050554 0.008132
v 0.012161 0.051656 0.008132
v -0.007464 0.048518 0.008132
v -0.011536 0.052591 0.008132
v 0.007105 0.048954 0.008132
v -0.011100 0.052949 0.008132
v 0.011895 0.052154 0.008132
v -0.007900 0.048160 0.008132
v 0.007464 0.048518 0.008132
v -0.010602 0.053215 0.008132
v 0.011536 0.052591 0.008132
v -0.008398 0.047893 0.008132
v 0.007900 0.048160 0.008132
v -0.008938 0.047729 0.008132
v -0.010062 0.053379 0.008132
v 0.011100 0.052949 0.008132
v 0.008398 0.047893 0.008132
v -0.009500 0.053434 0.008132
v -0.009500 0.047674 0.008132
v 0.010602 0.053215 0.008132
v 0.008938 0.047729 0.008132
v -0.008938 0.053379 0.008132
v -0.010062 0.047729 0.008132
v 0.010062 0.053379 0.008132
v 0.009500 0.047674 0.008132
v -0.008398 0.053215 0.008132
v -0.010602 0.047893 0.008132
v 0.009500 0.053434 0.008132
v -0.007900 0.052949 0.008132
v 0.010062 0.047729 0.008132
v -0.011100 0.048160 0.008132
v 0.008938 0.053379 0.008132
v -0.007464 0.052591 0.008132
v -0.011536 0.048518 0.008132
v 0.010602 0.047893 0.008132
v -0.007105 0.052154 0.008132
v 0.008398 0.053215 0.008132
v -0.011895 0.048954 0.008132
v 0.011100 0.048160 0.008132
v -0.006839 0.051656 0.008132
v -0.012161 0.049452 0.008132
v 0.007900 0.052949 0.008132
v 0.011536 0.048518 0.008132
v -0.006675 0.051116 0.008132
v -0.012325 0.049992 0.008132
v 0.007464 0.052591 0.008132
v 0.011895 0.048954 0.008132
v -0.012325 0.051116 0.008132
v -0.006620 0.050554 0.008132
v 0.007105 0.052154 0.008132
v 0.012161 0.049452 0.008132
v -0.012380 0.050554 0.008132
v -0.006675 0.049992 0.008132
v 0.006839 0.051656 0.008132
v -0.006839 0.049452 0.008132
v 0.012325 0.051116 0.008132
v 0.006675 0.051116 0.008132
v 0.006620 0.050554 0.008132
v 0.006675 0.049992 0.008132
v 0.011881 0.050081 0.009325
v 0.011980 0.050061 0.009425
v -0.011836 0.051522 0.009425
v -0.011743 0.051483 0.009325
v 0.007164 0.049587 0.009425
v 0.007257 0.049625 0.009325
v -0.007481 0.049205 0.009325
v -0.007398 0.049150 0.009425
v -0.011519 0.051903 0.009325
v -0.011602 0.051959 0.009425
v 0.012028 0.050554 0.009425
v 0.011928 0.050554 0.009325
v 0.011743 0.051483 0.009325
v 0.011836 0.051522 0.009425
v -0.007783 0.048837 0.009325
v -0.007712 0.048766 0.009425
v -0.011217 0.052271 0.009325
v -0.011288 0.052342 0.009425
v 0.007398 0.049150 0.009425
v 0.007481 0.049205 0.009325
v -0.010849 0.052573 0.009325
v -0.010905 0.052656 0.009425
v 0.011602 0.051959 0.009425
v 0.011519 0.051903 0.009325
v -0.008151 0.048535 0.009325
v -0.008095 0.048452 0.009425
v 0.007712 0.048766 0.009425
v 0.007783 0.048837 0.009325
v -0.010429 0.052797 0.009325
v -0.010468 0.052890 0.009425
v 0.011288 0.052342 0.009425
v 0.011217 0.052271 0.009325
v -0.008571 0.048311 0.009325
v -0.008532 0.048218 0.009425
v 0.008095 0.048452 0.009425
v 0.008151 0.048535 0.009325
v -0.009026 0.048173 0.009325
v -0.009007 0.048074 0.009425
v -0.009974 0.052935 0.009325
v -0.009993 0.053034 0.009425
v 0.010905 0.052656 0.009425
v 0.010849 0.052573 0.009325
v 0.008532 0.048218 0.009425
v 0.008571 0.048311 0.009325
v -0.009500 0.052982 0.009325
v -0.009500 0.053082 0.009425
v -0.009500 0.048126 0.009325
v -0.009500 0.048026 0.009425
v 0.010468 0.052890 0.009425
v 0.010429 0.052797 0.009325
v 0.009007 0.048074 0.009425
v 0.009026 0.048173 0.009325
v -0.009026 0.052935 0.009325
v -0.009007 0.053034 0.009425
v -0.009974 0.048173 0.009325
v -0.009993 0.048074 0.009425
v 0.009993 0.053034 0.009425
v 0.009974 0.052935 0.009325
v 0.009500 0.048026 0.009425
v 0.009500 0.048126 0.009325
v -0.008571 0.052797 0.009325
v -0.008532 0.052890 0.009425
v -0.010429 0.048311 0.009325
v -0.010468 0.048218 0.009425
v 0.009500 0.053082 0.009425
v 0.009500 0.052982 0.009325
v -0.008151 0.052573 0.009325
v -0.008095 0.052656 0.009425
v 0.009993 0.048074 0.009425
v 0.009974 0.048173 0.009325
v -0.010849 0.048535 0.009325
v -0.010905 0.048452 0.009425
v 0.009007 0.053034 0.009425
v 0.009026 0.052935 0.009325
v -0.007783 0.052271 0.009325
v -0.007712 0.052342 0.009425
v -0.011217 0.048837 0.009325
v -0.011288 0.048766 0.009425
v 0.010468 0.048218 0.009425
v 0.010429 0.048311 0.009325
v -0.007481 0.051903 0.009325
v -0.007398 0.051959 0.009425
v 0.008532 0.052890 0.009425
v 0.008571 0.052797 0.009325
v -0.011519 0.049205 0.009325
v -0.011602 0.049150 0.009425
v 0.010905 0.048452 0.009425
v 0.010849 0.048535 0.009325
v -0.007257 0.051483 0.009325
v -0.007164 0.051522 0.009425
v -0.011743 0.049625 0.009325
v -0.011836 0.049587 0.009425
v 0.008095 0.052656 0.009425
v 0.008151 0.052573 0.009325
v 0.011288 0.048766 0.009425
v 0.011217 0.048837 0.009325
v -0.007119 0.051028 0.009325
v -0.007020 0.051047 0.009425
v -0.011980 0.050061 0.009425
v -0.011881 0.050081 0.009325
v 0.007783 0.052271 0.009325
v 0.007712 0.052342 0.009425
v 0.011602 0.049150 0.009425
v 0.011519 0.049205 0.009325
v -0.011980 0.051047 0.009425
v -0.011881 0.051028 0.009325
v -0.007072 0.050554 0.009325
v -0.006972 0.050554 0.009425
v 0.007398 0.051959 0.009425
v 0.007481 0.051903 0.009325
v 0.011836 0.049587 0.009425
v 0.011743 0.049625 0.009325
v -0.011928 0.050554 0.009325
v -0.012028 0.050554 0.009425
v -0.007119 0.050081 0.009325
v -0.007020 0.050061 0.009425
v 0.007164 0.051522 0.009425
v 0.007257 0.051483 0.009325
v -0.007257 0.049625 0.009325
v -0.007164 0.049587 0.009425
v 0.011881 0.051028 0.009325
v 0.011980 0.051047 0.009425
v 0.007020 0.051047 0.009425
v 0.007119 0.051028 0.009325
v 0.006972 0.050554 0.009425
v 0.007072 0.050554 0.009325
v 0.007020 0.050061 0.009425
v 0.007119 0.050081 0.009325
v 0.011980 0.050061 0.008307
v 0.011881 0.050081 0.008407
v -0.011743 0.051483 0.008407
v -0.011836 0.051522 0.008307
v 0.007257 0.049625 0.008407
v 0.007164 0.049587 0.008307
v -0.007398 0.049150 0.008307
v -0.007481 0.049205 0.008407
v -0.011602 0.051959 0.008307
v -0.011519 0.051903 0.008407
v 0.011928 0.050554 0.008407
v 0.012028 0.050554 0.008307
v 0.011836 0.051522 0.008307
v 0.011743 0.051483 0.008407
v -0.007712 0.048766 0.008307
v -0.007783 0.048837 0.008407
v -0.011288 0.052342 0.008307
v -0.011217 0.052271 0.008407
v 0.007481 0.049205 0.008407
v 0.007398 0.049150 0.008307
v -0.010905 0.052656 0.008307
v -0.010849 0.052573 0.008407
v 0.011519 0.051903 0.008407
v 0.011602 0.051959 0.008307
v -0.008095 0.048452 0.008307
v -0.008151 0.048535 0.008407
v 0.007783 0.048837 0.008407
v 0.007712 0.048766 0.008307
v -0.010468 0.052890 0.008307
v -0.010429 0.052797 0.008407
v 0.011217 0.052271 0.008407
v 0.011288 0.052342 0.008307
v -0.008532 0.048218 0.008307
v -0.008571 0.048311 0.008407
v 0.008151 0.048535 0.008407
v 0.008095 0.048452 0.008307
v -0.009007 0.048074 0.008307
v -0.009026 0.048173 0.008407
v -0.009993 0.053034 0.008307
v -0.009974 0.052935 0.008407
v 0.010849 0.052573 0.008407
v 0.010905 0.052656 0.008307
v 0.008571 0.048311 0.008407
v 0.008532 0.048218 0.008307
v -0.009500 0.053082 0.008307
v -0.009500 0.052982 0.008407
v -0.009500 0.048026 0.008307
v -0.009500 0.048126 0.008407
v 0.010429 0.052797 0.008407
v 0.010468 0.052890 0.008307
v 0.009026 0.048173 0.008407
v 0.009007 0.048074 0.008307
v -0.009007 0.053034 0.008307
v -0.009026 0.052935 0.008407
v -0.009993 0.048074 0.008307
v -0.009974 0.048173 0.008407
v 0.009974 0.052935 0.008407
v 0.009993 0.053034 0.008307
v 0.009500 0.048126 0.008407
v 0.009500 0.048026 0.008307
v -0.008532 0.052890 0.008307
v -0.008571 0.052797 0.008407
v -0.010468 0.048218 0.008307
v -0.010429 0.048311 0.008407
v 0.009500 0.052982 0.008407
v 0.009500 0.053082 0.008307
v -0.008095 0.052656 0.008307
v -0.008151 0.052573 0.008407
v 0.009974 0.048173 0.008407
v 0.009993 0.048074 0.008307
v -0.010905 0.048452 0.008307
v -0.010849 0.048535 0.008407
v 0.009026 0.052935 0.008407
v 0.009007 0.053034 0.008307
v -0.007712 0.052342 0.008307
v -0.007783 0.052271 0.008407
v -0.011288 0.048766 0.008307
v -0.011217 0.048837 0.008407
v 0.010429 0.048311 0.008407
v 0.010468 0.048218 0.008307
v -0.007398 0.051959 0.008307
v -0.007481 0.051903 0.008407
v 0.008571 0.052797 0.008407
v 0.008532 0.052890 0.008307
v -0.011602 0.049150 0.008307
v -0.011519 0.049205 0.008407
v 0.010849 0.048535 0.008407
v 0.010905 0.048452 0.008307
v -0.007164 0.051522 0.008307
v -0.007257 0.051483 0.008407
v -0.011836 0.049587 0.008307
v -0.011743 0.049625 0.008407
v 0.008151 0.052573 0.008407
v 0.008095 0.052656 0.008307
v 0.011217 0.048837 0.008407
v 0.011288 0.048766 0.008307
v -0.007020 0.051047 0.008307
v -0.007119 0.051028 0.008407
v -0.011881 0.050081 0.008407
v -0.011980 0.050061 0.008307
v 0.007712 0.052342 0.008307
v 0.007783 0.052271 0.008407
v 0.011519 0.049205 0.008407
v 0.011602 0.049150 0.008307
v -0.011881 0.051028 0.008407
v -0.011980 0.051047 0.008307
v -0.006972 0.050554 0.008307
v -0.007072 0.050554 0.008407
v 0.007481 0.051903 0.008407
v 0.007398 0.051959 0.008307
v 0.011743 0.049625 0.008407
v 0.011836 0.049587 0.008307
v -0.012028 0.050554 0.008307
v -0.011928 0.050554 0.008407
v -0.007020 0.050061 0.008307
v -0.007119 0.050081 0.008407
v 0.007257 0.051483 0.008407
v 0.007164 0.051522 0.008307
v -0.007164 0.049587 0.008307
v -0.007257 0.049625 0.008407
v 0.011980 0.051047 0.008307
v 0.011881 0.051028 0.008407
v 0.007119 0.051028 0.008407
v 0.007020 0.051047 0.008307
v 0.007072 0.050554 0.008407
v 0.006972 0.050554 0.008307
v 0.007119 0.050081 0.008407
v 0.007020 0.050061 0.008307
v 0.012226 0.050012 0.009425
v 0.012325 0.049992 0.009325
v -0.012161 0.051656 0.009325
v -0.012068 0.051618 0.009425
v 0.006839 0.049452 0.009325
v 0.006932 0.049490 0.009425
v -0.007189 0.049010 0.009425
v -0.007105 0.048954 0.009325
v -0.011811 0.052098 0.009425
v -0.011895 0.052154 0.009325
v 0.012380 0.050554 0.009325
v 0.012280 0.050554 0.009425
v 0.012068 0.051618 0.009425
v 0.012161 0.051656 0.009325
v -0.007535 0.048589 0.009425
v -0.007464 0.048518 0.009325
v -0.011465 0.052520 0.009425
v -0.011536 0.052591 0.009325
v 0.007105 0.048954 0.009325
v 0.007189 0.049010 0.009425
v -0.011044 0.052865 0.009425
v -0.011100 0.052949 0.009325
v 0.011895 0.052154 0.009325
v 0.011811 0.052098 0.009425
v -0.007956 0.048243 0.009425
v -0.007900 0.048160 0.009325
v 0.007464 0.048518 0.009325
v 0.007535 0.048589 0.009425
v -0.010564 0.053122 0.009425
v -0.010602 0.053215 0.009325
v 0.011536 0.052591 0.009325
v 0.011465 0.052520 0.009425
v -0.008436 0.047986 0.009425
v -0.008398 0.047893 0.009325
v 0.007900 0.048160 0.009325
v 0.007956 0.048243 0.009425
v -0.008958 0.047828 0.009425
v -0.008938 0.047729 0.009325
v -0.010042 0.053280 0.009425
v -0.010062 0.053379 0.009325
v 0.011100 0.052949 0.009325
v 0.011044 0.052865 0.009425
v 0.008398 0.047893 0.009325
v 0.008436 0.047986 0.009425
v -0.009500 0.053334 0.009425
v -0.009500 0.053434 0.009325
v -0.009500 0.047775 0.009425
v -0.009500 0.047674 0.009325
v 0.010602 0.053215 0.009325
v 0.010564 0.053122 0.009425
v 0.008938 0.047729 0.009325
v 0.008958 0.047828 0.009425
v -0.008958 0.053280 0.009425
v -0.008938 0.053379 0.009325
v -0.010042 0.047828 0.009425
v -0.010062 0.047729 0.009325
v 0.010062 0.053379 0.009325
v 0.010042 0.053280 0.009425
v 0.009500 0.047674 0.009325
v 0.009500 0.047775 0.009425
v -0.008436 0.053122 0.009425
v -0.008398 0.053215 0.009325
v -0.010564 0.047986 0.009425
v -0.010602 0.047893 0.009325
v 0.009500 0.053434 0.009325
v 0.009500 0.053334 0.009425
v -0.007956 0.052865 0.009425
v -0.007900 0.052949 0.009325
v 0.010062 0.047729 0.009325
v 0.010042 0.047828 0.009425
v -0.011044 0.048243 0.009425
v -0.011100 0.048160 0.009325
v 0.008938 0.053379 0.009325
v 0.008958 0.053280 0.009425
v -0.007535 0.052520 0.009425
v -0.007464 0.052591 0.009325
v -0.011465 0.048589 0.009425
v -0.011536 0.048518 0.009325
v 0.010602 0.047893 0.009325
v 0.010564 0.047986 0.009425
v -0.007189 0.052098 0.009425
v -0.007105 0.052154 0.009325
v 0.008398 0.053215 0.009325
v 0.008436 0.053122 0.009425
v -0.011811 0.049010 0.009425
v -0.011895 0.048954 0.009325
v 0.011100 0.048160 0.009325
v 0.011044 0.048243 0.009425
v -0.006932 0.051618 0.009425
v -0.006839 0.051656 0.009325
v -0.012068 0.049490 0.009425
v -0.012161 0.049452 0.009325
v 0.007900 0.052949 0.009325
v 0.007956 0.052865 0.009425
v 0.011536 0.048518 0.009325
v 0.011465 0.048589 0.009425
v -0.006774 0.051096 0.009425
v -0.006675 0.051116 0.009325
v -0.012325 0.049992 0.009325
v -0.012226 0.050012 0.009425
v 0.007535 0.052520 0.009425
v 0.007464 0.052591 0.009325
v 0.011895 0.048954 0.009325
v 0.011811 0.049010 0.009425
v -0.012325 0.051116 0.009325
v -0.012226 0.051096 0.009425
v -0.006721 0.050554 0.009425
v -0.006620 0.050554 0.009325
v 0.007105 0.052154 0.009325
v 0.007189 0.052098 0.009425
v 0.012161 0.049452 0.009325
v 0.012068 0.049490 0.009425
v -0.012280 0.050554 0.009425
v -0.012380 0.050554 0.009325
v -0.006774 0.050012 0.009425
v -0.006675 0.049992 0.009325
v 0.006839 0.051656 0.009325
v 0.006932 0.051618 0.009425
v -0.006932 0.049490 0.009425
v -0.006839 0.049452 0.009325
v 0.012226 0.051096 0.009425
v 0.012325 0.051116 0.009325
v 0.006675 0.051116 0.009325
v 0.006774 0.051096 0.009425
v 0.006620 0.050554 0.009325
v 0.006721 0.050554 0.009425
v 0.006675 0.049992 0.009325
v 0.006774 0.050012 0.009425
v 0.012325 0.049992 0.008407
v 0.012226 0.050012 0.008307
v -0.012068 0.051618 0.008307
v -0.012161 0.051656 0.008407
v 0.006932 0.049490 0.008307
v 0.006839 0.049452 0.008407
v -0.007105 0.048954 0.008407
v -0.007189 0.049010 0.008307
v -0.011895 0.052154 0.008407
v -0.011811 0.052098 0.008307
v 0.012280 0.050554 0.008307
v 0.012380 0.050554 0.008407
v 0.012161 0.051656 0.008407
v 0.012068 0.051618 0.008307
v -0.007464 0.048518 0.008407
v -0.007535 0.048589 0.008307
v -0.011536 0.052591 0.008407
v -0.011465 0.052520 0.008307
v 0.007189 0.049010 0.008307
v 0.007105 0.048954 0.008407
v -0.011100 0.052949 0.008407
v -0.011044 0.052865 0.008307
v 0.011811 0.052098 0.008307
v 0.011895 0.052154 0.008407
v -0.007900 0.048160 0.008407
v -0.007956 0.048243 0.008307
v 0.007535 0.048589 0.008307
v 0.007464 0.048518 0.008407
v -0.010602 0.053215 0.008407
v -0.010564 0.053122 0.008307
v 0.011465 0.052520 0.008307
v 0.011536 0.052591 0.008407
v -0.008398 0.047893 0.008407
v -0.008436 0.047986 0.008307
v 0.007956 0.048243 0.008307
v 0.007900 0.048160 0.008407
v -0.008938 0.047729 0.008407
v -0.008958 0.047828 0.008307
v -0.010062 0.053379 0.008407
v -0.010042 0.053280 0.008307
v 0.011044 0.052865 0.008307
v 0.011100 0.052949 0.008407
v 0.008436 0.047986 0.008307
v 0.008398 0.047893 0.008407
v -0.009500 0.053434 0.008407
v -0.009500 0.053334 0.008307
v -0.009500 0.047674 0.008407
v -0.009500 0.047775 0.008307
v 0.010564 0.053122 0.008307
v 0.010602 0.053215 0.008407
v 0.008958 0.047828 0.008307
v 0.008938 0.047729 0.008407
v -0.008938 0.053379 0.008407
v -0.008958 0.053280 0.008307
v -0.010062 0.047729 0.008407
v -0.010042 0.047828 0.008307
v 0.010042 0.053280 0.008307
v 0.010062 0.053379 0.008407
v 0.009500 0.047775 0.008307
v 0.009500 0.047674 0.008407
v -0.008398 0.053215 0.008407
v -0.008436 0.053122 0.008307
v -0.010602 0.047893 0.008407
v -0.010564 0.047986 0.008307
v 0.009500 0.053334 0.008307
v 0.009500 0.053434 0.008407
v -0.007900 0.052949 0.008407
v -0.007956 0.052865 0.008307
v 0.010042 0.047828 0.008307
v 0.010062 0.047729 0.008407
v -0.011100 0.048160 0.008407
v -0.011044 0.048243 0.008307
v 0.008958 0.053280 0.008307
v 0.008938 0.053379 0.008407
v -0.007464 0.052591 0.008407
v -0.007535 0.052520 0.008307
v -0.011536 0.048518 0.008407
v -0.011465 0.048589 0.008307
v 0.010564 0.047986 0.008307
v 0.010602 0.047893 0.008407
v -0.007105 0.052154 0.008407
v -0.007189 0.052098 0.008307
v 0.008436 0.053122 0.008307
v 0.008398 0.053215 0.008407
v -0.011895 0.048954 0.008407
v -0.011811 0.049010 0.008307
v 0.011044 0.048243 0.008307
v 0.011100 0.048160 0.008407
v -0.006839 0.051656 0.008407
v -0.006932 0.051618 0.008307
v -0.012161 0.049452 0.008407
v -0.012068 0.049490 0.008307
v 0.007956 0.052865 0.008307
v 0.007900 0.052949 0.008407
v 0.011465 0.048589 0.008307
v 0.011536 0.048518 0.008407
v -0.006675 0.051116 0.008407
v -0.006774 0.051096 0.008307
v -0.012226 0.050012 0.008307
v -0.012325 0.049992 0.008407
v 0.007464 0.052591 0.008407
v 0.007535 0.052520 0.008307
v 0.011811 0.049010 0.008307
v 0.011895 0.048954 0.008407
v -0.012226 0.051096 0.008307
v -0.012325 0.051116 0.008407
v -0.006620 0.050554 0.008407
v -0.006721 0.050554 0.008307
v 0.007189 0.052098 0.008307
v 0.007105 0.052154 0.008407
v 0.012068 0.049490 0.008307
v 0.012161 0.049452 0.008407
v -0.012380 0.050554 0.008407
v -0.012280 0.050554 0.008307
v -0.006675 0.049992 0.008407
v -0.006774 0.050012 0.008307
v 0.006932 0.051618 0.008307
v 0.006839 0.051656 0.008407
v -0.006839 0.049452 0.008407
v -0.006932 0.049490 0.008307
v 0.012325 0.051116 0.008407
v 0.012226 0.051096 0.008307
v 0.006774 0.051096 0.008307
v 0.006675 0.051116 0.008407
v 0.006721 0.050554 0.008307
v 0.006620 0.050554 0.008407
v 0.006774 0.050012 0.008307
v 0.006675 0.049992 0.008407
vn 1.0000 -0.0000 -0.0000
vn -0.0000 0.7278 0.6858
vn -1.0000 -0.0000 -0.0000
vn -0.0000 1.0000 -0.0000
vn -0.9569 -0.2903 -0.0000
vn -0.0000 -0.0000 1.0000
vn -0.0000 -1.0000 -0.0000
vn 0.7730 -0.6344 -0.0000
vn -0.0000 -0.7349 -0.6782
vn -0.0000 -0.9604 -0.2786
vn -0.0000 -0.0004 -1.0000
vn -0.0000 -0.0000 -1.0000
vn -0.0000 0.9604 0.2787
vn -0.0000 -0.0004 1.0000
vn 0.9923 0.0938 -0.0804
vn -0.9923 0.0938 -0.0804
vn 0.8819 -0.4714 -0.0000
vn -0.7730 -0.6344 -0.0000
vn -0.0980 0.9952 -0.0000
vn 0.9569 -0.2903 -0.0000
vn -0.9569 0.2903 -0.0000
vn 0.9569 0.2903 -0.0000
vn 0.0980 0.9952 -0.0000
vn -0.4714 0.8819 -0.0000
vn -0.6344 0.7730 -0.0000
vn -0.7730 0.6344 -0.0000
vn -0.8819 0.4714 -0.0000
vn 0.8819 0.4714 -0.0000
vn 0.7730 0.6344 -0.0000
vn 0.6344 0.7730 -0.0000
vn 0.4714 0.8819 -0.0000
vn 0.2903 0.9569 -0.0000
vn 0.9952 -0.0980 -0.0000
vn -0.2903 0.9569 -0.0000
vn -0.8819 -0.4714 -0.0000
vn 0.9952 0.0980 -0.0000
vn -0.6344 -0.7730 -0.0000
vn -0.4714 -0.8819 -0.0000
vn -0.2903 -0.9569 -0.0000
vn -0.0980 -0.9952 -0.0000
vn 0.0980 -0.9952 -0.0000
vn 0.2903 -0.9569 -0.0000
vn 0.4714 -0.8819 -0.0000
vn 0.6344 -0.7730 -0.0000
vn -0.9952 0.0980 -0.0000
vn -0.9952 -0.0980 -0.0000
vn 0.5766 0.5779 -0.5776
vn -0.5766 0.5779 -0.5776
vn 0.5543 0.3556 0.7525
vn -0.5543 0.3556 0.7525
vn 0.5774 -0.5774 0.5774
vn -0.5774 -0.5774 0.5774
vn 0.3015 -0.3015 0.9045
vn 0.2977 0.3078 0.9037
vn -0.2979 0.3079 0.9036
vn -0.3015 -0.3015 0.9045
vn 0.5774 -0.5774 0.5773
vn 0.5774 0.5773 0.5773
vn -0.5774 0.5773 0.5773
vn -0.5773 -0.5774 0.5774
vn 0.5773 -0.5774 -0.5773
vn -0.5773 -0.5774 -0.5773
vn 0.5774 -0.5774 -0.5773
vn 0.5774 0.5773 -0.5773
vn -0.5774 0.5773 -0.5773
vn -0.5773 -0.5774 -0.5774
vn 0.5761 -0.5785 -0.5774
vn -0.5761 -0.5785 -0.5775
vn 0.8054 -0.1591 -0.5710
vn -0.8054 -0.1591 -0.5710
vn 0.9045 0.3015 -0.3015
vn -0.9045 0.3015 -0.3015
vn 0.3015 -0.3015 -0.9045
vn 0.2967 0.3098 -0.9033
vn -0.2966 0.3097 -0.9034
vn -0.3015 -0.3015 -0.9045
vn -0.3015 -0.9045 -0.3015
vn -0.3015 0.9045 -0.3015
vn 0.3015 0.9045 -0.3015
vn 0.3015 -0.9045 -0.3015
vn 0.5773 0.5774 -0.5773
vn -0.5773 0.5774 -0.5773
vn -0.5774 -0.5774 -0.5773
vn 0.5773 -0.5774 -0.5774
vn 0.7019 0.5633 0.4359
vn -0.7019 0.5633 0.4359
vn -0.0000 0.7071 -0.7071
vn 0.7056 0.6805 0.1975
vn -0.7063 0.7079 -0.0000
vn -0.0000 0.3962 0.9182
vn 0.7063 0.7079 -0.0000
vn 0.7063 0.7080 -0.0000
vn 0.7061 0.7081 -0.0000
vn 0.7059 0.7083 -0.0000
vn -0.7056 0.6805 0.1975
vn -0.7059 0.7083 -0.0000
vn -0.7061 0.7081 -0.0000
vn -0.7063 0.7080 -0.0000
vn -0.0000 -0.7071 0.7071
vn 0.7112 -0.0003 0.7030
vn -0.7071 -0.0000 0.7071
vn 0.7071 -0.0000 0.7071
vn -0.7113 -0.0003 0.7029
vn -0.0000 0.7071 0.7071
vn -0.0000 0.7070 0.7072
vn -0.6767 -0.2053 0.7071
vn -0.6236 -0.3333 0.7071
vn -0.5466 -0.4486 0.7071
vn 0.5466 -0.4486 0.7071
vn 0.6236 -0.3333 0.7071
vn 0.6767 -0.2053 0.7071
vn -0.6767 0.2053 0.7071
vn 0.6767 0.2053 0.7071
vn -0.0693 0.7037 0.7071
vn -0.2053 0.6767 0.7071
vn -0.3333 0.6236 0.7071
vn -0.4486 0.5466 0.7071
vn -0.5466 0.4486 0.7071
vn -0.6236 0.3333 0.7071
vn 0.6236 0.3333 0.7071
vn 0.5466 0.4486 0.7071
vn 0.4486 0.5466 0.7071
vn 0.3333 0.6236 0.7071
vn 0.2053 0.6767 0.7071
vn 0.0693 0.7037 0.7071
vn 0.7037 -0.0693 0.7071
vn 0.7037 0.0693 0.7071
vn -0.4486 -0.5466 0.7071
vn -0.3333 -0.6236 0.7071
vn -0.2053 -0.6766 0.7071
vn -0.0693 -0.7037 0.7071
vn 0.0693 -0.7037 0.7071
vn 0.2053 -0.6767 0.7071
vn 0.3333 -0.6236 0.7071
vn 0.4486 -0.5466 0.7071
vn -0.7037 0.0693 0.7071
vn -0.7037 -0.0693 0.7071
vn -0.0000 -0.7071 -0.7071
vn 0.7071 -0.7071 -0.0000
vn -0.7071 -0.7071 -0.0000
vn 0.7071 -0.0000 -0.7071
vn -0.7071 -0.0000 -0.7071
vn 0.7071 0.7071 -0.0000
vn -0.7071 0.7071 -0.0000
vn 0.7039 -0.4356 -0.5610
vn -0.7039 -0.4356 -0.5610
vn 0.7042 -0.6819 -0.1978
vn -0.7056 -0.7086 -0.0000
vn -0.0000 -0.4013 -0.9159
vn 0.7056 -0.7086 -0.0000
vn 0.7055 -0.7087 -0.0000
vn 0.7052 -0.7090 -0.0000
vn 0.7048 -0.7094 -0.0000
vn -0.7042 -0.6819 -0.1978
vn -0.7048 -0.7094 -0.0000
vn -0.7052 -0.7090 -0.0000
vn -0.7055 -0.7087 -0.0000
vn 0.7125 -0.0003 -0.7017
vn -0.7124 -0.0003 -0.7017
vn -0.0000 0.7070 -0.7072
vn -0.6767 -0.2053 -0.7071
vn -0.6236 -0.3333 -0.7071
vn -0.5466 -0.4486 -0.7071
vn 0.5466 -0.4486 -0.7071
vn 0.6236 -0.3333 -0.7071
vn 0.6767 -0.2053 -0.7071
vn -0.6767 0.2053 -0.7071
vn 0.6767 0.2053 -0.7071
vn -0.0693 0.7037 -0.7071
vn -0.2053 0.6767 -0.7071
vn -0.3333 0.6236 -0.7071
vn -0.4486 0.5466 -0.7071
vn -0.5466 0.4486 -0.7071
vn -0.6236 0.3333 -0.7071
vn 0.6236 0.3333 -0.7071
vn 0.5466 0.4486 -0.7071
vn 0.4486 0.5466 -0.7071
vn 0.3333 0.6236 -0.7071
vn 0.2053 0.6767 -0.7071
vn 0.0693 0.7037 -0.7071
vn 0.7037 -0.0693 -0.7071
vn 0.7037 0.0693 -0.7071
vn -0.4486 -0.5466 -0.7071
vn -0.3333 -0.6236 -0.7071
vn -0.2053 -0.6767 -0.7071
vn -0.0693 -0.7037 -0.7071
vn 0.0693 -0.7037 -0.7071
vn 0.2053 -0.6767 -0.7071
vn 0.3333 -0.6236 -0.7071
vn 0.4486 -0.5466 -0.7071
vn -0.7037 0.0693 -0.7071
vn -0.7037 -0.0693 -0.7071
vn 0.4779 0.0669 0.8759
vn 0.2058 0.2806 0.9375
vn -0.2451 -0.3344 0.9100
vn -0.4996 -0.0550 0.8645
vn 0.4227 0.0908 0.9017
vn -0.4450 -0.1259 0.8866
vn -0.3502 -0.0000 0.9367
vn -0.3446 0.0625 0.9367
vn 0.4058 -0.0735 0.9110
vn 0.4125 0.0001 0.9110
vn 0.3502 -0.0000 0.9367
vn 0.3441 -0.0624 0.9368
vn -0.4061 0.0737 0.9108
vn -0.4125 0.0001 0.9110
vn -0.3515 -0.1326 -0.9267
vn -0.3207 -0.1952 -0.9268
vn 0.3310 0.2015 -0.9219
vn 0.3624 0.1367 -0.9219
vn -0.4779 0.0669 0.8759
vn -0.4227 0.0908 0.9017
vn 0.4450 -0.1259 0.8866
vn 0.4996 -0.0550 0.8645
vn -0.0000 0.3627 0.9319
vn -0.0000 -0.3987 0.9171
vn -0.9357 -0.3525 0.0143
vn -0.8544 -0.5194 0.0147
vn -0.8545 -0.5193 0.0147
vn -0.9356 -0.3527 0.0143
vn -0.2058 0.2806 0.9375
vn 0.2451 -0.3344 0.9100
vn -0.2042 -0.2787 0.9384
vn -0.2562 -0.2336 0.9380
vn 0.3068 0.2797 0.9097
vn 0.2459 0.3356 0.9093
vn -0.2576 0.2348 0.9373
vn 0.3059 -0.2789 0.9103
vn 0.9839 0.1783 0.0135
vn 0.9357 0.3526 0.0134
vn 0.9357 0.3525 0.0134
vn 0.9840 0.1779 0.0135
vn -0.2984 0.1817 0.9370
vn 0.3529 -0.2149 0.9106
vn -0.3274 0.1236 0.9368
vn 0.3861 -0.1457 0.9109
vn 0.3265 -0.1233 0.9371
vn -0.3867 0.1461 0.9106
vn 0.2984 0.1817 0.9370
vn 0.3274 0.1236 0.9368
vn -0.3861 -0.1457 0.9109
vn -0.3529 -0.2149 0.9106
vn -0.4613 -0.1094 0.8805
vn -0.1152 0.4798 0.8698
vn -0.9840 0.1778 0.0135
vn -0.9999 -0.0001 0.0136
vn -0.9999 0.0001 0.0136
vn -0.9840 0.1779 0.0135
vn -0.2972 -0.1810 0.9375
vn -0.3265 -0.1233 0.9371
vn 0.3867 0.1461 0.9106
vn 0.3537 0.2155 0.9102
vn -0.9999 -0.0092 0.0050
vn -0.9999 -0.0092 0.0054
vn -0.4788 0.8779 -0.0111
vn -0.4788 0.8779 -0.0107
vn 0.3446 0.0625 0.9367
vn -0.4058 -0.0735 0.9110
vn 0.9999 -0.0092 0.0050
vn 0.9999 -0.0092 0.0054
vn 0.4788 0.8779 -0.0111
vn 0.4788 0.8779 -0.0108
vn 0.2576 0.2348 0.9373
vn -0.3059 -0.2789 0.9103
vn -0.3441 -0.0624 0.9368
vn 0.4061 0.0737 0.9108
vn 0.2972 -0.1810 0.9375
vn -0.3537 0.2155 0.9102
vn 0.8545 -0.5193 0.0147
vn 0.9357 -0.3526 0.0143
vn 0.9357 -0.3525 0.0143
vn -0.6261 -0.7796 -0.0136
vn -0.6261 -0.7796 -0.0135
vn -0.7368 -0.6760 -0.0124
vn -0.7368 -0.6760 -0.0125
vn -0.9984 -0.0568 -0.0077
vn -0.9984 -0.0568 -0.0057
vn -0.9979 -0.0643 -0.0060
vn -0.7395 0.6730 -0.0151
vn -0.8543 0.5195 -0.0147
vn -0.9839 0.1784 -0.0139
vn -0.9839 0.1783 -0.0139
vn -0.9999 -0.0001 -0.0136
vn -0.9999 0.0001 -0.0136
vn 0.9979 -0.0643 -0.0060
vn 0.9984 -0.0568 -0.0077
vn 0.9984 -0.0569 -0.0057
vn -0.1575 -0.9874 -0.0176
vn -0.1576 -0.9873 -0.0185
vn -0.0000 -0.9999 -0.0171
vn 0.9356 0.3528 -0.0143
vn 0.9355 0.3530 -0.0143
vn 0.8543 0.5195 -0.0147
vn 0.8542 0.5197 -0.0147
vn 0.1576 -0.9873 -0.0176
vn 0.1575 -0.9873 -0.0185
vn 0.7368 -0.6760 -0.0124
vn 0.7368 -0.6760 -0.0125
vn 0.6261 -0.7796 -0.0136
vn 0.6261 -0.7796 -0.0135
vn 0.7395 0.6730 -0.0151
vn 0.7394 0.6731 -0.0151
vn 0.6096 0.7925 -0.0155
vn 0.6096 0.7925 -0.0156
vn 0.7394 -0.6731 -0.0135
vn -0.9840 -0.1778 -0.0135
vn -0.9839 -0.1780 -0.0135
vn -0.9355 -0.3532 -0.0134
vn -0.9356 -0.3528 -0.0134
vn 0.8544 -0.5195 -0.0134
vn 0.9357 -0.3526 -0.0134
vn 0.9357 -0.3527 -0.0134
vn -0.9356 0.3527 -0.0143
vn -0.9357 0.3526 -0.0143
vn -0.8544 -0.5195 -0.0134
vn 0.2083 0.9779 -0.0158
vn 0.2082 0.9779 -0.0161
vn 0.9839 -0.1783 -0.0135
vn 0.9839 -0.1784 -0.0135
vn 0.9999 -0.0001 -0.0136
vn 0.9999 0.0001 -0.0136
vn -0.2082 0.9779 -0.0159
vn -0.2082 0.9779 -0.0161
vn -0.6096 0.7925 -0.0156
vn -0.6096 0.7925 -0.0155
vn -0.7395 -0.6730 -0.0135
vn -0.7394 -0.6731 -0.0135
vn 0.9839 0.1783 -0.0139
vn 0.9839 0.1784 -0.0139
vn 0.2772 -0.2526 -0.9270
vn 0.3207 -0.1952 -0.9268
vn -0.3310 0.2015 -0.9219
vn -0.2866 0.2611 -0.9218
vn -0.3697 -0.0670 -0.9267
vn 0.3811 0.0690 -0.9219
vn -0.0000 0.9999 0.0169
vn -0.2600 0.9655 0.0166
vn -0.2600 0.9655 0.0176
vn -0.9978 0.0666 0.0062
vn -0.9983 0.0588 0.0059
vn -0.9982 0.0588 0.0088
vn -0.9977 0.0666 0.0088
vn -0.6750 0.7377 0.0128
vn -0.5939 0.8044 0.0136
vn -0.6749 0.7378 0.0129
vn -0.7398 0.6727 0.0135
vn -0.7398 0.6727 0.0134
vn -0.8545 0.5193 0.0134
vn -0.9356 0.3528 0.0134
vn -0.9357 0.3526 0.0134
vn 0.8546 0.5192 0.0134
vn 0.7397 0.6728 0.0134
vn 0.7398 0.6727 0.0135
vn 0.5939 0.8044 0.0136
vn 0.6749 0.7378 0.0129
vn 0.6749 0.7378 0.0128
vn 0.9982 0.0587 0.0088
vn 0.9977 0.0666 0.0089
vn 0.9978 0.0666 0.0062
vn 0.9983 0.0588 0.0059
vn 0.2600 0.9654 0.0176
vn 0.2600 0.9655 0.0166
vn 0.9839 -0.1781 0.0139
vn 0.9839 -0.1779 0.0139
vn 0.9999 -0.0001 0.0136
vn 0.9999 0.0001 0.0136
vn -0.7398 -0.6727 0.0151
vn -0.7398 -0.6726 0.0151
vn -0.6082 -0.7936 0.0155
vn -0.7719 -0.6356 0.0136
vn -0.7719 -0.6356 0.0135
vn 0.7719 -0.6356 0.0135
vn 0.6082 -0.7936 0.0155
vn 0.7719 -0.6356 0.0136
vn 0.7397 -0.6728 0.0151
vn 0.7397 -0.6727 0.0151
vn -0.9840 -0.1779 0.0139
vn -0.9839 -0.1783 0.0139
vn 0.4462 0.0937 -0.8900
vn -0.0000 0.4016 -0.9158
vn -0.0000 -0.3676 -0.9300
vn -0.4229 -0.1163 -0.8987
vn -0.5010 0.0676 -0.8628
vn -0.2199 0.3002 -0.9282
vn 0.2304 -0.3141 -0.9210
vn 0.4759 -0.0509 -0.8780
vn -0.2759 0.2514 -0.9277
vn 0.2875 -0.2620 -0.9213
vn -0.3195 0.1945 -0.9274
vn 0.3318 -0.2021 -0.9215
vn -0.3506 0.1323 -0.9271
vn 0.3630 -0.1371 -0.9216
vn 0.3506 0.1323 -0.9271
vn 0.3195 0.1945 -0.9274
vn -0.3318 -0.2021 -0.9215
vn -0.3630 -0.1371 -0.9216
vn -0.3693 0.0669 -0.9269
vn -0.3756 -0.0000 -0.9268
vn 0.3874 -0.0001 -0.9219
vn 0.3815 -0.0692 -0.9218
vn 0.2759 0.2514 -0.9277
vn -0.2875 -0.2620 -0.9213
vn 0.2199 0.3002 -0.9282
vn -0.2304 -0.3141 -0.9210
vn 0.5010 0.0676 -0.8628
vn -0.4759 -0.0508 -0.8780
vn 0.3697 -0.0670 -0.9267
vn 0.3756 -0.0000 -0.9268
vn -0.3874 -0.0001 -0.9219
vn -0.3811 0.0690 -0.9219
vn -0.4462 0.0937 -0.8900
vn 0.4229 -0.1163 -0.8987
vn -0.2772 -0.2526 -0.9270
vn -0.2215 -0.3021 -0.9272
vn 0.2295 0.3129 -0.9216
vn 0.2866 0.2611 -0.9218
vn 0.3515 -0.1326 -0.9267
vn -0.3624 0.1367 -0.9219
vn -0.4737 -0.1335 -0.8705
vn -0.1278 0.4552 -0.8812
vn 0.4737 -0.1335 -0.8705
vn 0.2215 -0.3021 -0.9272
vn -0.2295 0.3129 -0.9216
vn 0.1278 0.4552 -0.8812
vn 0.3693 0.0669 -0.9269
vn -0.3815 -0.0692 -0.9218
vn 0.2042 -0.2787 0.9384
vn 0.4613 -0.1094 0.8805
vn 0.1152 0.4798 0.8698
vn -0.2459 0.3356 0.9093
vn 0.2562 -0.2336 0.9380
vn -0.3068 0.2797 0.9097
vn -0.5826 0.1124 0.8050
vn -0.1045 0.5770 0.8100
vn -0.4846 0.5524 0.6783
vn -0.7196 0.1526 0.6774
vn 0.7196 0.1526 0.6774
vn 0.4846 0.5524 0.6783
vn 0.1045 0.5770 0.8100
vn 0.5826 0.1124 0.8050
vn -0.7097 0.1484 0.6887
vn -0.5507 -0.4602 0.6964
vn 0.5507 -0.4602 0.6964
vn 0.7097 0.1484 0.6887
vn -0.1069 0.6072 -0.7873
vn -0.5979 0.1193 -0.7926
vn -0.7351 0.1545 -0.6601
vn -0.4955 0.5656 -0.6592
vn 0.4955 0.5656 -0.6592
vn 0.7351 0.1545 -0.6601
vn 0.5979 0.1193 -0.7926
vn 0.1069 0.6072 -0.7873
vn -0.5614 -0.4778 -0.6757
vn -0.7184 0.1296 -0.6834
vn 0.7184 0.1296 -0.6834
vn 0.5614 -0.4778 -0.6757
vn 0.2430 -0.6990 0.6726
vn 0.6929 -0.2541 0.6748
vn 0.6418 -0.0981 0.7606
vn 0.3999 -0.5146 0.7584
vn -0.3999 -0.5146 0.7584
vn -0.6418 -0.0981 0.7606
vn -0.6929 -0.2541 0.6748
vn -0.2430 -0.6990 0.6726
vn 0.1448 0.7236 0.6749
vn -0.4644 0.5661 0.6811
vn 0.4644 0.5661 0.6811
vn -0.1448 0.7236 0.6749
vn 0.6765 -0.2476 -0.6936
vn 0.2354 -0.6787 -0.6957
vn 0.3888 -0.4984 -0.7749
vn 0.6277 -0.0936 -0.7728
vn -0.6277 -0.0936 -0.7728
vn -0.3888 -0.4984 -0.7749
vn -0.2354 -0.6787 -0.6957
vn -0.6765 -0.2476 -0.6936
vn -0.4738 0.5459 -0.6910
vn 0.1332 0.7045 -0.6971
vn -0.1332 0.7045 -0.6971
vn 0.4738 0.5459 -0.6910
vn 0.6113 -0.3723 -0.6983
vn 0.6694 -0.2527 -0.6986
vn -0.6694 -0.2527 -0.6986
vn -0.6113 -0.3723 -0.6983
vn -0.0000 0.6913 0.7226
vn -0.4119 0.5615 0.7177
vn -0.5146 0.4691 0.7177
vn -0.5947 0.3622 0.7177
vn -0.6515 0.2460 0.7177
vn -0.6851 0.1242 0.7178
vn 0.5947 0.3622 0.7177
vn 0.6515 0.2460 0.7177
vn 0.5146 0.4691 0.7177
vn 0.4119 0.5615 0.7177
vn 0.6847 -0.1241 0.7182
vn 0.6507 -0.2456 0.7185
vn 0.6961 -0.0000 0.7179
vn -0.5134 -0.4680 0.7193
vn -0.5937 -0.3616 0.7189
vn -0.4105 -0.5599 0.7197
vn 0.4105 -0.5599 0.7197
vn 0.5134 -0.4680 0.7193
vn 0.5937 -0.3616 0.7189
vn -0.6847 -0.1241 0.7182
vn -0.6961 -0.0000 0.7179
vn -0.6507 -0.2456 0.7185
vn -0.0000 0.7227 -0.6912
vn -0.4220 0.5761 -0.7000
vn -0.5280 0.4812 -0.6997
vn -0.6103 0.3716 -0.6995
vn -0.6687 0.2524 -0.6994
vn -0.7035 0.1275 -0.6992
vn 0.6687 0.2524 -0.6994
vn 0.6103 0.3717 -0.6995
vn 0.5280 0.4812 -0.6997
vn 0.4220 0.5761 -0.7000
vn 0.7039 -0.1276 -0.6988
vn 0.7151 -0.0000 -0.6990
vn -0.5291 -0.4823 -0.6981
vn -0.4233 -0.5776 -0.6980
vn 0.4233 -0.5776 -0.6980
vn 0.5291 -0.4823 -0.6981
vn 0.7035 0.1275 -0.6992
vn -0.7151 -0.0000 -0.6990
vn -0.7039 -0.1276 -0.6988
vn 0.6851 0.1242 0.7178
vn -0.6506 0.2455 -0.7187
vn -0.5936 0.3615 -0.7190
vn 0.5936 0.3615 -0.7190
vn 0.6506 0.2455 -0.7187
vn -0.0000 -0.7174 0.6967
vn 0.4228 -0.5769 0.6988
vn 0.5287 -0.4819 0.6988
vn 0.6109 -0.3720 0.6988
vn 0.6692 -0.2526 0.6988
vn 0.7039 -0.1276 0.6988
vn -0.6692 -0.2526 0.6988
vn -0.6109 -0.3720 0.6988
vn -0.5287 -0.4819 0.6988
vn -0.4228 -0.5769 0.6988
vn -0.6696 0.2528 0.6984
vn -0.7041 0.1277 0.6985
vn -0.7155 -0.0000 0.6987
vn 0.6114 0.3724 0.6982
vn 0.5292 0.4824 0.6980
vn 0.4234 0.5776 0.6979
vn -0.4234 0.5777 0.6979
vn -0.5292 0.4824 0.6980
vn -0.6114 0.3724 0.6982
vn 0.7155 -0.0000 0.6987
vn 0.7041 0.1277 0.6985
vn 0.6696 0.2528 0.6984
vn -0.0000 -0.6967 -0.7174
vn 0.4110 -0.5606 -0.7189
vn 0.5139 -0.4684 -0.7187
vn 0.5941 -0.3618 -0.7184
vn 0.6509 -0.2458 -0.7182
vn 0.6847 -0.1241 -0.7182
vn -0.5941 -0.3618 -0.7184
vn -0.6509 -0.2458 -0.7182
vn -0.5139 -0.4684 -0.7187
vn -0.4110 -0.5606 -0.7189
vn -0.6845 0.1240 -0.7184
vn -0.6958 -0.0000 -0.7182
vn 0.5134 0.4679 -0.7194
vn 0.4104 0.5599 -0.7198
vn -0.4104 0.5599 -0.7198
vn -0.5134 0.4679 -0.7194
vn -0.6847 -0.1241 -0.7182
vn 0.6845 0.1240 -0.7184
vn 0.6958 -0.0000 -0.7182
vn -0.7039 -0.1276 0.6988
vn -0.0000 0.0005 1.0000
vn 0.9993 0.0360 -0.0073
vn 0.9957 0.0218 0.0898
vn 0.9990 0.0385 0.0236
vn -0.0000 0.0021 -1.0000
vn -0.0000 0.6710 -0.7415
vn 0.3098 0.7937 -0.5235
vn -0.1569 0.6130 -0.7744
vn -0.0000 0.9605 -0.2784
vn 0.0007 -0.7356 0.6774
vn -0.0007 -0.7356 0.6774
vn 0.2008 -0.7120 0.6728
vn -0.2008 -0.7120 0.6728
vn -0.9924 0.0687 0.1025
vn -0.9986 0.0124 0.0509
vn -0.9988 -0.0048 0.0480
vn -0.9973 0.0491 0.0546
vn 0.9934 -0.0213 -0.1126
vn 0.9972 -0.0284 -0.0690
vn 0.9927 -0.0521 -0.1089
vn 0.9804 -0.1478 -0.1304
vn -0.9974 -0.0691 -0.0191
vn -0.9927 -0.0736 -0.0951
vn -0.9792 -0.1975 -0.0463
vn -0.9930 -0.1053 -0.0535
vn -0.0000 -0.9604 0.2788
vn -0.9999 -0.0054 0.0149
vn -0.9999 0.0157 -0.0015
vn 0.5762 -0.5781 -0.5777
vn -0.5762 -0.5781 -0.5777
vn 0.3878 -0.2617 0.8838
vn 0.6108 -0.4094 0.6778
vn 0.5594 -0.3486 0.7520
vn -0.5594 -0.3486 0.7520
vn -0.6108 -0.4094 0.6778
vn -0.3897 -0.2586 0.8839
vn 0.5850 0.5736 0.5733
vn -0.5850 0.5736 0.5733
vn 0.5810 0.5755 -0.5755
vn -0.5810 0.5755 -0.5755
vn 0.5773 0.5774 -0.5774
vn -0.5773 0.5774 -0.5774
vn 0.4270 -0.8946 0.1318
vn 0.2944 0.6873 0.6641
vn 0.3957 0.6053 0.6906
vn 0.1131 0.7218 0.6827
vn -0.7474 0.6629 -0.0446
vn -0.7708 0.6312 -0.0864
vn -0.7320 0.6803 -0.0368
vn -0.2936 -0.9551 -0.0408
vn -0.0017 -0.9902 -0.1393
vn -0.3327 -0.9405 -0.0688
vn 0.9047 -0.3009 -0.3016
vn -0.9047 -0.3009 -0.3016
vn 0.5777 -0.5772 -0.5772
vn -0.5777 -0.5772 -0.5772
vn 0.7029 -0.5789 0.4134
vn 0.7720 -0.5151 0.3724
vn 0.6195 -0.6323 0.4653
vn 0.5239 -0.7196 0.4558
vn -0.7720 -0.5151 0.3724
vn -0.7028 -0.5789 0.4134
vn -0.5231 -0.7179 0.4592
vn -0.6195 -0.6323 0.4653
vn -0.7046 -0.6809 0.1999
vn -0.6902 -0.7165 0.1011
vn -0.6965 -0.7117 0.0921
vn -0.7048 -0.6807 0.1998
vn 0.7059 -0.7083 -0.0000
vn -0.1549 -0.3907 0.9074
vn 0.1549 -0.3907 0.9074
vn 0.0127 -0.3973 0.9176
vn -0.0127 -0.3973 0.9176
vn -0.7059 -0.7083 -0.0000
vn -0.7058 -0.7084 -0.0000
vn -0.7053 -0.7089 -0.0000
vn -0.7068 -0.7074 0.0001
vn -0.7038 -0.7104 0.0001
vn 0.6902 -0.7165 0.1011
vn 0.7046 -0.6809 0.1999
vn 0.7048 -0.6807 0.1999
vn 0.6965 -0.7117 0.0921
vn 0.7069 -0.7073 0.0001
vn 0.7053 -0.7089 -0.0000
vn 0.7037 -0.7105 0.0001
vn 0.7058 -0.7084 -0.0000
vn -0.0000 0.7073 0.7069
vn -0.7110 0.0003 0.7032
vn -0.6947 0.2295 0.6818
vn -0.7267 0.1050 0.6789
vn 0.6920 0.2295 0.6844
vn 0.7110 0.0003 0.7032
vn 0.7267 0.1050 0.6789
vn -0.7105 0.7037 -0.0000
vn 0.7105 0.7037 -0.0000
vn -0.5690 0.6153 -0.5456
vn 0.4325 0.4040 -0.8060
vn 0.3322 0.5394 -0.7737
vn 0.0569 0.5141 -0.8558
vn -0.7072 0.6794 -0.1956
vn -0.7004 0.6788 -0.2205
vn -0.6856 0.6837 -0.2500
vn -0.7072 0.6794 -0.1957
vn -0.0000 -0.9327 -0.3605
vn 0.0383 -0.9198 -0.3904
vn 0.0199 -0.7777 -0.6284
vn -0.0000 0.5301 0.8479
vn -0.1248 0.4055 0.9055
vn -0.1216 0.4805 0.8685
vn -0.7063 0.7079 0.0001
vn -0.7078 0.7064 0.0001
vn 0.3736 0.8863 -0.2737
vn 0.4163 0.8680 -0.2705
vn 0.4708 0.8822 0.0079
vn 0.3628 0.8461 -0.3904
vn 0.7043 0.7079 0.0536
vn 0.8579 0.5073 -0.0818
vn -0.0000 -0.7063 -0.7079
vn -0.3592 -0.1687 -0.9179
vn -0.3300 0.1666 -0.9292
vn -0.3524 0.0366 -0.9351
vn 0.7067 0.0015 -0.7075
vn 0.7075 0.7067 -0.0000
vn -0.7075 0.7067 -0.0000
vn -0.1036 -0.0000 0.9946
vn -0.1016 -0.0202 0.9946
vn -0.0957 -0.0396 0.9946
vn -0.0861 -0.0575 0.9946
vn -0.0732 -0.0732 0.9946
vn -0.0576 -0.0861 0.9946
vn -0.0396 -0.0957 0.9946
vn -0.0208 -0.1016 0.9946
vn 0.0012 -0.1033 0.9946
vn 0.0203 -0.1020 0.9946
vn 0.0385 -0.0959 0.9946
vn 0.0581 -0.0859 0.9946
vn 0.0732 -0.0732 0.9946
vn 0.0861 -0.0576 0.9946
vn 0.0957 -0.0396 0.9946
vn 0.1016 -0.0202 0.9946
vn 0.1036 -0.0000 0.9946
vn 0.1016 0.0202 0.9946
vn 0.0957 0.0396 0.9946
vn 0.0865 0.0571 0.9946
vn 0.0727 0.0735 0.9946
vn 0.0572 0.0866 0.9946
vn 0.0402 0.0954 0.9946
vn 0.0202 0.1016 0.9946
vn -0.0000 0.1036 0.9946
vn -0.0202 0.1016 0.9946
vn -0.0402 0.0954 0.9946
vn -0.0572 0.0866 0.9946
vn -0.0727 0.0735 0.9946
vn -0.0865 0.0571 0.9946
vn -0.0957 0.0396 0.9946
vn -0.1016 0.0202 0.9946
vn 1.0000 -0.0000 0.0081
vn 0.9808 0.1951 0.0081
vn 0.9106 0.1811 0.3714
vn 0.9285 -0.0000 0.3714
vn 0.7136 0.1419 0.6861
vn 0.7275 -0.0000 0.6861
vn 0.3840 0.0764 0.9202
vn 0.3915 -0.0000 0.9202
vn 0.9238 0.3827 0.0081
vn 0.8578 0.3553 0.3714
vn 0.6722 0.2784 0.6861
vn 0.3617 0.1498 0.9202
vn 0.8314 0.5556 0.0081
vn 0.7720 0.5158 0.3714
vn 0.6050 0.4041 0.6861
vn 0.3260 0.2170 0.9201
vn 0.7071 0.7071 0.0081
vn 0.6565 0.6565 0.3714
vn 0.5143 0.5145 0.6861
vn 0.2762 0.2771 0.9203
vn 0.5555 0.8314 0.0081
vn 0.5158 0.7720 0.3715
vn 0.4041 0.6050 0.6861
vn 0.2171 0.3261 0.9201
vn 0.3827 0.9239 0.0081
vn 0.3553 0.8578 0.3715
vn 0.2785 0.6721 0.6861
vn 0.1504 0.3613 0.9202
vn 0.1951 0.9808 0.0081
vn 0.1811 0.9106 0.3714
vn 0.1419 0.7136 0.6861
vn 0.0764 0.3840 0.9202
vn -0.0000 1.0000 0.0081
vn -0.0000 0.9285 0.3714
vn -0.0000 0.7275 0.6861
vn -0.0000 0.3915 0.9202
vn -0.1951 0.9807 0.0081
vn -0.1811 0.9106 0.3714
vn -0.1419 0.7136 0.6861
vn -0.0764 0.3840 0.9202
vn -0.3827 0.9238 0.0081
vn -0.3553 0.8578 0.3715
vn -0.2785 0.6721 0.6861
vn -0.1504 0.3613 0.9202
vn -0.5556 0.8314 0.0081
vn -0.5158 0.7720 0.3715
vn -0.4041 0.6050 0.6861
vn -0.2171 0.3261 0.9201
vn -0.7071 0.7071 0.0081
vn -0.6565 0.6565 0.3714
vn -0.5143 0.5145 0.6861
vn -0.2762 0.2771 0.9203
vn -0.8314 0.5555 0.0081
vn -0.7720 0.5158 0.3714
vn -0.6050 0.4041 0.6861
vn -0.3260 0.2170 0.9201
vn -0.9238 0.3827 0.0081
vn -0.8578 0.3553 0.3714
vn -0.6721 0.2784 0.6861
vn -0.3617 0.1498 0.9202
vn -0.9808 0.1951 0.0081
vn -0.9106 0.1811 0.3714
vn -0.7135 0.1419 0.6861
vn -0.3840 0.0764 0.9202
vn -1.0000 -0.0000 0.0081
vn -0.9285 -0.0000 0.3714
vn -0.7275 -0.0000 0.6861
vn -0.3915 -0.0000 0.9202
vn -0.9808 -0.1951 0.0081
vn -0.9106 -0.1811 0.3714
vn -0.7136 -0.1419 0.6861
vn -0.3840 -0.0764 0.9202
vn -0.9238 -0.3827 0.0081
vn -0.8578 -0.3553 0.3714
vn -0.6721 -0.2784 0.6861
vn -0.3617 -0.1498 0.9202
vn -0.8314 -0.5556 0.0081
vn -0.7720 -0.5158 0.3714
vn -0.6049 -0.4042 0.6861
vn -0.3255 -0.2175 0.9202
vn -0.7071 -0.7071 0.0081
vn -0.6565 -0.6565 0.3714
vn -0.5144 -0.5144 0.6861
vn -0.2768 -0.2768 0.9202
vn -0.5555 -0.8314 0.0081
vn -0.5158 -0.7720 0.3714
vn -0.4043 -0.6048 0.6861
vn -0.2181 -0.3253 0.9201
vn -0.0581 -0.0859 0.9946
vn -0.3827 -0.9239 0.0081
vn -0.3553 -0.8578 0.3715
vn -0.2782 -0.6722 0.6861
vn -0.1485 -0.3619 0.9203
vn -0.0385 -0.0959 0.9946
vn -0.1951 -0.9808 0.0081
vn -0.1811 -0.9106 0.3715
vn -0.1419 -0.7136 0.6861
vn -0.0765 -0.3844 0.9200
vn -0.0203 -0.1020 0.9946
vn -0.0000 -1.0000 0.0081
vn -0.0000 -0.9285 0.3715
vn -0.0003 -0.7275 0.6861
vn -0.0013 -0.3912 0.9203
vn -0.0012 -0.1033 0.9946
vn 0.1951 -0.9808 0.0081
vn 0.1812 -0.9106 0.3714
vn 0.1421 -0.7135 0.6861
vn 0.0771 -0.3840 0.9201
vn 0.0208 -0.1016 0.9946
vn 0.3827 -0.9238 0.0081
vn 0.3553 -0.8578 0.3714
vn 0.2784 -0.6722 0.6861
vn 0.1498 -0.3617 0.9202
vn 0.0396 -0.0957 0.9946
vn 0.5556 -0.8314 0.0081
vn 0.5158 -0.7720 0.3714
vn 0.4042 -0.6049 0.6861
vn 0.2175 -0.3255 0.9202
vn 0.0576 -0.0861 0.9946
vn 0.7071 -0.7071 0.0081
vn 0.6565 -0.6565 0.3714
vn 0.5144 -0.5144 0.6861
vn 0.2768 -0.2768 0.9202
vn 0.8314 -0.5555 0.0081
vn 0.7720 -0.5158 0.3715
vn 0.6049 -0.4042 0.6861
vn 0.3255 -0.2175 0.9202
vn 0.9239 -0.3827 0.0081
vn 0.8578 -0.3553 0.3714
vn 0.6722 -0.2784 0.6861
vn 0.3617 -0.1498 0.9202
vn 0.9808 -0.1951 0.0081
vn 0.9106 -0.1811 0.3714
vn 0.7136 -0.1419 0.6861
vn 0.3840 -0.0764 0.9202
vn -0.7136 0.1419 0.6861
vn -0.6722 0.2784 0.6861
vn -0.8314 0.5556 0.0081
vn -0.2171 0.3260 0.9201
vn -0.5555 0.8314 0.0081
vn -0.1951 0.9808 0.0081
vn 0.3827 0.9238 0.0081
vn 0.5158 0.7720 0.3714
vn 0.5556 0.8314 0.0081
vn 0.9238 -0.3827 0.0081
vn 0.7720 -0.5158 0.3714
vn 0.8314 -0.5556 0.0081
vn 0.2181 -0.3253 0.9201
vn 0.4043 -0.6048 0.6861
vn 0.1485 -0.3619 0.9203
vn 0.2782 -0.6722 0.6861
vn 0.3553 -0.8578 0.3715
vn 0.0765 -0.3844 0.9200
vn 0.1419 -0.7136 0.6861
vn 0.1811 -0.9106 0.3714
vn 0.0013 -0.3912 0.9203
vn 0.0003 -0.7275 0.6861
vn -0.0771 -0.3840 0.9201
vn -0.1421 -0.7135 0.6861
vn -0.1812 -0.9106 0.3715
vn -0.1498 -0.3617 0.9202
vn -0.2784 -0.6722 0.6861
vn -0.3553 -0.8578 0.3714
vn -0.3827 -0.9238 0.0081
vn -0.2175 -0.3255 0.9202
vn -0.4042 -0.6049 0.6861
vn -0.5556 -0.8314 0.0081
vn -0.6722 -0.2784 0.6861
vn -0.9239 -0.3827 0.0081
vn 0.9808 -0.1951 -0.0000
vn 0.8315 0.5556 -0.0000
vn 0.9239 0.3827 -0.0000
vn 0.5556 0.8315 -0.0000
vn 0.3827 0.9239 -0.0000
vn 0.1951 0.9808 -0.0000
vn -0.1951 0.9808 -0.0000
vn -0.3827 0.9239 -0.0000
vn -0.5556 0.8315 -0.0000
vn -0.8315 0.5556 -0.0000
vn -0.9239 0.3827 -0.0000
vn -0.9808 0.1951 -0.0000
vn -0.9808 -0.1951 -0.0000
vn -0.9239 -0.3827 -0.0000
vn -0.8315 -0.5556 -0.0000
vn -0.5556 -0.8315 -0.0000
vn -0.3827 -0.9239 -0.0000
vn -0.1951 -0.9808 -0.0000
vn 0.1951 -0.9808 -0.0000
vn 0.3827 -0.9239 -0.0000
vn 0.5556 -0.8315 -0.0000
vn 0.8315 -0.5556 -0.0000
vn 0.9239 -0.3827 -0.0000
vn 0.9808 0.1951 -0.0000
vn 0.9965 -0.0837 -0.0000
vn 0.9880 -0.0837 -0.1301
vn 0.9913 0.0190 -0.1305
vn 0.9998 0.0190 -0.0000
vn 0.9975 -0.0710 -0.0000
vn 0.9889 -0.0710 -0.1302
vn 0.9914 0.0061 -0.1305
vn 1.0000 0.0061 -0.0000
vn 0.9635 -0.0710 -0.2582
vn 0.9659 0.0062 -0.2588
vn 0.9206 -0.0837 0.3813
vn 0.9625 -0.0837 0.2579
vn 0.9658 0.0190 0.2588
vn 0.9237 0.0190 0.3826
vn 0.9215 -0.0710 -0.3817
vn 0.9239 0.0061 -0.3827
vn 0.8178 0.4389 0.3722
vn 0.8425 0.4307 0.3234
vn 0.9319 0.1048 0.3472
vn 0.9201 0.0980 0.3792
vn 0.9880 -0.0837 0.1301
vn 0.9913 0.0190 0.1305
vn 0.8660 0.0062 -0.5000
vn 0.8638 -0.0710 -0.4988
vn 0.7914 -0.0710 -0.6072
vn 0.7933 0.0062 -0.6087
vn 0.3817 -0.0711 0.9215
vn 0.3827 0.0061 0.9239
vn 0.2588 -0.0006 0.9659
vn 0.2588 -0.0647 0.9638
vn 0.9625 -0.0837 -0.2579
vn 0.9658 0.0190 -0.2588
vn 0.6072 -0.0710 0.7914
vn 0.6087 0.0061 0.7933
vn 0.5000 0.0061 0.8660
vn 0.4988 -0.0710 0.8638
vn 0.8660 0.0061 -0.5000
vn 0.8638 -0.0710 -0.4987
vn 0.8630 -0.0837 -0.4983
vn 0.7906 -0.0837 -0.6066
vn 0.7932 0.0190 -0.6086
vn 0.8659 0.0190 -0.4999
vn 0.6088 0.0062 -0.7933
vn 0.7071 0.0062 -0.7071
vn 0.7053 -0.0710 -0.7053
vn 0.6072 -0.0710 -0.7914
vn 0.7071 0.0061 -0.7071
vn 0.7933 0.0061 -0.6087
vn 0.7913 -0.0710 -0.6073
vn 0.9914 0.0061 0.1305
vn 0.9659 0.0062 0.2588
vn 0.9635 -0.0710 0.2581
vn 0.9889 -0.0710 0.1302
vn 0.9206 -0.0837 -0.3813
vn 0.9237 0.0190 -0.3826
vn 0.5000 0.0061 -0.8660
vn 0.6087 0.0061 -0.7933
vn 0.4987 -0.0710 -0.8638
vn 0.9239 0.0062 0.3827
vn 0.8660 0.0061 0.5000
vn 0.8639 -0.0710 0.4987
vn 0.9215 -0.0710 0.3817
vn 0.7046 -0.0837 -0.7046
vn 0.7070 0.0190 -0.7070
vn 0.0063 -0.9999 0.0153
vn 0.0038 -0.9999 0.0132
vn 0.0076 -0.9999 0.0076
vn 0.0071 -1.0000 0.0046
vn 0.0025 -1.0000 0.0082
vn 0.0050 -0.9999 0.0122
vn 0.0066 -0.9999 0.0115
vn 0.0081 -0.9999 0.0106
vn 0.0094 -0.9999 0.0094
vn 0.0105 -0.9999 0.0081
vn 0.0115 -0.9999 0.0067
vn 0.0123 -0.9999 0.0051
vn 0.0128 -0.9999 0.0035
vn 0.0132 -0.9999 0.0018
vn 0.0133 -0.9999 -0.0000
vn 0.0132 -0.9999 -0.0017
vn 0.0128 -0.9999 -0.0034
vn 0.0123 -0.9999 -0.0051
vn 0.0115 -0.9999 -0.0066
vn 0.0106 -0.9999 -0.0081
vn 0.0094 -0.9999 -0.0094
vn 0.0081 -0.9999 -0.0105
vn 0.0067 -0.9999 -0.0115
vn 0.0051 -0.9999 -0.0122
vn 0.0025 -1.0000 -0.0082
vn 0.0071 -1.0000 -0.0046
vn 0.0077 -0.9999 -0.0078
vn 0.0037 -0.9999 -0.0132
vn 0.0063 -0.9999 -0.0153
vn 0.0083 -0.9999 -0.0143
vn 0.0101 -0.9999 -0.0131
vn 0.0117 -0.9999 -0.0117
vn 0.0131 -0.9999 -0.0101
vn 0.0143 -0.9999 -0.0083
vn 0.0153 -0.9999 -0.0063
vn 0.0160 -0.9999 -0.0043
vn 0.0164 -0.9999 -0.0022
vn 0.0165 -0.9999 -0.0000
vn 0.0164 -0.9999 0.0022
vn 0.0160 -0.9999 0.0043
vn 0.0153 -0.9999 0.0063
vn 0.0143 -0.9999 0.0083
vn 0.0131 -0.9999 0.0101
vn 0.0117 -0.9999 0.0117
vn 0.0101 -0.9999 0.0131
vn 0.0083 -0.9999 0.0143
vn 0.9168 -0.1230 -0.3800
vn 0.8060 -0.4375 -0.3988
vn 0.8425 -0.4307 -0.3234
vn 0.9319 -0.1048 -0.3472
vn 0.0084 -0.9999 -0.0099
vn 0.0046 -0.9999 -0.0160
vn 0.0077 -0.9998 -0.0185
vn 0.0100 -0.9998 -0.0173
vn 0.0122 -0.9998 -0.0159
vn 0.0141 -0.9998 -0.0141
vn 0.0159 -0.9998 -0.0122
vn 0.0173 -0.9998 -0.0100
vn 0.0185 -0.9998 -0.0076
vn 0.0193 -0.9998 -0.0052
vn 0.0198 -0.9998 -0.0026
vn 0.0200 -0.9998 -0.0000
vn 0.0198 -0.9998 0.0026
vn 0.0193 -0.9998 0.0052
vn 0.0185 -0.9998 0.0077
vn 0.0173 -0.9998 0.0100
vn 0.0159 -0.9998 0.0122
vn 0.0141 -0.9998 0.0141
vn 0.0122 -0.9998 0.0159
vn 0.0100 -0.9998 0.0173
vn 0.0077 -0.9998 0.0185
vn 0.0045 -0.9999 0.0160
vn 0.0083 -0.9999 0.0099
vn 0.0076 -1.0000 0.0057
vn 0.0031 -0.9999 0.0102
vn 0.0083 -0.9999 0.0144
vn 0.0101 -0.9999 0.0132
vn 0.0117 -0.9999 0.0118
vn 0.0132 -0.9999 0.0101
vn 0.0144 -0.9999 0.0083
vn 0.0153 -0.9999 0.0064
vn 0.0165 -0.9999 0.0022
vn 0.0166 -0.9999 -0.0000
vn 0.0165 -0.9999 -0.0021
vn 0.0161 -0.9999 -0.0043
vn 0.0154 -0.9999 -0.0063
vn 0.0144 -0.9999 -0.0083
vn 0.0132 -0.9999 -0.0101
vn 0.0118 -0.9999 -0.0117
vn 0.0101 -0.9999 -0.0132
vn 0.0083 -0.9999 -0.0144
vn 0.0064 -0.9999 -0.0153
vn 0.0032 -0.9999 -0.0102
vn 0.0076 -1.0000 -0.0057
vn 0.6066 -0.0837 -0.7906
vn 0.4982 -0.0837 -0.8630
vn 0.4999 0.0190 -0.8659
vn 0.6087 0.0190 -0.7932
vn 0.3817 -0.0711 -0.9216
vn 0.2590 -0.0647 -0.9637
vn 0.2593 -0.0006 -0.9658
vn 0.3827 0.0061 -0.9239
vn 0.3817 -0.0710 -0.9216
vn 0.2584 -0.0645 -0.9639
vn 0.2591 0.0001 -0.9659
vn 0.9225 -0.0553 -0.3821
vn 0.8647 -0.0553 -0.4992
vn 0.8651 -0.0475 -0.4994
vn 0.9229 -0.0475 -0.3822
vn 0.0085 0.9999 -0.0104
vn 0.5551 0.7311 -0.3967
vn 0.5275 0.7823 -0.3312
vn 0.0078 1.0000 -0.0061
vn 0.7933 0.0061 0.6088
vn 0.7071 0.0061 0.7071
vn 0.7053 -0.0710 0.7053
vn 0.7914 -0.0710 0.6072
vn -0.0055 0.9999 0.0132
vn -0.0032 0.9999 0.0115
vn -0.0048 1.0000 0.0071
vn -0.0068 1.0000 0.0039
vn -0.0021 1.0000 0.0070
vn -0.0043 0.9999 0.0105
vn -0.0057 0.9999 0.0099
vn -0.0069 0.9999 0.0090
vn -0.0080 0.9999 0.0081
vn -0.0090 0.9999 0.0069
vn -0.0098 0.9999 0.0057
vn -0.0105 0.9999 0.0044
vn -0.0110 0.9999 0.0030
vn -0.0113 0.9999 0.0015
vn -0.0114 0.9999 -0.0000
vn -0.0113 0.9999 -0.0015
vn -0.0110 0.9999 -0.0029
vn -0.0105 0.9999 -0.0043
vn -0.0099 0.9999 -0.0057
vn -0.0090 0.9999 -0.0069
vn -0.0081 0.9999 -0.0080
vn -0.0069 0.9999 -0.0090
vn -0.0057 0.9999 -0.0098
vn -0.0044 0.9999 -0.0105
vn -0.0021 1.0000 -0.0070
vn -0.0068 1.0000 -0.0039
vn -0.0048 1.0000 -0.0071
vn -0.0032 0.9999 -0.0115
vn -0.0054 0.9999 -0.0132
vn -0.0071 0.9999 -0.0124
vn -0.0087 0.9999 -0.0114
vn -0.0101 0.9999 -0.0101
vn -0.0113 0.9999 -0.0087
vn -0.0124 0.9999 -0.0072
vn -0.0132 0.9999 -0.0055
vn -0.0138 0.9999 -0.0037
vn -0.0142 0.9999 -0.0019
vn -0.0143 0.9999 -0.0000
vn -0.0142 0.9999 0.0018
vn -0.0138 0.9999 0.0037
vn -0.0132 0.9999 0.0054
vn -0.0124 0.9999 0.0071
vn -0.0114 0.9999 0.0087
vn -0.0101 0.9999 0.0101
vn -0.0087 0.9999 0.0113
vn -0.0072 0.9999 0.0124
vn -0.0955 -0.0289 -0.9950
vn -0.0930 -0.0441 -0.9947
vn -0.2584 -0.0593 -0.9642
vn -0.2592 -0.0101 -0.9658
vn -0.1974 -0.0066 -0.9803
vn -0.0072 1.0000 0.0067
vn -0.3011 0.8694 0.3917
vn -0.5023 0.7584 0.4152
vn -0.5275 0.7823 0.3312
vn -0.0066 1.0000 0.0036
vn -0.7914 -0.0709 -0.6072
vn -0.7933 0.0030 -0.6088
vn -0.7071 0.0030 -0.7071
vn -0.7054 -0.0709 -0.7053
vn -0.6087 0.0060 -0.7933
vn -0.5000 0.0060 -0.8660
vn -0.4989 -0.0680 -0.8640
vn -0.6074 -0.0680 -0.7915
vn -0.3820 -0.0593 -0.9222
vn -0.4991 -0.0593 -0.8645
vn -0.5000 -0.0056 -0.8660
vn -0.3827 -0.0055 -0.9239
vn -0.5000 0.0030 -0.8660
vn -0.3827 0.0030 -0.9239
vn -0.3817 -0.0710 -0.9216
vn -0.4987 -0.0709 -0.8638
vn -0.7071 0.0060 -0.7071
vn -0.7055 -0.0680 -0.7055
vn -0.7059 -0.0593 -0.7058
vn -0.7920 -0.0593 -0.6077
vn -0.7933 -0.0056 -0.6088
vn -0.7071 -0.0056 -0.7071
vn -0.9216 -0.0709 -0.3817
vn -0.9239 0.0030 -0.3827
vn -0.8660 0.0030 -0.5000
vn -0.8639 -0.0709 -0.4987
vn -0.8640 -0.0680 -0.4988
vn -0.8660 0.0060 -0.5000
vn -0.7933 0.0060 -0.6087
vn -0.7915 -0.0680 -0.6073
vn -0.6077 -0.0593 -0.7920
vn -0.6088 -0.0056 -0.7933
vn -0.6088 0.0030 -0.7933
vn -0.6073 -0.0709 -0.7913
vn -0.9217 -0.0680 -0.3818
vn -0.9239 0.0060 -0.3827
vn -0.8170 0.4397 -0.3732
vn -0.5540 0.7314 -0.3978
vn -0.5275 0.7823 -0.3312
vn -0.8425 0.4307 -0.3234
vn -0.3820 -0.0593 0.9223
vn -0.2584 -0.0593 0.9642
vn -0.2592 -0.0101 0.9658
vn -0.3827 -0.0055 0.9239
vn -0.9847 -0.1168 -0.1297
vn -0.9847 0.1168 -0.1297
vn -0.9932 0.1168 -0.0000
vn -0.9932 -0.1168 -0.0000
vn -0.8645 -0.0593 -0.4991
vn -0.8660 -0.0056 -0.5000
vn -0.7071 0.0030 0.7071
vn -0.7053 -0.0709 0.7054
vn -0.6072 -0.0709 0.7914
vn -0.6088 0.0030 0.7933
vn -0.3709 -0.3572 -0.8572
vn -0.4993 -0.1909 -0.8451
vn -0.5139 -0.0415 -0.8569
vn -0.5139 0.0415 -0.8569
vn -0.4993 0.1909 -0.8451
vn -0.3709 0.3572 -0.8572
vn -0.2237 0.4010 -0.8883
vn -0.2660 0.0954 -0.9592
vn -0.2660 -0.0954 -0.9592
vn -0.2237 -0.4010 -0.8883
vn -0.5540 0.7314 0.3978
vn -0.8170 0.4397 0.3732
vn -0.8425 0.4308 0.3234
vn -0.5419 -0.7458 -0.3875
vn -0.8074 -0.4614 -0.3678
vn -0.8425 -0.4307 -0.3234
vn -0.5275 -0.7823 -0.3312
vn -0.0080 -0.9999 0.0091
vn -0.0041 -0.9999 0.0147
vn -0.0070 -0.9998 0.0168
vn -0.0091 -0.9998 0.0157
vn -0.0110 -0.9998 0.0144
vn -0.0128 -0.9998 0.0128
vn -0.0144 -0.9998 0.0110
vn -0.0157 -0.9998 0.0090
vn -0.0167 -0.9998 0.0069
vn -0.0175 -0.9998 0.0047
vn -0.0180 -0.9998 0.0024
vn -0.0181 -0.9998 -0.0000
vn -0.0180 -0.9998 -0.0024
vn -0.0175 -0.9998 -0.0047
vn -0.0167 -0.9998 -0.0069
vn -0.0157 -0.9998 -0.0091
vn -0.0144 -0.9998 -0.0110
vn -0.0128 -0.9998 -0.0128
vn -0.0110 -0.9998 -0.0144
vn -0.0090 -0.9998 -0.0157
vn -0.0069 -0.9998 -0.0168
vn -0.0042 -0.9999 -0.0147
vn -0.0080 -0.9999 -0.0091
vn -0.0073 -1.0000 -0.0051
vn -0.0028 -1.0000 -0.0091
vn -0.0056 -0.9999 -0.0136
vn -0.0074 -0.9999 -0.0128
vn -0.0090 -0.9999 -0.0118
vn -0.0105 -0.9999 -0.0105
vn -0.0117 -0.9999 -0.0090
vn -0.0128 -0.9999 -0.0074
vn -0.0137 -0.9999 -0.0057
vn -0.0143 -0.9999 -0.0039
vn -0.0147 -0.9999 -0.0020
vn -0.0148 -0.9999 -0.0000
vn -0.0147 -0.9999 0.0019
vn -0.0143 -0.9999 0.0038
vn -0.0137 -0.9999 0.0056
vn -0.0128 -0.9999 0.0074
vn -0.0118 -0.9999 0.0090
vn -0.0105 -0.9999 0.0104
vn -0.0090 -0.9999 0.0117
vn -0.0074 -0.9999 0.0128
vn -0.0057 -0.9999 0.0136
vn -0.0028 -1.0000 0.0091
vn -0.0073 -1.0000 0.0051
vn -0.9223 -0.0593 -0.3820
vn -0.9239 -0.0056 -0.3827
vn -0.0053 -0.9999 -0.0127
vn -0.0031 -0.9999 -0.0111
vn -0.0073 -1.0000 -0.0067
vn -0.0067 -1.0000 -0.0038
vn -0.0020 -1.0000 -0.0067
vn -0.0041 -0.9999 -0.0100
vn -0.0054 -0.9999 -0.0094
vn -0.0066 -0.9999 -0.0087
vn -0.0077 -0.9999 -0.0077
vn -0.0086 -0.9999 -0.0066
vn -0.0094 -0.9999 -0.0054
vn -0.0100 -0.9999 -0.0042
vn -0.0105 -0.9999 -0.0028
vn -0.0108 -0.9999 -0.0015
vn -0.0109 -0.9999 -0.0000
vn -0.0108 -0.9999 0.0014
vn -0.0105 -0.9999 0.0028
vn -0.0101 -0.9999 0.0041
vn -0.0094 -0.9999 0.0054
vn -0.0087 -0.9999 0.0066
vn -0.0077 -0.9999 0.0077
vn -0.0066 -0.9999 0.0086
vn -0.0054 -0.9999 0.0094
vn -0.0042 -0.9999 0.0100
vn -0.0021 -1.0000 0.0067
vn -0.0067 -1.0000 0.0037
vn -0.0073 -1.0000 0.0068
vn -0.0031 -0.9999 0.0111
vn -0.0053 -0.9999 0.0127
vn -0.0069 -0.9999 0.0119
vn -0.0084 -0.9999 0.0109
vn -0.0097 -0.9999 0.0097
vn -0.0109 -0.9999 0.0084
vn -0.0119 -0.9999 0.0069
vn -0.0127 -0.9999 0.0053
vn -0.0133 -0.9999 0.0036
vn -0.0137 -0.9999 0.0018
vn -0.0138 -0.9999 -0.0000
vn -0.0137 -0.9999 -0.0018
vn -0.0133 -0.9999 -0.0036
vn -0.0127 -0.9999 -0.0053
vn -0.0119 -0.9999 -0.0069
vn -0.0109 -0.9999 -0.0084
vn -0.0097 -0.9999 -0.0097
vn -0.0084 -0.9999 -0.0109
vn -0.0069 -0.9999 -0.0119
vn -0.9635 -0.0708 -0.2581
vn -0.9890 -0.0708 -0.1302
vn -0.9898 -0.0574 -0.1303
vn -0.9644 -0.0574 -0.2583
vn -0.9897 -0.0593 -0.1303
vn -0.9982 -0.0593 -0.0000
vn -1.0000 -0.0056 -0.0000
vn -0.9914 -0.0056 -0.1305
vn -0.9914 0.0030 -0.1305
vn -0.9890 -0.0709 -0.1302
vn -0.9975 -0.0709 -0.0000
vn -1.0000 0.0030 -0.0000
vn -0.9914 0.0060 -0.1305
vn -0.9892 -0.0680 -0.1302
vn -0.9977 -0.0680 -0.0000
vn -1.0000 0.0060 -0.0000
vn -0.9890 -0.0709 0.1302
vn -0.9914 0.0030 0.1305
vn -0.9891 -0.0680 0.1302
vn -0.9914 0.0060 0.1305
vn -0.9984 -0.0574 -0.0000
vn -0.9975 -0.0708 -0.0000
vn -0.9890 -0.0708 0.1302
vn -0.9898 -0.0574 0.1303
vn -0.9635 -0.0709 0.2582
vn -0.9659 0.0030 0.2588
vn -0.9637 -0.0680 0.2582
vn -0.9659 0.0060 0.2588
vn -0.9635 -0.0708 0.2582
vn -0.9643 -0.0574 0.2584
vn -0.9216 -0.0709 0.3817
vn -0.9239 0.0030 0.3827
vn -0.9217 -0.0680 0.3818
vn -0.9239 0.0060 0.3827
vn -0.9216 -0.0708 0.3817
vn -0.9224 -0.0574 0.3820
vn -0.8638 -0.0709 0.4987
vn -0.8660 0.0030 0.5000
vn -0.8640 -0.0680 0.4988
vn -0.8660 0.0060 0.5000
vn -0.8639 -0.0708 0.4987
vn -0.8646 -0.0574 0.4992
vn -0.8660 -0.0056 0.5000
vn -0.8645 -0.0593 0.4991
vn -0.7920 -0.0593 0.6077
vn -0.7933 -0.0056 0.6087
vn -0.7915 -0.0680 0.6074
vn -0.7933 0.0060 0.6087
vn -0.7914 -0.0709 0.6072
vn -0.7921 -0.0574 0.6077
vn -0.4987 -0.0709 0.8638
vn -0.5000 0.0030 0.8660
vn -0.7059 -0.0593 0.7059
vn -0.7071 -0.0056 0.7071
vn -0.7055 -0.0680 0.7055
vn -0.7071 0.0060 0.7071
vn -0.9319 0.1048 -0.3472
vn -0.9199 0.0973 -0.3799
vn -0.6077 -0.0593 0.7920
vn -0.6088 -0.0056 0.7933
vn -0.2586 -0.0656 -0.9638
vn -0.3817 -0.0709 -0.9216
vn -0.3820 -0.0574 -0.9224
vn -0.2584 -0.0573 -0.9643
vn -0.2590 -0.0649 0.9637
vn -0.2591 -0.0029 0.9659
vn -0.3827 0.0030 0.9239
vn -0.3817 -0.0710 0.9216
vn -0.4991 -0.0593 0.8645
vn -0.5000 -0.0056 0.8660
vn -0.5023 0.7585 -0.4153
vn -0.3011 0.8695 -0.3916
vn -0.0072 1.0000 -0.0067
vn -0.0066 1.0000 -0.0037
vn -0.2588 -0.0028 -0.9659
vn -0.2585 -0.0649 -0.9638
vn -0.7934 0.0030 0.6088
vn -0.3827 0.0060 -0.9239
vn -0.2588 0.0004 -0.9659
vn -0.2586 -0.0624 -0.9640
vn -0.3818 -0.0680 -0.9217
vn -0.6088 0.0060 0.7933
vn -0.6073 -0.0680 0.7915
vn -0.4988 -0.0680 0.8640
vn -0.5000 0.0060 0.8660
vn -0.9914 -0.0056 0.1305
vn -0.9897 -0.0593 0.1303
vn -0.9642 -0.0593 0.2584
vn -0.9659 -0.0056 0.2588
vn -0.4918 -0.7714 -0.4038
vn -0.8060 -0.4375 -0.3988
vn -0.8153 0.4138 0.4050
vn -0.8425 0.4307 0.3234
vn -0.9659 0.0030 -0.2588
vn -0.9635 -0.0709 -0.2581
vn -0.0075 1.0000 0.0054
vn -0.0082 0.9999 0.0095
vn 0.8425 0.4307 -0.3234
vn 0.5024 0.7584 -0.4153
vn 0.8153 0.4138 -0.4050
vn 0.1981 0.0035 0.9802
vn 0.0869 -0.0303 0.9958
vn 0.0891 -0.0372 0.9953
vn 0.1978 -0.0691 0.9778
vn 0.0842 -0.0285 0.9960
vn 0.0813 -0.0453 0.9957
vn 0.2579 -0.0840 0.9625
vn 0.2597 0.0104 0.9656
vn 0.1995 0.0166 0.9798
vn 0.3195 0.8708 0.3737
vn 0.0077 0.9999 0.0079
vn 0.0071 1.0000 0.0049
vn 0.5275 0.7823 0.3311
vn 0.5165 0.7441 0.4238
vn 0.5275 0.7823 0.3312
vn 0.5551 0.7311 0.3967
vn 0.0085 0.9999 0.0104
vn 0.0077 1.0000 0.0061
vn 0.4987 -0.0710 0.8638
vn 0.3817 -0.0710 0.9215
vn 0.3826 0.0192 0.9237
vn 0.3814 -0.0837 0.9206
vn 0.4982 -0.0837 0.8630
vn 0.4999 0.0190 0.8659
vn 0.9833 0.1282 0.1295
vn 0.9918 0.1282 -0.0000
vn 0.9918 -0.1282 -0.0000
vn 0.9832 -0.1282 0.1296
vn 0.6066 -0.0837 0.7906
vn 0.6087 0.0190 0.7932
vn 0.5432 -0.7454 0.3863
vn 0.5275 -0.7823 0.3311
vn 0.0716 -0.0363 0.9968
vn 0.0685 -0.0297 0.9972
vn 0.0713 -0.0298 0.9970
vn 0.0714 -0.0321 0.9969
vn 0.0714 -0.0337 0.9969
vn 0.0713 -0.0359 0.9968
vn 0.0684 -0.0360 0.9970
vn 0.0876 -0.0355 0.9955
vn 0.0875 -0.0303 0.9957
vn 0.0683 -0.0300 0.9972
vn 0.0683 -0.0358 0.9970
vn 0.0995 -0.0352 0.9944
vn 0.0989 -0.0404 0.9943
vn 0.0002 -0.0379 0.9993
vn 0.0003 -0.0400 0.9992
vn 0.0716 -0.0293 0.9970
vn 0.0712 -0.0321 0.9969
vn 0.0712 -0.0336 0.9969
vn 0.7933 0.0062 0.6088
vn 0.7070 0.0190 0.7070
vn 0.7046 -0.0837 0.7046
vn 0.7906 -0.0837 0.6066
vn 0.7932 0.0190 0.6087
vn 0.2588 0.0001 0.9659
vn 0.2585 -0.0645 0.9638
vn 0.8638 -0.0710 0.4987
vn 0.8630 -0.0837 0.4982
vn 0.8659 0.0190 0.4999
vn 0.3709 -0.3572 -0.8572
vn 0.2238 -0.4010 -0.8883
vn 0.2660 -0.0954 -0.9592
vn 0.2660 0.0954 -0.9592
vn 0.2238 0.4010 -0.8883
vn 0.3709 0.3572 -0.8572
vn 0.4993 0.1909 -0.8451
vn 0.5139 0.0415 -0.8569
vn 0.5139 -0.0415 -0.8569
vn 0.4993 -0.1909 -0.8451
vn 0.9659 0.0061 0.2588
vn 0.9239 0.0061 0.3827
vn 0.9216 -0.0710 0.3817
vn 0.9635 -0.0710 0.2582
vn 0.8178 0.4389 -0.3722
vn 0.9201 0.0980 -0.3792
vn 0.9319 0.1048 -0.3472
vn 0.0025 -1.0000 -0.0000
vn 0.0025 -1.0000 0.0003
vn 0.0024 -1.0000 0.0007
vn 0.0023 -1.0000 0.0010
vn 0.0022 -1.0000 0.0013
vn 0.0020 -1.0000 0.0015
vn 0.0018 -1.0000 0.0018
vn 0.0015 -1.0000 0.0020
vn 0.0012 -1.0000 0.0022
vn 0.0010 -1.0000 0.0023
vn 0.0006 -1.0000 0.0024
vn 0.0003 -1.0000 0.0025
vn -0.0000 -1.0000 0.0025
vn -0.0003 -1.0000 0.0025
vn -0.0007 -1.0000 0.0024
vn -0.0010 -1.0000 0.0023
vn -0.0013 -1.0000 0.0022
vn -0.0015 -1.0000 0.0020
vn -0.0018 -1.0000 0.0018
vn -0.0020 -1.0000 0.0015
vn -0.0022 -1.0000 0.0012
vn -0.0023 -1.0000 0.0010
vn -0.0024 -1.0000 0.0006
vn -0.0025 -1.0000 0.0003
vn -0.0025 -1.0000 -0.0000
vn -0.0025 -1.0000 -0.0003
vn -0.0024 -1.0000 -0.0007
vn -0.0023 -1.0000 -0.0010
vn -0.0022 -1.0000 -0.0013
vn -0.0020 -1.0000 -0.0015
vn -0.0018 -1.0000 -0.0018
vn -0.0015 -1.0000 -0.0020
vn -0.0012 -1.0000 -0.0022
vn -0.0010 -1.0000 -0.0023
vn -0.0006 -1.0000 -0.0024
vn -0.0003 -1.0000 -0.0025
vn -0.0000 -1.0000 -0.0025
vn 0.0003 -1.0000 -0.0025
vn 0.0007 -1.0000 -0.0024
vn 0.0010 -1.0000 -0.0023
vn 0.0013 -1.0000 -0.0022
vn 0.0015 -1.0000 -0.0020
vn 0.0018 -1.0000 -0.0018
vn 0.0020 -1.0000 -0.0015
vn 0.0022 -1.0000 -0.0012
vn 0.0023 -1.0000 -0.0009
vn 0.0024 -1.0000 -0.0006
vn 0.0025 -1.0000 -0.0003
vn 0.4918 -0.7714 -0.4038
vn 0.5275 -0.7823 -0.3312
vn 0.9917 -0.1282 -0.0000
vn 0.9833 0.1282 -0.1295
vn 0.9833 -0.1282 -0.1295
vn 0.5139 -0.0415 0.8569
vn 0.5139 0.0415 0.8569
vn 0.4993 0.1909 0.8451
vn 0.3709 0.3572 0.8572
vn 0.2238 0.4010 0.8883
vn 0.2660 0.0954 0.9592
vn 0.2660 -0.0954 0.9592
vn 0.2237 -0.4010 0.8883
vn 0.3709 -0.3572 0.8572
vn 0.4993 -0.1910 0.8451
vn 0.7013 0.1282 -0.7013
vn 0.6037 0.1282 -0.7868
vn 0.6037 -0.1282 -0.7868
vn 0.7013 -0.1282 -0.7012
vn 0.9580 0.1282 0.2567
vn 0.9580 -0.1282 0.2567
vn 0.9162 -0.1282 0.3796
vn 0.9163 0.1282 0.3795
vn 0.8589 0.1282 0.4959
vn 0.8589 -0.1282 0.4959
vn 0.9163 -0.1282 0.3795
vn 0.8589 -0.1282 0.4958
vn 0.2237 -0.4010 -0.8883
vn 0.3796 -0.1277 -0.9163
vn 0.3796 0.1278 -0.9163
vn 0.7868 0.1282 0.6038
vn 0.7869 -0.1282 0.6037
vn 0.7868 0.1282 0.6037
vn 0.7868 -0.1282 0.6038
vn 0.7868 -0.1282 0.6037
vn 0.7013 -0.1282 0.7012
vn 0.7013 0.1282 0.7013
vn 0.7012 -0.1282 0.7013
vn 0.3796 0.1277 -0.9163
vn 0.3797 -0.1278 -0.9163
vn 0.6037 -0.1282 0.7868
vn 0.6037 0.1282 0.7868
vn 0.6038 0.1282 0.7868
vn 0.7013 -0.1282 0.7013
vn 0.4959 -0.1282 0.8589
vn 0.4959 0.1282 0.8589
vn 0.9579 0.1282 -0.2568
vn 0.9580 -0.1282 -0.2567
vn 0.3795 -0.1277 0.9163
vn 0.3796 0.1278 0.9163
vn 0.3795 -0.1278 0.9163
vn 0.3796 -0.1278 0.9163
vn 0.3796 -0.1278 -0.9163
vn 0.4958 -0.1282 0.8589
vn 0.4959 -0.1282 -0.8589
vn 0.6038 -0.1282 -0.7868
vn 0.4959 0.1282 -0.8589
vn -0.9833 -0.1282 -0.1295
vn -0.9833 0.1282 -0.1295
vn -0.9918 0.1282 -0.0001
vn -0.9918 -0.1282 -0.0000
vn -0.9175 -0.1168 -0.3801
vn -0.9176 0.1168 -0.3801
vn -0.9593 0.1168 -0.2570
vn -0.9593 -0.1168 -0.2570
vn -0.2650 0.0858 0.9604
vn -0.2235 0.4009 0.8885
vn -0.3708 0.3572 0.8573
vn -0.4990 0.1917 0.8451
vn -0.5130 0.0422 0.8574
vn -0.5130 -0.0422 0.8574
vn -0.4990 -0.1917 0.8451
vn -0.3708 -0.3572 0.8573
vn -0.2235 -0.4009 0.8885
vn -0.2650 -0.0858 0.9604
vn -0.3795 0.1278 0.9163
vn -0.3796 -0.1278 0.9163
vn -0.4959 -0.1282 0.8589
vn -0.4959 0.1282 0.8589
vn -0.7013 -0.1282 -0.7013
vn -0.7013 0.1282 -0.7013
vn -0.7868 0.1282 -0.6037
vn -0.7868 -0.1282 -0.6038
vn -0.7867 0.1282 0.6038
vn -0.7868 -0.1282 0.6038
vn -0.8589 -0.1282 0.4959
vn -0.8589 0.1282 0.4959
vn -0.3796 0.1278 0.9163
vn -0.2660 0.0954 0.9592
vn -0.2660 -0.0954 0.9592
vn -0.3801 -0.1164 0.9176
vn -0.3801 0.1164 0.9176
vn -0.6037 0.1282 0.7868
vn -0.6037 -0.1282 0.7868
vn -0.7013 -0.1282 0.7013
vn -0.7013 0.1282 0.7013
vn -0.4958 0.1282 0.8589
vn -0.6046 -0.1168 0.7879
vn -0.6046 0.1168 0.7879
vn -0.4966 0.1168 0.8601
vn -0.4966 -0.1168 0.8601
vn -0.7023 -0.1168 0.7022
vn -0.7023 0.1168 0.7023
vn -0.7879 -0.1168 0.6046
vn -0.7879 0.1168 0.6046
vn -0.9163 -0.1282 0.3795
vn -0.9163 0.1282 0.3795
vn -0.7868 -0.1282 0.6037
vn -0.7868 0.1282 0.6037
vn -0.9175 0.1168 0.3801
vn -0.9176 -0.1168 0.3801
vn -0.9593 -0.1168 0.2570
vn -0.9593 0.1168 0.2570
vn -0.8601 -0.1168 0.4966
vn -0.8601 0.1168 0.4966
vn -0.9580 0.1282 0.2567
vn -0.9580 -0.1282 0.2567
vn -0.9833 -0.1282 0.1294
vn -0.9833 0.1282 0.1294
vn -0.9580 -0.1282 -0.2567
vn -0.9580 0.1282 -0.2567
vn -0.9833 0.1282 -0.1293
vn -0.9833 -0.1282 -0.1294
vn -0.9833 0.1282 0.1295
vn -0.9833 -0.1282 0.1295
vn -0.9847 0.1168 0.1297
vn -0.9847 -0.1168 0.1296
vn -0.9917 -0.1282 -0.0000
vn -0.9918 0.1282 -0.0000
vn -0.9163 -0.1282 -0.3795
vn -0.9163 0.1282 -0.3795
vn -0.5130 0.0422 -0.8574
vn -0.4990 0.1917 -0.8451
vn -0.3707 0.3572 -0.8573
vn -0.2235 0.4009 -0.8885
vn -0.2650 0.0858 -0.9604
vn -0.2650 -0.0858 -0.9604
vn -0.2235 -0.4009 -0.8885
vn -0.3707 -0.3572 -0.8573
vn -0.4990 -0.1917 -0.8451
vn -0.5130 -0.0422 -0.8574
vn -0.9162 -0.1282 -0.3795
vn -0.8588 -0.1282 -0.4959
vn -0.8589 0.1282 -0.4959
vn -0.8601 -0.1168 -0.4966
vn -0.8601 0.1168 -0.4966
vn -0.8589 -0.1282 -0.4959
vn -0.3796 -0.1278 -0.9163
vn -0.3796 0.1278 -0.9163
vn -0.7879 -0.1168 -0.6046
vn -0.7879 0.1168 -0.6046
vn -0.7868 -0.1282 -0.6037
vn -0.7012 -0.1282 -0.7014
vn -0.7023 -0.1168 -0.7022
vn -0.7023 0.1168 -0.7023
vn -0.3797 0.1278 -0.9163
vn -0.6038 0.1282 -0.7868
vn -0.6037 -0.1282 -0.7868
vn -0.6046 -0.1168 -0.7879
vn -0.6046 0.1168 -0.7879
vn -0.4966 0.1168 -0.8601
vn -0.4966 -0.1168 -0.8601
vn -0.4959 -0.1282 -0.8589
vn -0.4959 0.1282 -0.8589
vn -0.4958 0.1282 -0.8589
vn -0.3801 0.1164 -0.9176
vn -0.3802 -0.1164 -0.9176
vn -0.6037 0.1282 -0.7868
vn -0.2238 -0.4010 0.8883
vn -0.2238 0.4010 0.8883
vn -0.3709 0.3572 0.8572
vn -0.4993 0.1910 0.8451
vn -0.5139 0.0415 0.8569
vn -0.5139 -0.0415 0.8568
vn -0.4993 -0.1910 0.8451
vn -0.3709 -0.3572 0.8572
vn -0.4993 0.1909 0.8451
vn -0.5139 0.0415 0.8568
vn -0.4993 -0.1909 0.8451
vn 0.9580 0.1282 0.2566
vn 0.4993 0.1910 0.8451
vn 0.2238 -0.4010 0.8883
vn 0.4993 -0.1909 0.8451
vn 0.6037 -0.1282 -0.7869
vn 0.7869 -0.1282 -0.6037
vn 0.7868 0.1282 -0.6037
vn 0.7868 -0.1282 -0.6037
vn 0.7868 0.1282 -0.6038
vn 0.7868 -0.1282 -0.6038
vn 0.8589 -0.1282 -0.4959
vn 0.8589 0.1282 -0.4959
vn 0.8588 -0.1282 -0.4960
vn 0.9163 -0.1282 -0.3795
vn 0.9163 0.1282 -0.3795
vn 0.9833 0.1282 0.1294
vn 0.9833 -0.1282 0.1294
vn 0.9580 0.1282 -0.2567
vn 0.0022 1.0000 0.0071
vn 0.0067 1.0000 0.0040
vn 0.0074 0.9999 0.0072
vn 0.0033 0.9999 0.0119
vn 0.0056 0.9999 0.0136
vn 0.0073 0.9999 0.0127
vn 0.0089 0.9999 0.0117
vn 0.0103 0.9999 0.0104
vn 0.0116 0.9999 0.0090
vn 0.0127 0.9999 0.0074
vn 0.0135 0.9999 0.0057
vn 0.0142 0.9999 0.0038
vn 0.0145 0.9999 0.0020
vn 0.0147 0.9999 -0.0000
vn 0.0145 0.9999 -0.0019
vn 0.0142 0.9999 -0.0037
vn 0.0136 0.9999 -0.0056
vn 0.0127 0.9999 -0.0073
vn 0.0117 0.9999 -0.0089
vn 0.0104 0.9999 -0.0103
vn 0.0090 0.9999 -0.0116
vn 0.0074 0.9999 -0.0127
vn 0.0057 0.9999 -0.0135
vn 0.0033 0.9999 -0.0119
vn 0.0074 0.9999 -0.0072
vn 0.0067 1.0000 -0.0040
vn 0.0022 1.0000 -0.0071
vn 0.0044 0.9999 -0.0106
vn 0.0057 0.9999 -0.0100
vn 0.0070 0.9999 -0.0092
vn 0.0081 0.9999 -0.0082
vn 0.0091 0.9999 -0.0071
vn 0.0100 0.9999 -0.0058
vn 0.0107 0.9999 -0.0044
vn 0.0111 0.9999 -0.0030
vn 0.0114 0.9999 -0.0015
vn 0.0115 0.9999 -0.0000
vn 0.0115 0.9999 0.0015
vn 0.0112 0.9999 0.0030
vn 0.0107 0.9999 0.0044
vn 0.0100 0.9999 0.0057
vn 0.0092 0.9999 0.0070
vn 0.0082 0.9999 0.0081
vn 0.0071 0.9999 0.0091
vn 0.0058 0.9999 0.0100
vn 0.0044 0.9999 0.0106
vn 0.8153 0.4138 0.4050
vn 0.9192 0.0969 0.3817
vn 0.4992 -0.0553 -0.8647
vn 0.3821 -0.0553 -0.9225
vn 0.3823 -0.0475 -0.9228
vn 0.4995 -0.0475 -0.8650
vn 0.3097 -0.8798 0.3605
vn 0.5029 -0.7595 0.4127
vn 0.5007 -0.7601 -0.4143
vn 0.3068 -0.8804 -0.3615
vn 0.5023 0.7584 0.4153
vn 0.8425 0.4308 0.3234
vn 0.9192 0.0969 -0.3817
vn 0.9168 -0.1230 0.3800
vn 0.9319 -0.1048 0.3472
vn 0.6078 -0.0553 -0.7922
vn 0.6081 -0.0475 -0.7924
vn 0.7921 -0.0553 -0.6078
vn 0.7925 -0.0475 -0.6080
vn 0.5275 -0.7823 0.3312
vn 0.4918 -0.7714 0.4038
vn 0.8060 -0.4375 0.3988
vn 0.8425 -0.4308 0.3234
vn 0.2586 -0.0520 -0.9646
vn 0.2585 -0.0475 -0.9648
vn 0.1978 -0.0691 -0.9778
vn 0.0876 -0.0355 -0.9955
vn 0.0875 -0.0303 -0.9957
vn 0.1985 0.0059 -0.9801
vn 0.5432 -0.7454 -0.3863
vn 0.8425 -0.4307 0.3234
vn 0.8082 -0.4608 0.3667
vn 0.9175 -0.1236 0.3779
vn 0.8432 0.4292 -0.3237
vn 0.5292 0.7811 -0.3314
vn 0.5228 0.7441 -0.4158
vn 0.8173 0.4117 -0.4032
vn 0.0027 1.0000 0.0086
vn 0.0039 0.9999 0.0137
vn 0.0066 0.9999 0.0160
vn 0.0086 0.9999 0.0150
vn 0.0105 0.9999 0.0137
vn 0.0122 0.9999 0.0122
vn 0.0137 0.9999 0.0106
vn 0.0149 0.9999 0.0087
vn 0.0159 0.9999 0.0067
vn 0.0167 0.9999 0.0045
vn 0.0171 0.9999 0.0023
vn 0.0173 0.9999 -0.0000
vn 0.0171 0.9999 -0.0022
vn 0.0167 0.9999 -0.0044
vn 0.0160 0.9999 -0.0066
vn 0.0150 0.9999 -0.0086
vn 0.0137 0.9999 -0.0105
vn 0.0122 0.9999 -0.0122
vn 0.0106 0.9999 -0.0137
vn 0.0087 0.9999 -0.0149
vn 0.0067 0.9999 -0.0159
vn 0.0039 0.9999 -0.0137
vn 0.0074 1.0000 -0.0048
vn 0.0026 1.0000 -0.0086
vn 0.0053 0.9999 -0.0129
vn 0.0070 0.9999 -0.0121
vn 0.0085 0.9999 -0.0111
vn 0.0099 0.9999 -0.0099
vn 0.0111 0.9999 -0.0085
vn 0.0121 0.9999 -0.0070
vn 0.0129 0.9999 -0.0054
vn 0.0135 0.9999 -0.0036
vn 0.0139 0.9999 -0.0019
vn 0.0140 0.9999 -0.0000
vn 0.0139 0.9999 0.0018
vn 0.0135 0.9999 0.0036
vn 0.0129 0.9999 0.0053
vn 0.0121 0.9999 0.0070
vn 0.0111 0.9999 0.0085
vn 0.0099 0.9999 0.0099
vn 0.0085 0.9999 0.0111
vn 0.0070 0.9999 0.0121
vn 0.0054 0.9999 0.0129
vn 0.1985 0.0059 0.9801
vn 0.1977 -0.0685 0.9779
vn 0.3185 0.8671 -0.3830
vn 0.3813 -0.0837 -0.9206
vn 0.2579 -0.0840 -0.9625
vn 0.2597 0.0104 -0.9656
vn 0.3826 0.0192 -0.9237
vn -0.0882 -0.0355 0.9955
vn -0.0681 -0.0359 0.9970
vn -0.0711 -0.0359 0.9968
vn -0.0712 -0.0336 0.9969
vn -0.0712 -0.0321 0.9969
vn -0.0711 -0.0298 0.9970
vn -0.0681 -0.0298 0.9972
vn -0.0877 -0.0303 0.9957
vn -0.0877 -0.0353 0.9955
vn -0.0678 -0.0354 0.9971
vn -0.0706 -0.0357 0.9969
vn -0.0707 -0.0336 0.9969
vn -0.0707 -0.0321 0.9970
vn -0.0706 -0.0300 0.9971
vn -0.0678 -0.0303 0.9972
vn -0.0871 -0.0305 0.9957
vn -0.0894 -0.0371 0.9953
vn -0.0713 -0.0364 0.9968
vn -0.0710 -0.0336 0.9969
vn -0.0710 -0.0321 0.9970
vn -0.0714 -0.0294 0.9970
vn -0.0956 -0.0289 0.9950
vn -0.0930 -0.0441 0.9947
vn -0.0876 -0.0412 0.9953
vn 0.0048 0.9998 0.0168
vn 0.0080 0.9998 0.0196
vn 0.0105 0.9998 0.0183
vn 0.0128 0.9998 0.0168
vn 0.0149 0.9998 0.0150
vn 0.0167 0.9998 0.0129
vn 0.0183 0.9998 0.0106
vn 0.0195 0.9998 0.0081
vn 0.0204 0.9998 0.0055
vn 0.0209 0.9998 0.0028
vn 0.0211 0.9998 -0.0000
vn 0.0209 0.9998 -0.0027
vn 0.0204 0.9998 -0.0054
vn 0.0195 0.9998 -0.0080
vn 0.0183 0.9998 -0.0105
vn 0.0168 0.9998 -0.0128
vn 0.0150 0.9998 -0.0149
vn 0.0129 0.9998 -0.0167
vn 0.0106 0.9998 -0.0182
vn 0.0081 0.9998 -0.0195
vn 0.0048 0.9998 -0.0168
vn 0.0033 0.9999 -0.0109
vn 0.0067 0.9998 -0.0163
vn 0.0088 0.9998 -0.0153
vn 0.0107 0.9998 -0.0141
vn 0.0125 0.9998 -0.0125
vn 0.0140 0.9998 -0.0108
vn 0.0153 0.9998 -0.0089
vn 0.0163 0.9998 -0.0068
vn 0.0171 0.9998 -0.0046
vn 0.0175 0.9998 -0.0023
vn 0.0177 0.9998 -0.0000
vn 0.0175 0.9998 0.0023
vn 0.0171 0.9998 0.0045
vn 0.0164 0.9998 0.0067
vn 0.0153 0.9998 0.0088
vn 0.0141 0.9998 0.0107
vn 0.0125 0.9998 0.0125
vn 0.0108 0.9998 0.0140
vn 0.0089 0.9998 0.0153
vn 0.0068 0.9998 0.0163
vn 0.0033 0.9999 0.0109
vn 0.0891 -0.0372 -0.9953
vn 0.0869 -0.0303 -0.9958
vn 0.1986 0.0048 -0.9801
vn 0.9659 0.0061 -0.2588
vn 0.8082 -0.4608 -0.3667
vn 0.9175 -0.1236 -0.3779
vn 0.0814 -0.0453 -0.9957
vn 0.0842 -0.0285 -0.9960
vn 0.1995 0.0166 -0.9798
vn -0.8422 0.4314 -0.3234
vn -0.8153 0.4138 -0.4050
vn -0.9157 -0.3682 -0.1611
vn -0.5277 0.7822 -0.3311
vn -0.9168 -0.1230 -0.3800
vn -0.9319 -0.1048 -0.3472
vn -0.9223 -0.0574 -0.3821
vn -0.9216 -0.0708 -0.3817
vn -0.2588 0.0004 0.9659
vn -0.2585 -0.0624 0.9640
vn -0.1977 -0.0676 0.9779
vn -0.1983 0.0058 0.9801
vn -0.4918 -0.7714 0.4039
vn -0.2945 -0.8780 0.3773
vn -0.5277 -0.7822 0.3311
vn -0.8425 -0.4307 0.3234
vn -0.8060 -0.4375 0.3988
vn -0.4918 -0.7714 0.4038
vn -0.5275 -0.7823 0.3312
vn -0.3827 0.0060 0.9239
vn -0.3818 -0.0680 0.9218
vn -0.9192 0.0969 0.3817
vn -0.9168 -0.1230 0.3800
vn -0.9319 -0.1048 0.3472
vn -0.9319 0.1048 0.3472
vn -0.9192 0.0969 -0.3817
vn -0.7053 -0.0708 0.7054
vn -0.6072 -0.0708 0.7914
vn -0.6078 -0.0574 0.7920
vn -0.7060 -0.0574 0.7059
vn -0.9659 0.0060 -0.2588
vn -0.9637 -0.0680 -0.2582
vn -0.0082 0.9999 -0.0095
vn -0.0074 1.0000 -0.0054
vn -0.9318 -0.1055 0.3472
vn -0.9318 0.1055 0.3472
vn -0.1984 0.0029 -0.9801
vn -0.0871 -0.0305 -0.9957
vn -0.0894 -0.0372 -0.9953
vn -0.1978 -0.0693 -0.9778
vn -0.9174 -0.1230 -0.3786
vn -0.8425 -0.4308 0.3234
vn -0.8073 -0.4615 0.3678
vn -0.5418 -0.7458 0.3875
vn -0.5275 -0.7823 0.3311
vn -0.9318 0.1055 -0.3472
vn -0.9318 -0.1055 -0.3472
vn -0.8422 0.4314 0.3234
vn -0.8422 -0.4314 -0.3234
vn -0.5277 -0.7822 -0.3311
vn -0.0876 -0.0353 -0.9955
vn -0.1978 -0.0676 -0.9779
vn -0.1982 0.0058 -0.9801
vn -0.0877 -0.0303 -0.9957
vn -0.8422 -0.4314 0.3234
vn -0.9223 -0.0593 0.3820
vn -0.9239 -0.0056 0.3827
vn -0.9642 -0.0593 -0.2583
vn -0.9659 -0.0056 -0.2588
vn -0.0678 -0.0303 -0.9972
vn -0.0706 -0.0301 -0.9971
vn -0.0707 -0.0321 -0.9970
vn -0.0707 -0.0336 -0.9969
vn -0.0706 -0.0357 -0.9969
vn -0.0678 -0.0354 -0.9971
vn -0.0681 -0.0298 -0.9972
vn -0.0711 -0.0298 -0.9970
vn -0.0712 -0.0321 -0.9969
vn -0.0712 -0.0336 -0.9969
vn -0.0711 -0.0359 -0.9968
vn -0.0681 -0.0359 -0.9970
vn -0.0882 -0.0355 -0.9955
vn -0.0876 -0.0412 -0.9953
vn 0.0001 -0.0380 -0.9993
vn 0.0002 -0.0400 -0.9992
vn -0.0713 -0.0293 -0.9970
vn -0.0710 -0.0321 -0.9970
vn -0.0710 -0.0336 -0.9969
vn -0.0713 -0.0363 -0.9968
vn -0.4993 0.1910 -0.8451
vn -0.9199 0.0973 0.3800
vn -0.9174 -0.1230 0.3786
vn 0.0990 -0.0404 -0.9943
vn 0.0995 -0.0352 -0.9944
vn 0.0683 -0.0358 -0.9970
vn 0.0713 -0.0359 -0.9968
vn 0.0714 -0.0337 -0.9969
vn 0.0714 -0.0320 -0.9969
vn 0.0713 -0.0298 -0.9970
vn 0.0683 -0.0300 -0.9972
vn 0.0684 -0.0358 -0.9970
vn 0.0715 -0.0320 -0.9969
vn 0.0712 -0.0298 -0.9970
vn 0.0684 -0.0299 -0.9972
vn 0.0716 -0.0363 -0.9968
vn 0.0712 -0.0336 -0.9969
vn 0.0712 -0.0321 -0.9969
vn 0.0716 -0.0293 -0.9970
vn -0.1984 0.0029 0.9801
vn -0.1977 -0.0694 0.9778
vn -0.0043 0.9999 -0.0153
vn -0.0073 0.9998 -0.0176
vn -0.0095 0.9998 -0.0165
vn -0.0115 0.9998 -0.0151
vn -0.0134 0.9998 -0.0135
vn -0.0150 0.9998 -0.0116
vn -0.0164 0.9998 -0.0095
vn -0.0175 0.9998 -0.0073
vn -0.0183 0.9998 -0.0050
vn -0.0188 0.9998 -0.0025
vn -0.0190 0.9998 -0.0000
vn -0.0188 0.9998 0.0024
vn -0.0184 0.9998 0.0049
vn -0.0176 0.9998 0.0072
vn -0.0165 0.9998 0.0095
vn -0.0151 0.9998 0.0115
vn -0.0135 0.9998 0.0134
vn -0.0116 0.9998 0.0150
vn -0.0095 0.9998 0.0164
vn -0.0073 0.9998 0.0176
vn -0.0043 0.9999 0.0153
vn -0.0030 0.9999 0.0096
vn -0.0059 0.9999 0.0144
vn -0.0078 0.9999 0.0136
vn -0.0095 0.9999 0.0124
vn -0.0110 0.9999 0.0111
vn -0.0124 0.9999 0.0095
vn -0.0135 0.9999 0.0079
vn -0.0144 0.9999 0.0060
vn -0.0151 0.9999 0.0041
vn -0.0155 0.9999 0.0021
vn -0.0156 0.9999 -0.0000
vn -0.0155 0.9999 -0.0020
vn -0.0151 0.9999 -0.0040
vn -0.0145 0.9999 -0.0060
vn -0.0136 0.9999 -0.0078
vn -0.0124 0.9999 -0.0095
vn -0.0111 0.9999 -0.0110
vn -0.0095 0.9999 -0.0124
vn -0.0078 0.9999 -0.0135
vn -0.0060 0.9999 -0.0144
vn -0.0029 0.9999 -0.0096
vn -0.0068 -0.0028 1.0000
vn -0.0077 -0.0210 0.9997
vn -0.0000 -0.0167 0.9999
vn 0.0079 -0.0066 0.9999
vn 0.0068 -0.0028 1.0000
vn 0.1851 -0.9826 0.0164
vn 0.2571 -0.9663 0.0083
vn 0.2572 -0.9663 0.0080
vn 0.1772 -0.9841 0.0080
vn 0.1662 -0.9861 0.0001
vn 0.1670 -0.9860 0.0002
vn 0.1678 -0.9858 0.0001
vn 0.1687 -0.9857 0.0002
vn 0.1687 -0.9625 0.2126
vn 0.1836 -0.9600 0.2114
vn 0.1848 -0.9828 0.0043
vn -0.2600 -0.9656 0.0083
vn -0.2601 -0.9655 0.0079
vn -0.3827 -0.9239 0.0082
vn -0.5066 -0.8621 0.0076
vn -0.5065 -0.8622 0.0071
vn -0.6084 -0.7936 0.0077
vn -0.6097 -0.7927 -0.0001
vn -0.7093 -0.7048 -0.0056
vn -0.7085 -0.7057 0.0086
vn -0.7953 -0.6062 0.0082
vn -0.7934 -0.6087 -0.0065
vn -0.7521 -0.6591 -0.0075
vn -0.6060 0.7955 -0.0031
vn -0.4926 0.8702 -0.0011
vn -0.4581 0.8889 -0.0078
vn -0.6222 0.7808 -0.0563
vn -0.6228 0.7776 -0.0861
vn -0.3853 0.9228 -0.0002
vn -0.3826 0.9239 0.0082
vn -0.2619 0.9651 0.0079
vn -0.2627 0.9649 0.0021
vn -0.1592 0.9871 -0.0149
vn -0.1774 0.9841 0.0076
vn -0.1664 0.9861 0.0001
vn -0.1673 0.9859 0.0002
vn -0.1681 0.9858 0.0001
vn -0.1689 0.9856 0.0002
vn -0.1692 0.9643 0.2036
vn -0.1847 0.9621 0.2009
vn -0.1879 0.9822 0.0015
vn -0.1547 0.9878 -0.0179
vn 0.1596 0.9870 -0.0179
vn 0.1938 0.9810 0.0015
vn 0.1905 0.9609 0.2007
vn 0.1730 0.9637 0.2035
vn 0.1711 0.9853 0.0001
vn 0.1712 0.9852 0.0001
vn 0.1713 0.9852 0.0001
vn 0.1714 0.9852 0.0001
vn 0.1830 0.9831 0.0079
vn 0.2588 0.9659 0.0079
vn 0.2652 0.9642 0.0021
vn 0.1639 0.9864 -0.0149
vn 0.4920 0.8706 -0.0024
vn 0.4982 0.8670 0.0083
vn 0.6017 0.7987 0.0087
vn 0.6060 0.7955 -0.0031
vn 0.7699 -0.0000 -0.6381
vn 0.6457 0.0043 -0.7636
vn 0.6463 -0.0026 -0.7631
vn 0.7717 -0.0030 -0.6360
vn 0.5739 -0.0022 -0.8189
vn 0.4576 0.0061 -0.8891
vn 0.4670 -0.0026 -0.8842
vn 0.7060 -0.0553 0.7060
vn 0.7921 -0.0553 0.6078
vn 0.7924 -0.0475 0.6081
vn 0.7062 -0.0475 0.7064
vn -0.8426 -0.5385 0.0084
vn -0.8426 -0.5385 -0.0084
vn -0.9970 -0.0771 -0.0000
vn -0.9968 -0.0771 0.0217
vn -0.9997 -0.0086 0.0208
vn -0.9999 -0.0151 0.0020
vn -0.1894 -0.9589 0.2113
vn -0.0000 -0.0760 0.9971
vn -0.0291 -0.0704 0.9971
vn 0.0294 -0.0704 0.9971
vn -0.1725 -0.9618 0.2125
vn 0.9998 -0.0173 0.0003
vn 0.9997 -0.0111 0.0202
vn 0.9968 -0.0771 0.0213
vn 0.9970 -0.0771 -0.0000
vn 0.0302 0.0727 0.9969
vn -0.0304 0.0728 0.9969
vn -0.0002 0.0633 0.9980
vn 0.0002 0.0633 0.9980
vn 0.9999 0.0151 0.0020
vn 0.9970 0.0771 -0.0000
vn 0.9968 0.0771 0.0217
vn 0.9997 0.0086 0.0208
vn -0.0323 0.9995 -0.0000
vn -0.0316 0.9987 0.0400
vn 0.0315 0.9987 0.0400
vn 0.0323 0.9995 -0.0000
vn 0.9994 0.0323 -0.0083
vn 0.9994 0.0324 0.0082
vn 0.9994 -0.0324 0.0083
vn 0.9994 -0.0323 -0.0083
vn -0.0010 0.9990 -0.0456
vn -0.0000 -0.9703 0.2421
vn -0.0000 -0.9920 0.1262
vn -0.1909 -0.9815 0.0163
vn -0.1906 -0.9817 0.0042
vn -0.1709 -0.9853 0.0001
vn -0.1710 -0.9853 0.0001
vn -0.1711 -0.9853 0.0001
vn -0.1712 -0.9852 0.0001
vn -0.1829 -0.9831 0.0079
vn -0.0024 0.0008 1.0000
vn -0.0027 0.0001 1.0000
vn -0.9995 0.0297 0.0086
vn -0.9997 0.0236 0.0086
vn 0.0024 0.0008 1.0000
vn -0.0029 -0.0012 1.0000
vn -0.0540 -0.0108 0.9985
vn -0.0551 -0.0001 0.9985
vn -0.0540 0.0107 0.9985
vn -0.0509 0.0210 0.9985
vn -0.0024 0.0016 1.0000
vn 0.0023 -0.0007 1.0000
vn 0.0288 -0.0131 0.9995
vn 0.0288 0.0131 0.9995
vn -0.0010 -0.0008 1.0000
vn 0.0005 -0.0017 1.0000
vn 0.0007 -0.0016 1.0000
vn 0.0009 -0.0016 1.0000
vn 0.0011 -0.0015 1.0000
vn 0.0013 -0.0012 1.0000
vn 0.0014 -0.0011 1.0000
vn 0.0009 -0.0006 1.0000
vn 0.0025 -0.0001 1.0000
vn -0.0022 0.0021 1.0000
vn -0.0018 0.0025 1.0000
vn -0.0012 0.0028 1.0000
vn -0.0007 0.0030 1.0000
vn -0.0001 0.0031 1.0000
vn 0.0005 0.0030 1.0000
vn 0.0011 0.0029 1.0000
vn 0.0017 0.0026 1.0000
vn 0.0021 0.0020 1.0000
vn -0.0020 0.0020 1.0000
vn 0.0021 0.0022 1.0000
vn 0.0024 0.0016 1.0000
vn -0.0022 -0.0007 1.0000
vn -0.0025 -0.0001 1.0000
vn -0.0009 -0.0005 1.0000
vn -0.0014 -0.0011 1.0000
vn -0.0013 -0.0012 1.0000
vn -0.0012 -0.0014 1.0000
vn -0.0009 -0.0015 1.0000
vn -0.0007 -0.0017 1.0000
vn -0.0004 -0.0017 1.0000
vn 0.0009 -0.0008 1.0000
vn 0.0012 -0.0018 1.0000
vn -0.0011 -0.0019 1.0000
vn 0.9995 -0.0297 0.0086
vn 0.9997 -0.0236 0.0086
vn 0.0827 -0.9965 -0.0087
vn 0.0829 -0.9965 0.0087
vn 0.0828 -0.9965 0.0093
vn 0.0827 -0.9965 -0.0093
vn 0.9995 -0.0297 -0.0086
vn 0.8426 -0.5385 0.0083
vn 0.8426 -0.5385 -0.0084
vn 0.7933 -0.6087 0.0084
vn 0.7934 -0.6087 -0.0065
vn 0.7521 -0.6590 -0.0075
vn 0.7071 -0.7071 0.0086
vn 0.7094 -0.7048 -0.0056
vn 0.3827 -0.9238 0.0082
vn 0.3230 -0.0044 -0.9464
vn 0.3218 0.0069 -0.9468
vn 0.6228 0.7776 -0.0861
vn 0.4541 0.8908 -0.0166
vn 0.9958 -0.0000 0.0913
vn 0.9945 -0.0000 -0.1043
vn 0.9946 -0.0022 -0.1039
vn 0.9958 -0.0022 0.0910
vn 0.9552 -0.0000 -0.2958
vn 0.9555 -0.0023 -0.2949
vn -0.9995 0.0296 -0.0087
vn -0.9997 0.0235 -0.0086
vn -0.4556 0.8901 -0.0058
vn -0.4408 0.8976 -0.0091
vn -0.1449 0.9194 -0.3658
vn -0.0491 0.8533 -0.5190
vn 0.4547 0.8905 -0.0174
vn 0.4477 0.8940 -0.0176
vn 0.0493 0.8533 -0.5191
vn 0.1447 0.9190 -0.3668
vn 0.3849 0.9229 -0.0014
vn 0.4360 0.8997 -0.0194
vn 0.8863 0.0037 0.4631
vn 0.8864 -0.0026 0.4629
vn 0.7800 -0.0031 0.6257
vn 0.7796 0.0034 0.6263
vn -0.8426 0.5385 -0.0086
vn -0.8426 0.5385 0.0083
vn -0.7914 0.6113 0.0077
vn -0.7883 0.6153 -0.0062
vn -0.9994 -0.0324 0.0083
vn -0.9994 0.0324 0.0083
vn -0.9994 0.0323 -0.0083
vn -0.9994 -0.0323 -0.0083
vn -0.6455 0.0043 -0.7637
vn -0.6461 -0.0027 -0.7632
vn -0.5738 -0.0023 -0.8190
vn -0.4670 -0.0026 -0.8842
vn -0.4576 0.0061 -0.8891
vn -0.6055 0.7958 0.0087
vn -0.5000 0.8660 0.0082
vn 0.7027 0.7114 -0.0042
vn 0.7021 0.7120 0.0080
vn 0.7914 0.6113 0.0077
vn 0.7883 0.6153 -0.0062
vn 0.7449 0.6671 -0.0077
vn 1.0000 0.0038 -0.0057
vn 0.9995 0.0020 0.0319
vn 0.9994 -0.0025 0.0342
vn 0.9994 -0.0025 -0.0336
vn 0.9994 0.0002 -0.0354
vn 1.0000 0.0012 -0.0052
vn 1.0000 0.0027 -0.0066
vn -0.9995 -0.0296 0.0086
vn -0.9995 -0.0297 -0.0086
vn -0.9946 -0.0022 -0.1039
vn -0.9945 -0.0000 -0.1043
vn -0.9958 -0.0000 0.0912
vn -0.9959 -0.0022 0.0910
vn -0.8803 -0.0027 -0.4744
vn -0.8794 -0.0000 -0.4761
vn -0.9552 -0.0000 -0.2958
vn -0.9555 -0.0024 -0.2949
vn -0.0057 0.8107 -0.5854
vn -0.9590 -0.0000 0.2833
vn -0.9593 -0.0024 0.2824
vn -0.0054 -0.0039 -1.0000
vn -0.0164 -0.0004 -0.9999
vn -0.0155 -0.0053 -0.9999
vn -0.0109 -0.0053 -0.9999
vn -0.0109 0.0053 -0.9999
vn -0.0155 0.0053 -0.9999
vn -0.0164 0.0005 -0.9999
vn -0.0056 0.0040 -1.0000
vn -0.0070 0.0057 -1.0000
vn -0.0525 0.0035 -0.9986
vn -0.0520 -0.0029 -0.9986
vn -0.0070 -0.0057 -1.0000
vn 0.6084 -0.7936 0.0075
vn 0.6097 -0.7927 -0.0002
vn 0.0526 0.0034 -0.9986
vn 0.0520 -0.0029 -0.9986
vn 0.5066 -0.8621 0.0076
vn 0.5066 -0.8622 0.0071
vn -0.7717 -0.0030 -0.6360
vn -0.7709 0.0036 -0.6369
vn 0.9997 -0.0235 -0.0086
vn 0.8794 -0.0000 -0.4761
vn 0.8803 -0.0027 -0.4744
vn 0.8426 0.5385 0.0083
vn 0.8426 0.5385 -0.0086
vn 0.6549 0.7557 -0.0076
vn 0.9995 0.0296 0.0086
vn 0.9995 0.0297 -0.0086
vn -0.2583 -0.0573 0.9644
vn -0.2585 -0.0656 0.9638
vn -0.1976 -0.0704 0.9778
vn -0.3214 0.0069 -0.9469
vn -0.3227 -0.0044 -0.9465
vn -0.0288 0.0131 0.9995
vn -0.0288 -0.0131 0.9995
vn 0.0508 0.0211 0.9985
vn 0.0540 0.0108 0.9985
vn 0.0551 0.0001 0.9985
vn 0.0540 -0.0107 0.9985
vn 0.0029 -0.0012 1.0000
vn -0.0829 -0.9965 0.0093
vn -0.0829 -0.9965 0.0087
vn -0.0828 -0.9965 -0.0087
vn -0.0828 -0.9965 -0.0093
vn 0.0155 -0.0053 -0.9999
vn 0.0164 -0.0005 -0.9999
vn 0.0054 -0.0039 -1.0000
vn 0.0070 -0.0057 -1.0000
vn 0.0071 0.0057 -1.0000
vn 0.0056 0.0040 -1.0000
vn 0.0164 0.0004 -0.9999
vn 0.0155 0.0053 -0.9999
vn 0.0109 0.0053 -0.9999
vn 0.0109 -0.0052 -0.9999
vn 0.0059 0.8109 -0.5851
vn 0.6568 -0.0035 0.7541
vn 0.6551 0.0032 0.7555
vn -0.0829 0.9965 0.0087
vn -0.0828 0.9965 0.0093
vn -0.0827 0.9965 -0.0093
vn -0.0827 0.9965 -0.0087
vn -0.6549 0.7556 -0.0076
vn -0.7027 0.7114 -0.0042
vn -0.7021 0.7120 0.0080
vn 0.9997 0.0236 0.0086
vn 0.9997 0.0235 -0.0086
vn -0.7796 0.0035 0.6263
vn -0.7800 -0.0031 0.6257
vn -0.8864 -0.0026 0.4629
vn -0.8863 0.0037 0.4631
vn 0.0068 -0.0009 -1.0000
vn 0.0013 -0.0012 -1.0000
vn -0.0000 -0.0027 -1.0000
vn -0.0013 -0.0035 -1.0000
vn -0.0068 -0.0009 -1.0000
vn -0.0056 0.0041 -1.0000
vn 0.0056 0.0042 -1.0000
vn 0.5520 -0.2532 -0.7945
vn 0.5872 -0.1930 -0.7861
vn -0.0166 0.9747 -0.2230
vn 0.0166 0.9747 -0.2230
vn 0.0880 0.9743 -0.2072
vn 0.0369 0.9200 -0.3902
vn -0.0368 0.9200 -0.3901
vn -0.0880 0.9743 -0.2072
vn 0.9592 0.0036 0.2826
vn 0.9593 -0.0023 0.2824
vn -0.0066 0.3828 -0.9238
vn 0.0066 0.3827 -0.9239
vn 0.0066 0.2261 -0.9741
vn -0.0066 0.2262 -0.9741
vn -0.0064 0.5557 -0.8313
vn 0.0064 0.5542 -0.8324
vn -0.9985 0.0547 0.0020
vn -0.9976 0.0682 0.0099
vn -0.9959 0.0590 0.0685
vn -0.9973 0.0532 0.0502
vn 0.3827 0.9238 0.0080
vn 0.0010 0.9990 -0.0456
vn -0.6656 0.0025 0.7463
vn -0.6669 -0.0031 0.7451
vn -0.6568 -0.0035 0.7541
vn -0.6551 0.0032 0.7555
vn 0.6669 -0.0031 0.7451
vn 0.6656 0.0025 0.7463
vn -0.9997 -0.0236 0.0086
vn -0.9997 -0.0235 -0.0086
vn 0.0043 0.8098 -0.5866
vn 0.0032 0.8098 -0.5867
vn 0.0039 0.7283 -0.6852
vn -0.0038 0.7283 -0.6853
vn -0.0028 0.8099 -0.5866
vn -0.0040 0.8099 -0.5866
vn -0.7450 0.6671 -0.0077
vn -1.0000 0.0027 -0.0066
vn -1.0000 0.0013 -0.0052
vn -0.9994 0.0002 -0.0354
vn -0.9994 -0.0026 -0.0336
vn -0.9994 -0.0025 0.0342
vn -0.9995 0.0020 0.0319
vn -1.0000 0.0037 -0.0057
vn -0.0000 -0.9992 -0.0403
vn 0.1262 -0.9919 -0.0115
vn 0.1262 -0.9919 0.0115
vn -0.0000 -0.9992 0.0403
vn 0.0015 -1.0000 0.0003
vn 0.0111 -0.9999 0.0011
vn 0.0158 -0.9999 -0.0000
vn 0.0111 -0.9999 -0.0011
vn 0.0015 -1.0000 -0.0003
vn 0.9899 -0.0553 0.1303
vn 0.9985 -0.0553 -0.0000
vn 0.9989 -0.0475 -0.0000
vn 0.9906 -0.0432 0.1301
vn -0.4987 -0.0708 -0.8639
vn -0.4991 -0.0574 -0.8646
vn 0.9228 -0.0475 0.3823
vn 0.9225 -0.0553 0.3821
vn 0.9644 -0.0553 0.2584
vn 0.9649 -0.0446 0.2587
vn -0.3817 -0.0709 0.9216
vn -0.3821 -0.0574 0.9223
vn -0.2945 -0.8780 -0.3773
vn -0.7054 -0.0708 -0.7053
vn -0.7914 -0.0708 -0.6072
vn -0.7920 -0.0574 -0.6078
vn -0.7059 -0.0574 -0.7060
vn 0.2945 -0.8780 -0.3773
vn 0.0073 -0.9999 -0.0070
vn 0.0067 -1.0000 -0.0038
vn 0.0066 -1.0000 0.0038
vn 0.0072 -0.9999 0.0070
vn 0.2945 -0.8780 0.3773
vn 0.8647 -0.0553 0.4992
vn 0.8650 -0.0475 0.4995
vn -0.0065 -1.0000 -0.0035
vn -0.0071 -1.0000 -0.0065
vn -0.2945 -0.8780 0.3774
vn -0.0071 -1.0000 0.0065
vn -0.0065 -1.0000 0.0035
vn -0.8639 -0.0708 -0.4987
vn -0.8646 -0.0574 -0.4992
vn 0.7060 -0.0553 -0.7060
vn 0.7063 -0.0475 -0.7063
vn 0.0054 -0.9999 0.0131
vn 0.0033 -0.9999 0.0116
vn 0.0020 -1.0000 0.0068
vn 0.0042 -0.9999 0.0102
vn 0.0055 -0.9999 0.0096
vn 0.0067 -0.9999 0.0088
vn 0.0078 -0.9999 0.0078
vn 0.0087 -0.9999 0.0067
vn 0.0095 -0.9999 0.0055
vn 0.0102 -0.9999 0.0042
vn 0.0106 -0.9999 0.0029
vn 0.0109 -0.9999 0.0015
vn 0.0110 -0.9999 -0.0000
vn 0.0109 -0.9999 -0.0014
vn 0.0107 -0.9999 -0.0028
vn 0.0102 -0.9999 -0.0042
vn 0.0096 -0.9999 -0.0055
vn 0.0088 -0.9999 -0.0067
vn 0.0078 -0.9999 -0.0078
vn 0.0067 -0.9999 -0.0087
vn 0.0055 -0.9999 -0.0095
vn 0.0042 -0.9999 -0.0101
vn 0.0021 -1.0000 -0.0068
vn 0.0032 -0.9999 -0.0116
vn 0.0054 -0.9999 -0.0131
vn 0.0071 -0.9999 -0.0122
vn 0.0086 -0.9999 -0.0112
vn 0.0100 -0.9999 -0.0100
vn 0.0112 -0.9999 -0.0086
vn 0.0122 -0.9999 -0.0071
vn 0.0131 -0.9999 -0.0054
vn 0.0137 -0.9999 -0.0037
vn 0.0140 -0.9999 -0.0018
vn 0.0141 -0.9999 -0.0000
vn 0.0140 -0.9999 0.0019
vn 0.0137 -0.9999 0.0037
vn 0.0131 -0.9999 0.0054
vn 0.0122 -0.9999 0.0071
vn 0.0112 -0.9999 0.0086
vn 0.0100 -0.9999 0.0100
vn 0.0086 -0.9999 0.0112
vn 0.0071 -0.9999 0.0122
vn -0.0050 -0.9999 -0.0122
vn -0.0031 -0.9999 -0.0109
vn -0.0019 -1.0000 -0.0062
vn -0.0038 -0.9999 -0.0094
vn -0.0051 -0.9999 -0.0088
vn -0.0061 -0.9999 -0.0081
vn -0.0072 -0.9999 -0.0072
vn -0.0080 -0.9999 -0.0062
vn -0.0088 -0.9999 -0.0051
vn -0.0094 -0.9999 -0.0039
vn -0.0098 -0.9999 -0.0027
vn -0.0101 -0.9999 -0.0014
vn -0.0102 -0.9999 -0.0000
vn -0.0101 -0.9999 0.0013
vn -0.0098 -0.9999 0.0026
vn -0.0094 -0.9999 0.0039
vn -0.0088 -0.9999 0.0051
vn -0.0081 -0.9999 0.0062
vn -0.0072 -0.9999 0.0072
vn -0.0062 -0.9999 0.0081
vn -0.0051 -0.9999 0.0088
vn -0.0039 -0.9999 0.0093
vn -0.0019 -1.0000 0.0062
vn -0.0030 -0.9999 0.0109
vn -0.0051 -0.9999 0.0122
vn -0.0066 -0.9999 0.0114
vn -0.0080 -0.9999 0.0105
vn -0.0093 -0.9999 0.0093
vn -0.0105 -0.9999 0.0080
vn -0.0114 -0.9999 0.0066
vn -0.0122 -0.9999 0.0050
vn -0.0128 -0.9999 0.0034
vn -0.0131 -0.9999 0.0017
vn -0.0132 -0.9999 -0.0000
vn -0.0131 -0.9999 -0.0017
vn -0.0128 -0.9999 -0.0034
vn -0.0122 -0.9999 -0.0051
vn -0.0114 -0.9999 -0.0066
vn -0.0105 -0.9999 -0.0080
vn -0.0093 -0.9999 -0.0093
vn -0.0080 -0.9999 -0.0105
vn -0.0066 -0.9999 -0.0114
vn 0.1966 -0.0551 -0.9789
vn -0.1975 -0.0704 -0.9778
vn -0.9132 -0.3709 0.1688
vn -0.5277 0.7822 0.3311
vn 0.9899 -0.0553 -0.1304
vn 0.9644 -0.0553 -0.2584
vn 0.9649 -0.0446 -0.2587
vn 0.9797 -0.0474 -0.1949
vn 0.9906 -0.0432 -0.1301
vn -0.0348 -0.9985 0.0434
vn -0.0348 -0.9985 -0.0434
vn 0.0029 -1.0000 -0.0008
vn 0.0035 -1.0000 -0.0014
vn 0.0032 -1.0000 -0.0018
vn 0.0029 -1.0000 -0.0022
vn 0.0027 -1.0000 -0.0026
vn 0.0023 -1.0000 -0.0029
vn 0.0019 -1.0000 -0.0032
vn 0.0015 -1.0000 -0.0034
vn 0.0010 -1.0000 -0.0035
vn 0.0005 -1.0000 -0.0037
vn -0.0000 -1.0000 -0.0037
vn -0.0004 -1.0000 -0.0037
vn -0.0009 -1.0000 -0.0036
vn -0.0014 -1.0000 -0.0034
vn -0.0018 -1.0000 -0.0032
vn -0.0022 -1.0000 -0.0029
vn -0.0026 -1.0000 -0.0027
vn -0.0029 -1.0000 -0.0023
vn -0.0032 -1.0000 -0.0019
vn -0.0034 -1.0000 -0.0015
vn -0.0036 -1.0000 -0.0010
vn -0.0037 -1.0000 -0.0005
vn -0.0037 -1.0000 -0.0000
vn -0.0037 -1.0000 0.0005
vn -0.0036 -1.0000 0.0009
vn -0.0035 -1.0000 0.0014
vn -0.0032 -1.0000 0.0018
vn -0.0030 -1.0000 0.0022
vn -0.0027 -1.0000 0.0026
vn -0.0023 -1.0000 0.0029
vn -0.0019 -1.0000 0.0032
vn -0.0015 -1.0000 0.0034
vn -0.0010 -1.0000 0.0036
vn -0.0005 -1.0000 0.0037
vn -0.0000 -1.0000 0.0037
vn 0.0005 -1.0000 0.0037
vn 0.0009 -1.0000 0.0036
vn 0.0014 -1.0000 0.0035
vn 0.0018 -1.0000 0.0032
vn 0.0022 -1.0000 0.0030
vn 0.0026 -1.0000 0.0027
vn 0.0029 -1.0000 0.0023
vn 0.0032 -1.0000 0.0019
vn 0.0034 -1.0000 0.0015
vn 0.0029 -1.0000 0.0008
vn 0.3012 0.8695 -0.3916
vn -0.6077 -0.0574 -0.7921
vn -0.6073 -0.0708 -0.7913
vn 0.3011 0.8695 0.3916
vn 0.2585 -0.0475 0.9648
vn 0.2587 -0.0520 0.9646
vn 0.3821 -0.0553 0.9225
vn 0.3822 -0.0475 0.9229
vn 0.4992 -0.0553 0.8647
vn 0.4994 -0.0475 0.8651
vn -0.4987 -0.0708 0.8639
vn -0.4993 -0.0574 0.8645
vn 0.9797 -0.0474 0.1949
vn 0.6080 -0.0475 0.7925
vn 0.6079 -0.0553 0.7921
vn 0.1967 -0.0551 0.9789
vn -0.8270 -0.5620 -0.0169
vn -0.8127 -0.5824 -0.0164
vn -0.8127 -0.5825 0.0154
vn -0.8247 -0.5654 0.0153
vn -0.8253 -0.5647 -0.0026
vn -0.8258 -0.5639 -0.0033
vn -0.8260 -0.5637 -0.0024
vn -0.8261 -0.5635 -0.0015
vn -0.8262 -0.5634 -0.0005
vn -0.8262 -0.5634 0.0005
vn -0.8261 -0.5635 0.0014
vn -0.8260 -0.5636 0.0024
vn -0.8258 -0.5639 0.0033
vn -0.8255 -0.5644 0.0035
vn -0.8275 -0.5615 0.0018
vn 0.8255 -0.5644 0.0035
vn 0.8258 -0.5639 0.0033
vn 0.8260 -0.5636 0.0024
vn 0.8261 -0.5635 0.0014
vn 0.8262 -0.5634 0.0005
vn 0.8262 -0.5634 -0.0005
vn 0.8261 -0.5635 -0.0015
vn 0.8260 -0.5637 -0.0024
vn 0.8258 -0.5639 -0.0033
vn 0.8253 -0.5647 -0.0026
vn 0.8247 -0.5654 0.0153
vn 0.8127 -0.5825 0.0154
vn 0.8127 -0.5824 -0.0164
vn 0.8270 -0.5620 -0.0169
vn 0.8275 -0.5615 0.0018
vn 0.0829 0.9965 0.0093
vn 0.0829 0.9965 0.0087
vn 0.0828 0.9965 -0.0087
vn 0.0828 0.9965 -0.0093
vn 0.0080 -0.0029 1.0000
vn -0.0079 -0.0029 1.0000
vn -0.0034 -0.0057 1.0000
vn -0.0024 -0.0058 1.0000
vn -0.0016 -0.0061 1.0000
vn -0.0008 -0.0062 1.0000
vn -0.0000 -0.0063 1.0000
vn 0.0008 -0.0062 1.0000
vn 0.0016 -0.0061 1.0000
vn 0.0024 -0.0058 1.0000
vn 0.0034 -0.0057 1.0000
vn -0.5520 -0.2532 -0.7945
vn -0.5520 0.2532 -0.7945
vn 0.5872 0.1930 -0.7861
vn 0.5520 0.2532 -0.7945
vn -0.5872 -0.1930 -0.7861
vn 0.8316 0.4961 -0.2495
vn 0.7803 0.4736 -0.4084
vn 0.8229 0.4860 -0.2945
vn 0.8555 0.4788 -0.1973
vn 0.8980 0.4099 -0.1601
vn 0.8890 0.4562 -0.0401
vn 0.9068 0.4083 -0.1047
vn 0.8526 0.5213 0.0356
vn -0.5872 0.1930 -0.7861
vn -0.8229 0.4860 -0.2945
vn -0.8555 0.4788 -0.1973
vn -0.8890 0.4562 -0.0401
vn -0.9068 0.4083 -0.1047
vn -0.8980 0.4099 -0.1601
vn -0.8572 0.5138 0.0348
vn -0.8553 0.5167 0.0384
vn -0.7996 0.5914 0.1041
vn -0.0136 0.9999 -0.0017
vn -0.0132 0.9999 -0.0036
vn -0.0137 0.9999 -0.0000
vn -0.0135 0.9999 0.0018
vn -0.0132 0.9999 0.0036
vn -0.0126 0.9999 0.0053
vn -0.0118 0.9999 0.0069
vn -0.0108 0.9999 0.0084
vn -0.0096 0.9999 0.0097
vn -0.0083 0.9999 0.0109
vn -0.0068 0.9999 0.0119
vn -0.0052 0.9999 0.0126
vn -0.0031 0.9999 0.0112
vn -0.0032 0.9999 -0.0112
vn -0.0053 0.9999 -0.0126
vn -0.0069 0.9999 -0.0118
vn -0.0084 0.9999 -0.0108
vn -0.0097 0.9999 -0.0096
vn -0.0109 0.9999 -0.0083
vn -0.0119 0.9999 -0.0068
vn -0.0126 0.9999 -0.0052
vn -0.0020 1.0000 0.0065
vn -0.0041 0.9999 0.0097
vn -0.0053 0.9999 0.0091
vn -0.0065 0.9999 0.0084
vn -0.0075 0.9999 0.0075
vn -0.0084 0.9999 0.0064
vn -0.0092 0.9999 0.0053
vn -0.0098 0.9999 0.0040
vn -0.0102 0.9999 0.0027
vn -0.0105 0.9999 0.0013
vn -0.0106 0.9999 -0.0000
vn -0.0105 0.9999 -0.0014
vn -0.0102 0.9999 -0.0028
vn -0.0098 0.9999 -0.0041
vn -0.0091 0.9999 -0.0053
vn -0.0084 0.9999 -0.0065
vn -0.0075 0.9999 -0.0075
vn -0.0064 0.9999 -0.0084
vn -0.0053 0.9999 -0.0092
vn -0.0040 0.9999 -0.0097
vn -0.0020 1.0000 -0.0065
vn -0.8002 -0.5633 -0.2060
vn -0.7453 -0.6162 0.2548
vn -0.1974 -0.0066 0.9803
vn -0.0316 -0.9987 0.0400
vn 0.0316 -0.9987 0.0400
vn -0.9968 0.0771 0.0213
vn -0.9959 -0.0590 0.0685
vn -0.0291 -0.9523 0.3038
vn 0.9959 -0.0591 0.0685
vn 0.0291 -0.9523 0.3038
vn -0.9973 -0.0531 0.0502
vn 0.9973 -0.0532 0.0502
vn -0.0291 0.9523 0.3038
vn -0.0012 0.0019 1.0000
vn 0.9959 0.0591 0.0686
vn 0.0012 0.0019 1.0000
vn 0.0291 0.9523 0.3038
vn -0.0010 0.0009 1.0000
vn 0.0010 0.0009 1.0000
vn 0.9973 0.0531 0.0502
vn -0.0010 0.0006 1.0000
vn -0.0015 0.0012 1.0000
vn -0.0014 0.0014 1.0000
vn -0.0012 0.0015 1.0000
vn -0.0009 0.0017 1.0000
vn -0.0007 0.0018 1.0000
vn -0.0005 0.0018 1.0000
vn 0.0005 0.0018 1.0000
vn 0.0009 0.0017 1.0000
vn 0.0010 0.0017 1.0000
vn 0.0012 0.0015 1.0000
vn 0.0014 0.0014 1.0000
vn 0.0015 0.0012 1.0000
vn 0.0010 0.0005 1.0000
vn 0.0027 0.0001 1.0000
vn 0.0323 -0.9995 -0.0000
vn -0.9976 -0.0682 0.0099
vn -0.0314 -0.9892 0.1435
vn -0.9985 -0.0543 0.0002
vn -0.9997 0.0111 0.0202
vn -0.9970 0.0771 -0.0000
vn 0.9976 0.0682 0.0099
vn 0.0314 0.9891 0.1435
vn -0.9998 0.0173 0.0003
vn 0.9985 0.0543 0.0002
vn -0.0323 -0.9995 -0.0000
vn 0.9995 0.0307 0.0003
vn 0.9989 0.0462 0.0002
vn -0.9989 0.0471 0.0003
vn -0.9995 0.0322 0.0003
vn -0.0314 0.9891 0.1436
vn 0.0314 -0.9891 0.1435
vn 0.0323 -0.9995 -0.0001
vn 0.9985 -0.0547 0.0003
vn 0.9989 -0.0471 0.0003
vn 0.9995 -0.0322 0.0003
vn -0.9995 -0.0307 0.0003
vn -0.9989 -0.0462 0.0002
vn 0.9976 -0.0682 0.0100
vn -0.0000 -0.0027 1.0000
vn 0.0001 -0.0027 1.0000
vn 0.5773 0.5774 0.5773
vn -0.5774 -0.5774 0.5773
vn -0.5774 0.5774 0.5773
vn -0.0001 -0.0002 1.0000
vn -0.0002 -0.6698 0.7425
vn -0.2714 -0.6038 0.7495
vn 0.0224 -0.6723 0.7399
vn 0.0027 -0.0001 1.0000
vn 0.7033 0.0177 0.7107
vn 0.7084 -0.0243 0.7054
vn 0.0001 0.0009 1.0000
vn 0.2597 0.6269 0.7345
vn -0.0001 0.0009 1.0000
vn -0.7033 0.0176 0.7106
vn -0.2597 0.6269 0.7345
vn -0.0027 -0.0001 1.0000
vn -0.7031 -0.0185 0.7108
vn -0.0013 0.0008 1.0000
vn -0.3442 0.6639 0.6639
vn 0.0028 -0.0018 1.0000
vn 0.0024 -0.0023 1.0000
vn 0.0019 -0.0027 1.0000
vn 0.0013 -0.0030 1.0000
vn 0.0007 -0.0032 1.0000
vn 0.0001 -0.0033 1.0000
vn -0.0006 -0.0032 1.0000
vn -0.0012 -0.0031 1.0000
vn -0.0018 -0.0028 1.0000
vn -0.0023 -0.0024 1.0000
vn -0.0027 -0.0019 1.0000
vn -0.0030 -0.0013 1.0000
vn -0.0032 -0.0007 1.0000
vn -0.0031 -0.0000 1.0000
vn 0.0031 -0.0000 1.0000
vn 0.0032 -0.0006 1.0000
vn 0.0031 -0.0012 1.0000
vn -0.0013 0.0009 1.0000
vn 0.0012 0.0009 1.0000
vn 0.0013 0.0008 1.0000
vn 0.3442 0.6639 0.6639
vn 0.3015 0.9045 0.3015
vn -0.3015 0.9045 0.3015
vn -0.1048 0.5906 0.8002
vn -0.5906 0.1048 0.8002
vn 0.3015 0.3015 0.9045
vn -0.7345 0.2597 0.6269
vn -0.7071 0.5000 0.5000
vn 0.7345 0.2597 0.6269
vn 0.7071 0.5000 0.5000
vn 0.0475 0.0095 0.9988
vn 0.0484 -0.0000 0.9988
vn -0.0094 -0.0475 0.9988
vn -0.0185 -0.0447 0.9988
vn 0.0342 0.0343 0.9988
vn 0.0403 0.0269 0.9988
vn 0.0448 -0.0185 0.9988
vn 0.0403 -0.0269 0.9988
vn 0.0001 -0.0484 0.9988
vn 0.0447 0.0185 0.9988
vn 0.0342 -0.0342 0.9988
vn 0.0095 -0.0475 0.9988
vn 0.0269 -0.0403 0.9988
vn 0.0186 -0.0447 0.9988
vn 0.0475 -0.0094 0.9988
vn 0.0185 -0.0447 0.9988
vn 0.0270 -0.0402 0.9988
vn 0.0094 -0.0475 0.9988
vn 0.0403 -0.0268 0.9988
vn -0.0000 -0.0484 0.9988
vn 0.0484 0.0001 0.9988
vn -0.0269 -0.0403 0.9988
vn 0.0438 0.0085 0.9990
vn -0.0342 -0.0342 0.9988
vn 0.0413 0.0169 0.9990
vn 0.0447 0.0186 0.9988
vn -0.0402 -0.0269 0.9988
vn 0.0372 0.0248 0.9990
vn 0.0402 0.0270 0.9988
vn -0.0447 -0.0185 0.9988
vn -0.0475 -0.0094 0.9988
vn 0.0269 0.0403 0.9988
vn -0.0484 -0.0000 0.9988
vn 0.0185 0.0448 0.9988
vn -0.0438 0.0088 0.9990
vn -0.0475 0.0094 0.9988
vn 0.0094 0.0475 0.9988
vn -0.0412 0.0171 0.9990
vn -0.0447 0.0185 0.9988
vn -0.0001 0.0484 0.9988
vn -0.0371 0.0249 0.9990
vn -0.0403 0.0269 0.9988
vn -0.0095 0.0475 0.9988
vn -0.0342 0.0342 0.9988
vn -0.0186 0.0447 0.9988
vn -0.0269 0.0403 0.9988
vn -0.0269 0.0402 0.9988
vn -0.0185 0.0447 0.9988
vn -0.0343 0.0342 0.9988
vn -0.0094 0.0475 0.9988
vn -0.0484 -0.0001 0.9988
vn -0.0000 0.0484 0.9988
vn -0.0402 -0.0270 0.9988
vn -0.0342 -0.0343 0.9988
vn 0.0185 0.0447 0.9988
vn 0.0269 0.0402 0.9988
vn 0.3000 -0.2005 0.9326
vn 0.2551 -0.2551 0.9326
vn -0.2839 0.2839 0.9159
vn -0.3338 0.2231 0.9159
vn -0.0000 0.3608 0.9326
vn 0.0704 0.3539 0.9326
vn -0.0783 -0.3938 0.9159
vn -0.0000 -0.4015 0.9159
vn -0.2005 0.3000 0.9326
vn -0.1381 0.3333 0.9326
vn 0.1537 -0.3710 0.9159
vn 0.2231 -0.3338 0.9159
vn 0.3539 -0.0704 0.9326
vn 0.3333 -0.1381 0.9326
vn -0.3709 0.1537 0.9159
vn -0.3938 0.0783 0.9159
vn -0.0704 0.3539 0.9326
vn 0.0783 -0.3938 0.9159
vn -0.2551 0.2551 0.9326
vn 0.2839 -0.2839 0.9159
vn -0.3539 -0.0704 0.9326
vn -0.3608 -0.0000 0.9326
vn 0.4015 -0.0000 0.9159
vn 0.3938 0.0783 0.9159
vn -0.2005 -0.3000 0.9326
vn -0.2551 -0.2551 0.9326
vn 0.2839 0.2839 0.9159
vn 0.2231 0.3338 0.9159
vn 0.2005 -0.3000 0.9326
vn -0.2231 0.3338 0.9159
vn 0.2551 0.2551 0.9326
vn 0.3000 0.2005 0.9326
vn -0.3338 -0.2231 0.9159
vn -0.2839 -0.2839 0.9159
vn -0.3000 -0.2005 0.9326
vn 0.3338 0.2231 0.9159
vn 0.7647 -0.5110 0.3926
vn 0.8497 -0.3520 0.3926
vn 0.8497 -0.3520 -0.3925
vn 0.7647 -0.5110 -0.3925
vn 0.3333 0.1381 0.9326
vn -0.3710 -0.1537 0.9159
vn -0.3539 0.0704 0.9326
vn 0.3938 -0.0783 0.9159
vn -0.3333 0.1381 0.9326
vn -0.3000 0.2005 0.9326
vn 0.3338 -0.2231 0.9159
vn 0.3710 -0.1537 0.9159
vn -0.1381 -0.3333 0.9326
vn 0.1537 0.3710 0.9159
vn 0.3608 -0.0000 0.9326
vn -0.4015 -0.0000 0.9159
vn 0.1381 0.3333 0.9326
vn -0.1537 -0.3710 0.9159
vn 0.3539 0.0704 0.9326
vn -0.3938 -0.0783 0.9159
vn 0.2005 0.3000 0.9326
vn -0.2231 -0.3338 0.9159
vn -0.3539 0.0704 -0.9326
vn -0.3608 -0.0000 -0.9326
vn 0.4016 -0.0000 -0.9158
vn 0.3938 -0.0783 -0.9158
vn 0.9020 0.1794 0.3926
vn 0.8497 0.3520 0.3926
vn 0.8497 0.3520 -0.3926
vn 0.9021 0.1794 -0.3925
vn 0.1381 -0.3333 0.9326
vn -0.1537 0.3710 0.9159
vn 0.0704 -0.3539 0.9326
vn -0.0783 0.3938 0.9159
vn -0.3710 0.1537 0.9159
vn -0.0000 -0.3608 0.9326
vn -0.0704 -0.3539 0.9326
vn 0.0783 0.3938 0.9159
vn -0.0000 0.4015 0.9159
vn -0.3333 -0.1381 0.9326
vn 0.3710 0.1537 0.9159
vn -0.1537 -0.3709 0.9159
vn 0.1537 -0.3709 0.9159
vn -0.7038 0.7038 0.0968
vn -0.7038 0.7038 -0.0968
vn -0.8276 0.5530 -0.0968
vn -0.8276 0.5530 0.0968
vn -0.1942 -0.9762 0.0968
vn -0.1941 -0.9762 -0.0968
vn -0.0000 -0.9953 -0.0968
vn -0.0000 -0.9953 0.0968
vn 0.3809 -0.9195 0.0968
vn 0.3809 -0.9195 -0.0968
vn 0.5530 -0.8276 -0.0968
vn 0.5529 -0.8276 0.0968
vn -0.9195 0.3809 0.0968
vn -0.9196 0.3809 -0.0968
vn -0.9762 0.1942 -0.0968
vn -0.9762 0.1942 0.0968
vn 0.1942 -0.9762 -0.0968
vn 0.1941 -0.9762 0.0968
vn 0.7038 -0.7038 -0.0968
vn 0.7038 -0.7038 0.0968
vn 0.9953 -0.0000 0.0968
vn 0.9953 -0.0000 -0.0968
vn 0.9762 0.1942 -0.0968
vn 0.9762 0.1941 0.0968
vn 0.7038 0.7038 0.0968
vn 0.7038 0.7038 -0.0968
vn 0.5530 0.8276 -0.0968
vn 0.5530 0.8276 0.0968
vn -0.5530 0.8276 0.0968
vn -0.5530 0.8276 -0.0968
vn -0.8276 -0.5530 0.0968
vn -0.8275 -0.5530 -0.0968
vn -0.7038 -0.7038 -0.0968
vn -0.7038 -0.7038 0.0968
vn 0.8276 0.5530 0.0968
vn 0.8275 0.5530 -0.0968
vn -0.9762 -0.1942 0.0968
vn -0.9762 -0.1942 -0.0968
vn -0.9195 -0.3809 -0.0968
vn -0.9196 -0.3809 0.0968
vn -0.9195 -0.3809 0.0968
vn -0.8276 -0.5530 -0.0968
vn -0.8276 -0.5529 0.0968
vn 0.9762 -0.1942 0.0968
vn 0.9762 -0.1941 -0.0968
vn 0.8276 -0.5530 0.0968
vn 0.8276 -0.5529 -0.0968
vn 0.9195 -0.3809 -0.0968
vn 0.9195 -0.3809 0.0968
vn 0.3809 0.9195 -0.0968
vn 0.3809 0.9195 0.0968
vn 0.9196 -0.3809 -0.0968
vn -0.9762 0.1941 -0.0968
vn -0.9953 -0.0000 -0.0968
vn -0.9953 -0.0000 0.0968
vn -0.3809 -0.9195 0.0968
vn -0.3809 -0.9196 -0.0968
vn -0.5530 -0.8276 0.0968
vn -0.5529 -0.8276 -0.0968
vn -0.3809 0.9195 0.0968
vn -0.3809 0.9195 -0.0968
vn -0.5529 0.8276 0.0968
vn -0.1942 0.9762 0.0968
vn -0.1942 0.9762 -0.0968
vn -0.9195 0.3809 -0.0968
vn 0.1942 0.9762 0.0968
vn 0.1941 0.9762 -0.0968
vn -0.0000 0.9953 -0.0968
vn -0.0000 0.9953 0.0968
vn 0.3809 0.9196 -0.0968
vn 0.9195 0.3809 0.0968
vn 0.9195 0.3809 -0.0968
vn -0.5530 -0.8276 -0.0968
vn 0.9762 0.1942 0.0968
vn -0.3809 -0.9195 -0.0968
vn 0.9762 -0.1942 -0.0968
vn 0.9196 0.3809 0.0968
vn 0.1942 0.9762 -0.0968
vn -0.1941 0.9762 0.0968
vn -0.9020 0.1794 0.3926
vn -0.9197 -0.0000 0.3926
vn -0.9197 -0.0000 -0.3926
vn -0.9021 0.1794 -0.3925
vn -0.8497 -0.3520 0.3926
vn -0.7647 -0.5110 0.3926
vn -0.7647 -0.5110 -0.3925
vn -0.8497 -0.3520 -0.3925
vn -0.6503 -0.6503 0.3926
vn -0.6503 -0.6503 -0.3925
vn -0.5110 -0.7647 0.3926
vn -0.5110 -0.7647 -0.3925
vn -0.3520 -0.8497 0.3926
vn -0.3520 -0.8497 -0.3925
vn -0.1794 -0.9020 0.3926
vn -0.1794 -0.9021 -0.3925
vn -0.0000 -0.9197 0.3926
vn -0.0000 -0.9197 -0.3925
vn 0.1794 -0.9020 0.3926
vn 0.1794 -0.9021 -0.3925
vn 0.3520 -0.8497 0.3926
vn 0.3520 -0.8497 -0.3925
vn 0.5110 -0.7647 0.3926
vn 0.5110 -0.7647 -0.3925
vn 0.6503 -0.6503 0.3926
vn 0.6503 -0.6503 -0.3925
vn 0.9020 -0.1794 0.3926
vn 0.9021 -0.1794 -0.3926
vn 0.9197 -0.0000 0.3926
vn 0.9197 -0.0000 -0.3926
vn 0.7647 0.5110 0.3926
vn 0.7647 0.5110 -0.3925
vn 0.6503 0.6503 0.3926
vn 0.6503 0.6503 -0.3926
vn 0.5110 0.7647 0.3926
vn 0.5110 0.7647 -0.3926
vn 0.3520 0.8497 0.3926
vn 0.3520 0.8497 -0.3926
vn 0.1794 0.9020 0.3926
vn 0.1794 0.9021 -0.3926
vn -0.0000 0.9197 0.3926
vn -0.0000 0.9197 -0.3925
vn -0.1794 0.9020 0.3926
vn -0.1794 0.9021 -0.3925
vn -0.3520 0.8497 0.3926
vn -0.3520 0.8497 -0.3926
vn -0.5110 0.7647 0.3926
vn -0.5110 0.7647 -0.3926
vn -0.6503 0.6503 0.3926
vn -0.6504 0.6503 -0.3926
vn -0.7647 0.5110 0.3926
vn -0.7647 0.5110 -0.3926
vn -0.8497 0.3520 0.3926
vn -0.8497 0.3520 -0.3925
vn -0.9020 -0.1794 0.3926
vn -0.9021 -0.1794 -0.3925
vn 0.1794 -0.9021 -0.3926
vn -0.1794 -0.9021 -0.3926
vn -0.3520 -0.8497 -0.3926
vn -0.5110 -0.7647 -0.3926
vn -0.7647 -0.5110 -0.3926
vn -0.8497 -0.3520 -0.3926
vn -0.9021 -0.1794 -0.3926
vn -0.8497 0.3520 -0.3926
vn -0.6503 0.6503 -0.3925
vn 0.1794 0.9021 -0.3925
vn 0.3520 0.8497 -0.3925
vn 0.6504 0.6503 -0.3926
vn 0.7647 0.5110 -0.3926
vn 0.8497 0.3520 -0.3925
vn -0.3334 0.1381 -0.9326
vn 0.3710 -0.1537 -0.9158
vn -0.3539 -0.0704 -0.9326
vn -0.3334 -0.1381 -0.9326
vn 0.3710 0.1537 -0.9158
vn 0.3938 0.0783 -0.9158
vn -0.1381 0.3334 -0.9326
vn -0.2005 0.3000 -0.9326
vn 0.2231 -0.3339 -0.9158
vn 0.1537 -0.3710 -0.9158
vn -0.0704 0.3539 -0.9326
vn 0.0783 -0.3938 -0.9158
vn 0.1381 0.3334 -0.9326
vn 0.0704 0.3539 -0.9326
vn -0.0783 -0.3938 -0.9158
vn -0.1537 -0.3710 -0.9158
vn -0.0000 0.3608 -0.9326
vn -0.0000 -0.4016 -0.9158
vn -0.2552 -0.2552 -0.9326
vn -0.2005 -0.3000 -0.9326
vn 0.2231 0.3339 -0.9158
vn 0.2839 0.2839 -0.9158
vn -0.3000 -0.2005 -0.9326
vn 0.3339 0.2231 -0.9158
vn 0.3334 0.1381 -0.9326
vn 0.3000 0.2005 -0.9326
vn -0.3339 -0.2231 -0.9158
vn -0.3710 -0.1537 -0.9158
vn -0.3000 0.2005 -0.9326
vn 0.3339 -0.2231 -0.9158
vn 0.3539 -0.0704 -0.9326
vn 0.3608 -0.0000 -0.9326
vn -0.4016 -0.0000 -0.9158
vn -0.3938 0.0783 -0.9158
vn 0.3539 0.0704 -0.9326
vn -0.3938 -0.0783 -0.9158
vn 0.1381 -0.3334 -0.9326
vn 0.2005 -0.3000 -0.9326
vn -0.2231 0.3339 -0.9158
vn -0.1537 0.3710 -0.9158
vn 0.0704 -0.3539 -0.9326
vn -0.0783 0.3938 -0.9158
vn -0.0704 -0.3539 -0.9326
vn -0.0000 -0.3608 -0.9326
vn 0.0783 0.3938 -0.9158
vn -0.1381 -0.3334 -0.9326
vn 0.1537 0.3710 -0.9158
vn 0.2552 0.2552 -0.9326
vn 0.2005 0.3000 -0.9326
vn -0.2231 -0.3339 -0.9158
vn -0.2839 -0.2839 -0.9158
vn 0.3000 -0.2005 -0.9326
vn 0.3334 -0.1381 -0.9326
vn -0.3710 0.1537 -0.9158
vn -0.3339 0.2231 -0.9158
vn -0.2552 0.2552 -0.9326
vn 0.2839 -0.2839 -0.9158
vn 0.2552 -0.2552 -0.9326
vn -0.2839 0.2839 -0.9158
vt 0.592528 0.957039
vt 0.594446 0.882915
vt 0.592528 0.957039
vt 0.601298 0.618090
vt 0.602680 0.478159
vt 0.396966 0.471770
vt 0.601751 0.470156
vt 0.600811 0.478173
vt 0.398041 0.479766
vt 0.401349 0.619569
vt 0.407350 0.715212
vt 0.598820 0.713856
vt 0.596544 0.801826
vt 0.590441 0.118801
vt 0.590040 0.142059
vt 0.590042 0.141948
vt 0.590441 0.118801
vt 0.603785 0.468741
vt 0.601340 0.404633
vt 0.601341 0.404651
vt 0.603785 0.468741
vt 0.603040 0.403286
vt 0.625168 0.403107
vt 0.625168 0.403107
vt 0.603303 0.403284
vt 0.598176 0.321651
vt 0.595869 0.327468
vt 0.596379 0.274514
vt 0.595441 0.272577
vt 0.585431 0.260437
vt 0.572269 0.249940
vt 0.556479 0.241442
vt 0.538651 0.235221
vt 0.519436 0.231479
vt 0.499517 0.230335
vt 0.479596 0.231824
vt 0.460377 0.235898
vt 0.442547 0.242425
vt 0.426754 0.251192
vt 0.413588 0.261909
vt 0.403568 0.274213
vt 0.402628 0.276166
vt 0.406258 0.227629
vt 0.592827 0.226009
vt 0.625072 0.402917
vt 0.622189 0.341873
vt 0.621642 0.359359
vt 0.624491 0.420386
vt 0.402974 0.226500
vt 0.382384 0.226679
vt 0.382384 0.226679
vt 0.402729 0.226502
vt 0.373666 0.405144
vt 0.395761 0.404965
vt 0.395498 0.404967
vt 0.373666 0.405144
vt 0.599426 0.402035
vt 0.399375 0.403656
vt 0.399986 0.342630
vt 0.410951 0.342539
vt 0.423662 0.353663
vt 0.439667 0.362943
vt 0.458135 0.369828
vt 0.478322 0.374014
vt 0.499392 0.375315
vt 0.520466 0.373669
vt 0.540667 0.369150
vt 0.559159 0.361959
vt 0.575193 0.352410
vt 0.587935 0.341069
vt 0.598913 0.340978
vt 0.413251 0.342520
vt 0.412245 0.341642
vt 0.413251 0.342520
vt 0.599713 0.402035
vt 0.620724 0.340797
vt 0.623576 0.401841
vt 0.616734 0.224643
vt 0.596115 0.224822
vt 0.596361 0.224820
vt 0.382393 0.228927
vt 0.379682 0.284487
vt 0.380781 0.301942
vt 0.383450 0.246362
vt 0.590758 0.170655
vt 0.408417 0.172271
vt 0.410410 0.121438
vt 0.588847 0.119827
vt 0.399488 0.283232
vt 0.397482 0.287558
vt 0.394894 0.301644
vt 0.396280 0.315835
vt 0.400585 0.327566
vt 0.378207 0.342811
vt 0.381060 0.283388
vt 0.624555 0.421536
vt 0.624560 0.421390
vt 0.616221 0.243065
vt 0.616225 0.242919
vt 0.383499 0.245072
vt 0.383490 0.244926
vt 0.374926 0.423543
vt 0.374916 0.423397
vt 0.598339 0.325914
vt 0.602669 0.314103
vt 0.604081 0.299879
vt 0.601513 0.285827
vt 0.599511 0.281531
vt 0.617965 0.281375
vt 0.620724 0.340796
vt 0.397159 0.473158
vt 0.398047 0.479766
vt 0.600805 0.478173
vt 0.601581 0.471548
vt 0.600805 0.478173
vt 0.398047 0.479766
vt 0.403162 0.619556
vt 0.599485 0.618103
vt 0.601876 0.467385
vt 0.599441 0.401945
vt 0.399359 0.403566
vt 0.396819 0.469003
vt 0.588797 0.120244
vt 0.588430 0.141857
vt 0.411551 0.143442
vt 0.410507 0.121854
vt 0.599485 0.618103
vt 0.403162 0.619556
vt 0.409086 0.715200
vt 0.597085 0.713868
vt 0.414528 0.803063
vt 0.594880 0.801837
vt 0.592807 0.225962
vt 0.406278 0.227582
vt 0.594880 0.801837
vt 0.419544 0.884058
vt 0.592847 0.882926
vt 0.378898 0.342805
vt 0.375966 0.403848
vt 0.399793 0.403655
vt 0.410736 0.342351
vt 0.401389 0.329590
vt 0.592827 0.226009
vt 0.406258 0.227629
vt 0.402628 0.276166
vt 0.403568 0.274213
vt 0.413588 0.261909
vt 0.426754 0.251192
vt 0.442547 0.242425
vt 0.460377 0.235898
vt 0.479595 0.231824
vt 0.499517 0.230335
vt 0.519436 0.231479
vt 0.538651 0.235221
vt 0.572269 0.249940
vt 0.585431 0.260437
vt 0.625059 0.403323
vt 0.624505 0.419979
vt 0.621654 0.358952
vt 0.622176 0.342280
vt 0.619371 0.282857
vt 0.618879 0.299526
vt 0.616283 0.243948
vt 0.616747 0.227299
vt 0.406652 0.227628
vt 0.384419 0.227823
vt 0.381782 0.283382
vt 0.398734 0.283238
vt 0.575192 0.352410
vt 0.559159 0.361959
vt 0.540667 0.369150
vt 0.520466 0.373669
vt 0.499391 0.375314
vt 0.478321 0.374014
vt 0.458135 0.369828
vt 0.439667 0.362943
vt 0.423662 0.353663
vt 0.410951 0.342539
vt 0.399375 0.403656
vt 0.599004 0.402041
vt 0.622867 0.401847
vt 0.620032 0.340802
vt 0.600266 0.281525
vt 0.617243 0.281381
vt 0.614694 0.225824
vt 0.592430 0.226015
vt 0.382418 0.229333
vt 0.383426 0.245956
vt 0.380756 0.301536
vt 0.379707 0.284893
vt 0.588851 0.119934
vt 0.410406 0.121546
vt 0.381782 0.283382
vt 0.395386 0.315857
vt 0.393875 0.301667
vt 0.396535 0.287569
vt 0.376808 0.344316
vt 0.377901 0.360962
vt 0.374969 0.421987
vt 0.373830 0.405358
vt 0.619371 0.282857
vt 0.597530 0.327952
vt 0.588151 0.340878
vt 0.380756 0.301536
vt 0.617243 0.281381
vt 0.602462 0.285821
vt 0.605102 0.299885
vt 0.603565 0.314110
vt 0.598339 0.325914
vt 0.600811 0.478173
vt 0.599489 0.618103
vt 0.403158 0.619556
vt 0.398041 0.479766
vt 0.397456 0.406284
vt 0.394908 0.470388
vt 0.397456 0.406302
vt 0.592849 0.882926
vt 0.590979 0.957049
vt 0.424140 0.958098
vt 0.419542 0.884058
vt 0.601878 0.467442
vt 0.396817 0.469059
vt 0.399357 0.403622
vt 0.599443 0.402001
vt 0.602680 0.478159
vt 0.602680 0.478159
vt 0.417946 0.884068
vt 0.422591 0.958108
vt 0.422591 0.958108
vt 0.594882 0.801837
vt 0.592849 0.882926
vt 0.419542 0.884058
vt 0.414525 0.803063
vt 0.597088 0.713868
vt 0.414525 0.803063
vt 0.409083 0.715200
vt 0.599489 0.618103
vt 0.597088 0.713868
vt 0.403158 0.619556
vt 0.412863 0.803074
vt 0.588802 0.119926
vt 0.410491 0.121536
vt 0.411567 0.143760
vt 0.588425 0.142176
vt 0.394908 0.470388
vt 0.396172 0.479781
vt 0.394908 0.470388
vt 0.409948 0.143672
vt 0.408818 0.120441
vt 0.409943 0.143561
vt 0.406757 0.172285
vt 0.406757 0.172285
vt 0.406278 0.227582
vt 0.619383 0.282451
vt 0.616759 0.226893
vt 0.616272 0.244355
vt 0.618867 0.299933
vt 0.404647 0.225375
vt 0.405993 0.227634
vt 0.381060 0.283388
vt 0.383758 0.227829
vt 0.399085 0.403661
vt 0.375258 0.403854
vt 0.378207 0.342811
vt 0.593091 0.226009
vt 0.615356 0.225818
vt 0.617965 0.281375
vt 0.601275 0.313838
vt 0.403050 0.329077
vt 0.585633 0.341088
vt 0.573907 0.351489
vt 0.573907 0.351489
vt 0.424946 0.352721
vt 0.499509 0.231477
vt 0.519103 0.232601
vt 0.400755 0.323302
vt 0.397673 0.315547
vt 0.400755 0.323302
vt 0.593845 0.272961
vt 0.596531 0.278514
vt 0.398815 0.287762
vt 0.401000 0.283219
vt 0.479916 0.232941
vt 0.538004 0.236280
vt 0.555537 0.242395
vt 0.571064 0.250745
vt 0.584003 0.261051
vt 0.405162 0.274570
vt 0.415012 0.262499
vt 0.405162 0.274570
vt 0.597997 0.281544
vt 0.600178 0.286053
vt 0.427954 0.251975
vt 0.443483 0.243362
vt 0.461016 0.236946
vt 0.396265 0.301594
vt 0.396265 0.301594
vt 0.586641 0.340194
vt 0.558143 0.360876
vt 0.539963 0.367947
vt 0.539963 0.367947
vt 0.520106 0.372391
vt 0.499391 0.374009
vt 0.478680 0.372731
vt 0.458838 0.368614
vt 0.440682 0.361844
vt 0.602708 0.299852
vt 0.402469 0.280166
vt 0.402469 0.280166
vt 0.588410 0.143286
vt 0.411617 0.144869
vt 0.588410 0.143286
vt 0.618835 0.301022
vt 0.616241 0.245442
vt 0.592418 0.170640
vt 0.594442 0.223726
vt 0.621607 0.360447
vt 0.624455 0.421474
vt 0.624455 0.421474
vt 0.377999 0.362455
vt 0.375071 0.423479
vt 0.375071 0.423479
vt 0.380850 0.303029
vt 0.383516 0.247448
vt 0.592847 0.882926
vt 0.424142 0.958098
vt 0.590977 0.957049
vt 0.376781 0.343910
vt 0.373802 0.404952
vt 0.374996 0.422393
vt 0.377927 0.361368
vt 0.618867 0.299933
vt 0.621642 0.359359
vt 0.588151 0.340877
vt 0.597530 0.327952
vt 0.379682 0.284487
vt 0.380781 0.301942
vt 0.590969 0.957911
vt 0.424181 0.958959
vt 0.333172 0.464134
vt 0.288642 0.490315
vt 0.281949 0.481184
vt 0.322047 0.457661
vt 0.340560 0.083737
vt 0.329728 0.072636
vt 0.660327 0.709382
vt 0.655713 0.657915
vt 0.666803 0.655905
vt 0.671593 0.709382
vt 0.182172 0.709381
vt 0.186782 0.760849
vt 0.175700 0.762859
vt 0.170906 0.709382
vt 0.299905 0.625889
vt 0.299905 0.667641
vt 0.509328 0.464134
vt 0.501939 0.083737
vt 0.512770 0.072636
vt 0.520452 0.457661
vt 0.421250 0.083446
vt 0.421250 0.072486
vt 0.854643 0.629755
vt 0.854643 0.672947
vt 0.315532 0.667791
vt 0.315532 0.625998
vt 0.553857 0.490315
vt 0.560549 0.481184
vt 0.553873 0.928471
vt 0.590123 0.895772
vt 0.598447 0.903361
vt 0.560533 0.937559
vt 0.590108 0.523005
vt 0.598462 0.515391
vt 0.854643 0.485414
vt 0.854643 0.438548
vt 0.315532 0.440981
vt 0.315532 0.486329
vt 0.619897 0.562891
vt 0.629540 0.557020
vt 0.642056 0.608447
vt 0.652608 0.604464
vt 0.200434 0.810319
vt 0.189899 0.814298
vt 0.222601 0.562891
vt 0.200442 0.608447
vt 0.189890 0.604463
vt 0.212959 0.557019
vt 0.526551 0.944523
vt 0.532228 0.954187
vt 0.854643 0.485414
vt 0.854643 0.534152
vt 0.315532 0.533489
vt 0.619910 0.855880
vt 0.642065 0.810320
vt 0.652600 0.814298
vt 0.629528 0.861739
vt 0.315532 0.756824
vt 0.854643 0.764959
vt 0.315532 0.756824
vt 0.186786 0.657915
vt 0.175696 0.655905
vt 0.854643 0.764959
vt 0.315532 0.756824
vt 0.315532 0.756824
vt 0.854643 0.764959
vt 0.252390 0.523005
vt 0.244037 0.515390
vt 0.655717 0.760849
vt 0.666798 0.762859
vt 0.222589 0.855879
vt 0.212971 0.861738
vt 0.854643 0.672947
vt 0.854643 0.629755
vt 0.315532 0.625997
vt 0.315532 0.667790
vt 0.854643 0.326431
vt 0.315532 0.332493
vt 0.315532 0.320241
vt 0.854643 0.313371
vt 0.854641 0.300232
vt 0.315533 0.307102
vt 0.315533 0.242721
vt 0.854641 0.233612
vt 0.854643 0.710804
vt 0.315532 0.704422
vt 0.315532 0.667790
vt 0.854643 0.672947
vt 0.854643 0.582890
vt 0.315532 0.580649
vt 0.315532 0.533489
vt 0.854643 0.534152
vt 0.854641 0.233613
vt 0.315533 0.242721
vt 0.315534 0.307102
vt 0.854642 0.300232
vt 0.854644 0.230470
vt 0.315531 0.239639
vt 0.315531 0.239485
vt 0.854643 0.230311
vt 0.854643 0.629755
vt 0.315532 0.625998
vt 0.315532 0.667791
vt 0.315532 0.239485
vt 0.315531 0.239639
vt 0.854644 0.230470
vt 0.854643 0.313371
vt 0.315532 0.320241
vt 0.315532 0.332493
vt 0.854643 0.326431
vt 0.854643 0.710804
vt 0.315532 0.704422
vt 0.315532 0.734485
vt 0.854643 0.741873
vt 0.854643 0.326431
vt 0.315532 0.362556
vt 0.854643 0.357500
vt 0.315532 0.440981
vt 0.854643 0.438548
vt 0.315532 0.362556
vt 0.315532 0.399188
vt 0.854643 0.395357
vt 0.854643 0.395357
vt 0.315532 0.440981
vt 0.854643 0.438549
vt 0.315532 0.580649
vt 0.315532 0.399188
vt 0.854643 0.395357
vt 0.315532 0.734485
vt 0.315532 0.749271
vt 0.854643 0.757394
vt 0.315532 0.533489
vt 0.854643 0.534152
vt 0.854643 0.534152
vt 0.315532 0.533489
vt 0.854643 0.757394
vt 0.315532 0.749270
vt 0.315532 0.734485
vt 0.854643 0.741872
vt 0.854643 0.438549
vt 0.315532 0.486329
vt 0.315532 0.704422
vt 0.854643 0.710804
vt 0.854643 0.395357
vt 0.315532 0.399188
vt 0.854643 0.357500
vt 0.854643 0.534152
vt 0.315532 0.533489
vt 0.315532 0.580650
vt 0.854643 0.357500
vt 0.315532 0.362556
vt 0.315532 0.332493
vt 0.315532 0.704422
vt 0.854643 0.710804
vt 0.315532 0.667790
vt 0.299905 0.704237
vt 0.299905 0.667641
vt 0.299905 0.667641
vt 0.299905 0.580585
vt 0.854643 0.230450
vt 0.315532 0.239618
vt 0.315532 0.239485
vt 0.854641 0.233772
vt 0.854641 0.300073
vt 0.315534 0.306950
vt 0.315534 0.242873
vt 0.854643 0.309885
vt 0.315532 0.316670
vt 0.854643 0.326431
vt 0.854643 0.395357
vt 0.315532 0.399188
vt 0.315532 0.399188
vt 0.854643 0.438549
vt 0.315532 0.440981
vt 0.854643 0.438548
vt 0.315532 0.399188
vt 0.854643 0.309885
vt 0.315532 0.316670
vt 0.854641 0.300073
vt 0.854641 0.233771
vt 0.315534 0.242873
vt 0.315534 0.306950
vt 0.854643 0.230450
vt 0.315532 0.239618
vt 0.854643 0.582890
vt 0.315532 0.625997
vt 0.854643 0.582890
vt 0.315532 0.533489
vt 0.315532 0.580649
vt 0.315532 0.734485
vt 0.315532 0.704422
vt 0.854643 0.756657
vt 0.315532 0.748507
vt 0.854643 0.756656
vt 0.315532 0.734485
vt 0.315532 0.748507
vt 0.854643 0.710804
vt 0.315532 0.704422
vt 0.315532 0.734485
vt 0.854643 0.710804
vt 0.315532 0.704422
vt 0.315532 0.625998
vt 0.299905 0.239934
vt 0.299905 0.239751
vt 0.299905 0.239934
vt 0.299905 0.310352
vt 0.299905 0.332669
vt 0.299905 0.362703
vt 0.299905 0.362703
vt 0.299905 0.332669
vt 0.299905 0.399299
vt 0.299905 0.399299
vt 0.299905 0.441052
vt 0.299905 0.441052
vt 0.299905 0.441052
vt 0.299905 0.399299
vt 0.299905 0.486355
vt 0.299905 0.533470
vt 0.299905 0.486356
vt 0.299905 0.580584
vt 0.299905 0.533470
vt 0.299905 0.239934
vt 0.299905 0.704237
vt 0.299905 0.734271
vt 0.299905 0.704237
vt 0.299905 0.625889
vt 0.299905 0.580584
vt 0.299905 0.748574
vt 0.299905 0.748747
vt 0.299905 0.748573
vt 0.299905 0.734271
vt 0.299905 0.748747
vt 0.299905 0.704237
vt 0.299905 0.486355
vt 0.315532 0.580650
vt 0.315532 0.625998
vt 0.854643 0.629755
vt 0.299905 0.667641
vt 0.854643 0.485414
vt 0.315532 0.533489
vt 0.299905 0.441052
vt 0.288625 0.928471
vt 0.315947 0.944523
vt 0.310270 0.954187
vt 0.281965 0.937559
vt 0.252375 0.895771
vt 0.244051 0.903361
vt 0.485703 0.117713
vt 0.468567 0.100842
vt 0.507102 0.482547
vt 0.492286 0.457216
vt 0.350213 0.457216
vt 0.335397 0.482547
vt 0.373931 0.100842
vt 0.356795 0.117713
vt 0.511970 0.952785
vt 0.517950 0.929778
vt 0.324548 0.929778
vt 0.330528 0.952785
vt 0.512370 0.056004
vt 0.529516 0.072840
vt 0.536669 0.431380
vt 0.551506 0.456691
vt 0.290993 0.456691
vt 0.305830 0.431380
vt 0.312983 0.072840
vt 0.330129 0.056004
vt 0.540654 0.968424
vt 0.517646 0.962447
vt 0.324853 0.962447
vt 0.301845 0.968424
vt 0.421250 0.100674
vt 0.543759 0.504106
vt 0.577481 0.534525
vt 0.605301 0.571784
vt 0.626065 0.614479
vt 0.638891 0.660951
vt 0.237197 0.571783
vt 0.216434 0.614479
vt 0.265018 0.534525
vt 0.298740 0.504106
vt 0.203607 0.757768
vt 0.216433 0.804241
vt 0.199269 0.709360
vt 0.577483 0.884196
vt 0.605303 0.846937
vt 0.543760 0.914615
vt 0.298738 0.914615
vt 0.265015 0.884195
vt 0.237196 0.846937
vt 0.638892 0.757768
vt 0.643229 0.709360
vt 0.626066 0.804242
vt 0.203607 0.660951
vt 0.421250 0.055854
vt 0.570394 0.467769
vt 0.610766 0.504185
vt 0.643755 0.548366
vt 0.668176 0.598582
vt 0.683175 0.652926
vt 0.174322 0.598582
vt 0.198744 0.548365
vt 0.231733 0.504185
vt 0.272105 0.467769
vt 0.174324 0.820143
vt 0.159325 0.765800
vt 0.154267 0.709362
vt 0.643753 0.870360
vt 0.610763 0.914539
vt 0.570391 0.950955
vt 0.272107 0.950954
vt 0.231735 0.914539
vt 0.198746 0.870359
vt 0.688232 0.709363
vt 0.683174 0.765800
vt 0.668175 0.820142
vt 0.159324 0.652926
vt 0.617189 0.193539
vt 0.354558 0.189706
vt 0.359859 0.115489
vt 0.615486 0.119292
vt 0.364006 0.815251
vt 0.367376 0.929159
vt 0.367376 0.929159
vt 0.349960 0.205413
vt 0.351874 0.405203
vt 0.350034 0.213141
vt 0.356240 0.552781
vt 0.351874 0.405203
vt 0.609402 0.556134
vt 0.615538 0.408841
vt 0.603735 0.692147
vt 0.603735 0.692147
vt 0.354208 0.112011
vt 0.348323 0.193009
vt 0.348955 0.184313
vt 0.354208 0.112011
vt 0.354553 0.124874
vt 0.354246 0.113414
vt 0.617159 0.192114
vt 0.615516 0.120717
vt 0.359760 0.116914
vt 0.354658 0.188281
vt 0.358516 0.217354
vt 0.353755 0.181271
vt 0.618153 0.185138
vt 0.612401 0.221035
vt 0.598325 0.692078
vt 0.365682 0.689115
vt 0.369216 0.815315
vt 0.593276 0.818063
vt 0.610101 0.256165
vt 0.620091 -0.006314
vt 0.357030 -0.010343
vt 0.363559 0.252625
vt 0.609679 0.408760
vt 0.357734 0.405284
vt 0.361866 0.552855
vt 0.603776 0.556060
vt 0.361866 0.552855
vt 0.365682 0.689115
vt 0.598325 0.692078
vt 0.615126 0.214908
vt 0.356009 0.211145
vt 0.354924 0.197361
vt 0.616543 0.201172
vt 0.615246 0.209270
vt 0.355996 0.205501
vt 0.621283 0.209358
vt 0.620973 0.220120
vt 0.615538 0.408841
vt 0.593273 0.818063
vt 0.588684 0.931780
vt 0.372441 0.929220
vt 0.369220 0.815315
vt 0.623260 0.197019
vt 0.621301 0.115987
vt 0.623099 0.190368
vt 0.593750 0.931840
vt 0.598487 0.818127
vt 0.593750 0.931840
vt 0.348324 0.193009
vt 0.357639 0.263636
vt 0.340936 0.137001
vt 0.598321 0.692078
vt 0.593273 0.818063
vt 0.369220 0.815315
vt 0.365686 0.689115
vt 0.603771 0.556059
vt 0.361871 0.552855
vt 0.609673 0.408760
vt 0.603771 0.556059
vt 0.357739 0.405284
vt 0.633433 0.133510
vt 0.613030 0.260881
vt 0.360272 0.689046
vt 0.360272 0.689046
vt 0.364006 0.815251
vt 0.615312 0.119420
vt 0.360151 0.115624
vt 0.360438 0.126657
vt 0.614880 0.130431
vt 0.603735 0.692147
vt 0.369216 0.815315
vt 0.372439 0.929220
vt 0.588687 0.931780
vt 0.614748 0.133951
vt 0.360524 0.130183
vt 0.360524 0.130183
vt 0.614748 0.133951
vt 0.620787 0.128825
vt 0.621245 0.117387
vt 0.372499 0.932530
vt 0.588587 0.935087
vt 0.588587 0.935087
vt 0.750000 0.284523
vt 0.743264 0.283859
vt 0.736789 0.281895
vt 0.730821 0.278705
vt 0.725589 0.274411
vt 0.721295 0.269180
vt 0.718105 0.263211
vt 0.716141 0.256736
vt 0.715477 0.250000
vt 0.716141 0.243265
vt 0.718105 0.236789
vt 0.721296 0.230820
vt 0.725589 0.225588
vt 0.730820 0.221295
vt 0.736788 0.218105
vt 0.743265 0.216141
vt 0.750001 0.215477
vt 0.756735 0.216141
vt 0.763211 0.218105
vt 0.769180 0.221296
vt 0.774411 0.225589
vt 0.778704 0.230820
vt 0.781895 0.236789
vt 0.783859 0.243265
vt 0.784523 0.250000
vt 0.783859 0.256735
vt 0.781895 0.263211
vt 0.778705 0.269180
vt 0.774411 0.274411
vt 0.769180 0.278704
vt 0.763211 0.281895
vt 0.756735 0.283859
vt 1.000000 0.550865
vt 0.968750 0.550865
vt 0.969768 0.531400
vt 0.998982 0.531400
vt 0.972668 0.500000
vt 0.996082 0.500000
vt 0.755870 0.489422
vt 0.790951 0.485967
vt 0.772076 0.360981
vt 0.750000 0.363155
vt 0.756735 0.283859
vt 0.750000 0.284523
vt 0.968750 0.550865
vt 0.937500 0.550865
vt 0.938518 0.531400
vt 0.967732 0.531400
vt 0.941418 0.500000
vt 0.964832 0.500000
vt 0.802467 0.483676
vt 0.836199 0.473443
vt 0.793302 0.354542
vt 0.763211 0.281895
vt 0.937500 0.550865
vt 0.906250 0.550865
vt 0.907268 0.531400
vt 0.936482 0.531400
vt 0.910168 0.500000
vt 0.933582 0.500000
vt 0.847046 0.468950
vt 0.878134 0.452333
vt 0.812866 0.344085
vt 0.769180 0.278704
vt 0.906250 0.550865
vt 0.875000 0.550865
vt 0.876018 0.531399
vt 0.905232 0.531400
vt 0.878918 0.500000
vt 0.902332 0.500000
vt 0.887897 0.445810
vt 0.915146 0.423448
vt 0.830013 0.330013
vt 0.774411 0.274411
vt 0.875000 0.550865
vt 0.843750 0.550865
vt 0.844768 0.531400
vt 0.873982 0.531399
vt 0.847670 0.500000
vt 0.871083 0.500000
vt 0.923446 0.415147
vt 0.945809 0.387899
vt 0.844085 0.312866
vt 0.778705 0.269180
vt 0.812500 0.550865
vt 0.813518 0.531400
vt 0.842732 0.531400
vt 0.816418 0.500000
vt 0.839832 0.500000
vt 0.952333 0.378134
vt 0.968950 0.347046
vt 0.854542 0.293303
vt 0.781895 0.263211
vt 0.781250 0.550865
vt 0.782268 0.531400
vt 0.811482 0.531400
vt 0.785168 0.500000
vt 0.808582 0.500000
vt 0.973443 0.336199
vt 0.983676 0.302467
vt 0.860981 0.272076
vt 0.781250 0.550865
vt 0.750000 0.550865
vt 0.751018 0.531400
vt 0.780232 0.531400
vt 0.753918 0.500000
vt 0.777332 0.500000
vt 0.985967 0.290951
vt 0.989422 0.255870
vt 0.863155 0.250000
vt 0.784523 0.250000
vt 0.718750 0.550865
vt 0.719768 0.531400
vt 0.748982 0.531400
vt 0.722668 0.500000
vt 0.746082 0.500000
vt 0.989422 0.244130
vt 0.985967 0.209049
vt 0.860981 0.227925
vt 0.783859 0.243265
vt 0.687500 0.550865
vt 0.688518 0.531400
vt 0.717732 0.531400
vt 0.691418 0.500000
vt 0.714832 0.500000
vt 0.983676 0.197533
vt 0.973443 0.163801
vt 0.854542 0.206697
vt 0.781895 0.236789
vt 0.656250 0.550865
vt 0.657268 0.531400
vt 0.686482 0.531400
vt 0.660168 0.500000
vt 0.683582 0.500000
vt 0.968950 0.152954
vt 0.952333 0.121866
vt 0.844085 0.187134
vt 0.778704 0.230820
vt 0.656250 0.550865
vt 0.625000 0.550865
vt 0.626018 0.531399
vt 0.655232 0.531400
vt 0.628917 0.500000
vt 0.652330 0.500000
vt 0.945809 0.112101
vt 0.923446 0.084853
vt 0.830013 0.169987
vt 0.774411 0.225589
vt 0.625000 0.550865
vt 0.593750 0.550865
vt 0.594768 0.531400
vt 0.623982 0.531399
vt 0.597668 0.500000
vt 0.621082 0.500000
vt 0.915146 0.076552
vt 0.887897 0.054190
vt 0.812866 0.155915
vt 0.769180 0.221296
vt 0.593750 0.550865
vt 0.562500 0.550865
vt 0.563518 0.531400
vt 0.592732 0.531400
vt 0.566418 0.500000
vt 0.589832 0.500000
vt 0.878134 0.047667
vt 0.847046 0.031050
vt 0.793302 0.145458
vt 0.763211 0.218105
vt 0.531250 0.550865
vt 0.532268 0.531400
vt 0.561482 0.531400
vt 0.535168 0.500000
vt 0.558582 0.500000
vt 0.836199 0.026557
vt 0.802467 0.016324
vt 0.772076 0.139019
vt 0.500000 0.550865
vt 0.501018 0.531400
vt 0.530232 0.531400
vt 0.503918 0.500000
vt 0.527332 0.500000
vt 0.790951 0.014033
vt 0.755870 0.010578
vt 0.750000 0.136844
vt 0.750001 0.215477
vt 0.500000 0.550865
vt 0.468750 0.550865
vt 0.469768 0.531400
vt 0.498982 0.531400
vt 0.472668 0.500000
vt 0.496082 0.500000
vt 0.744129 0.010578
vt 0.709048 0.014033
vt 0.727924 0.139019
vt 0.743265 0.216141
vt 0.468750 0.550865
vt 0.437500 0.550865
vt 0.438518 0.531400
vt 0.467732 0.531400
vt 0.441418 0.500000
vt 0.464832 0.500000
vt 0.697534 0.016324
vt 0.663801 0.026557
vt 0.706697 0.145458
vt 0.736788 0.218105
vt 0.406250 0.550865
vt 0.407268 0.531400
vt 0.436482 0.531400
vt 0.410168 0.500000
vt 0.433582 0.500000
vt 0.652953 0.031050
vt 0.621865 0.047667
vt 0.687134 0.155915
vt 0.730820 0.221295
vt 0.406250 0.550865
vt 0.375000 0.550865
vt 0.376018 0.531400
vt 0.405232 0.531400
vt 0.378918 0.500000
vt 0.402332 0.500000
vt 0.612103 0.054190
vt 0.584854 0.076552
vt 0.669987 0.169987
vt 0.725589 0.225588
vt 0.375000 0.550865
vt 0.343750 0.550865
vt 0.344768 0.531400
vt 0.373982 0.531400
vt 0.347668 0.500000
vt 0.371082 0.500000
vt 0.576552 0.084855
vt 0.554189 0.112104
vt 0.655915 0.187134
vt 0.721296 0.230820
vt 0.343750 0.550865
vt 0.312500 0.550865
vt 0.313518 0.531399
vt 0.342732 0.531400
vt 0.316418 0.500000
vt 0.339832 0.500000
vt 0.547667 0.121866
vt 0.531050 0.152954
vt 0.645458 0.206698
vt 0.718105 0.236789
vt 0.312500 0.550865
vt 0.281250 0.550865
vt 0.282268 0.531401
vt 0.311482 0.531399
vt 0.285170 0.500000
vt 0.308583 0.500000
vt 0.526557 0.163799
vt 0.516325 0.197531
vt 0.639019 0.227925
vt 0.716141 0.243265
vt 0.250000 0.550865
vt 0.251018 0.531399
vt 0.280232 0.531401
vt 0.253916 0.500000
vt 0.277330 0.500000
vt 0.514033 0.209052
vt 0.510578 0.244132
vt 0.636844 0.250000
vt 0.250000 0.550865
vt 0.218750 0.550865
vt 0.219768 0.531400
vt 0.248982 0.531399
vt 0.222668 0.500000
vt 0.246082 0.500000
vt 0.510578 0.255871
vt 0.514033 0.290951
vt 0.639019 0.272076
vt 0.716141 0.256736
vt 0.218750 0.550865
vt 0.187500 0.550865
vt 0.188518 0.531400
vt 0.217732 0.531400
vt 0.191418 0.500000
vt 0.214832 0.500000
vt 0.516324 0.302467
vt 0.526557 0.336199
vt 0.645458 0.293303
vt 0.718105 0.263211
vt 0.187500 0.550865
vt 0.156250 0.550865
vt 0.157268 0.531400
vt 0.186482 0.531400
vt 0.160168 0.500000
vt 0.183582 0.500000
vt 0.531050 0.347047
vt 0.547667 0.378134
vt 0.655914 0.312866
vt 0.721295 0.269180
vt 0.156250 0.550865
vt 0.125000 0.550865
vt 0.126018 0.531400
vt 0.155232 0.531400
vt 0.128918 0.500000
vt 0.152332 0.500000
vt 0.554190 0.387897
vt 0.576553 0.415146
vt 0.669987 0.330013
vt 0.725589 0.274411
vt 0.125000 0.550865
vt 0.093750 0.550865
vt 0.094768 0.531400
vt 0.123982 0.531400
vt 0.097668 0.500000
vt 0.121082 0.500000
vt 0.584854 0.423448
vt 0.612103 0.445811
vt 0.687135 0.344086
vt 0.730821 0.278705
vt 0.093750 0.550865
vt 0.062500 0.550865
vt 0.063518 0.531400
vt 0.092732 0.531400
vt 0.066418 0.500000
vt 0.089832 0.500000
vt 0.621866 0.452334
vt 0.652954 0.468950
vt 0.706697 0.354542
vt 0.736789 0.281895
vt 0.031250 0.550865
vt 0.032268 0.531400
vt 0.061482 0.531400
vt 0.035168 0.500000
vt 0.058582 0.500000
vt 0.663801 0.473444
vt 0.697534 0.483676
vt 0.727924 0.360981
vt 0.743264 0.283859
vt 0.031250 0.550865
vt 0.000000 0.550865
vt 0.001018 0.531400
vt 0.030232 0.531400
vt 0.003918 0.500000
vt 0.027332 0.500000
vt 0.709049 0.485967
vt 0.744130 0.489422
vt 0.772076 0.360981
vt 0.750000 0.363155
vt 0.996082 0.500000
vt 0.969768 0.531400
vt 0.998982 0.531400
vt 1.000000 0.550865
vt 0.964832 0.500000
vt 0.938518 0.531400
vt 0.967732 0.531400
vt 0.812866 0.344085
vt 0.847046 0.468950
vt 0.830013 0.330013
vt 0.915146 0.423448
vt 0.876018 0.531399
vt 0.844085 0.312866
vt 0.923446 0.415148
vt 0.847670 0.500000
vt 0.844768 0.531400
vt 0.873982 0.531399
vt 0.860981 0.272076
vt 0.785168 0.500000
vt 0.782268 0.531400
vt 0.863155 0.250000
vt 0.985967 0.290951
vt 0.751018 0.531400
vt 0.860981 0.227925
vt 0.722668 0.500000
vt 0.854542 0.206697
vt 0.973443 0.163801
vt 0.717732 0.531400
vt 0.844085 0.187134
vt 0.952333 0.121866
vt 0.968950 0.152954
vt 0.657268 0.531400
vt 0.686482 0.531400
vt 0.830013 0.169987
vt 0.923446 0.084853
vt 0.812866 0.155915
vt 0.887897 0.054190
vt 0.597668 0.500000
vt 0.623982 0.531399
vt 0.593750 0.550865
vt 0.793302 0.145458
vt 0.847046 0.031050
vt 0.878134 0.047667
vt 0.563518 0.531400
vt 0.592732 0.531400
vt 0.562500 0.550865
vt 0.772076 0.139019
vt 0.802467 0.016324
vt 0.561482 0.531400
vt 0.531250 0.550865
vt 0.750000 0.136844
vt 0.530232 0.531400
vt 0.727924 0.139019
vt 0.709049 0.014033
vt 0.744129 0.010578
vt 0.496082 0.500000
vt 0.472668 0.500000
vt 0.706697 0.145458
vt 0.464832 0.500000
vt 0.441418 0.500000
vt 0.438518 0.531400
vt 0.437500 0.550865
vt 0.687134 0.155915
vt 0.621865 0.047667
vt 0.407268 0.531400
vt 0.437500 0.550865
vt 0.669987 0.169987
vt 0.402332 0.500000
vt 0.376018 0.531400
vt 0.655915 0.187134
vt 0.576552 0.084855
vt 0.347668 0.500000
vt 0.373982 0.531400
vt 0.645458 0.206698
vt 0.547667 0.121866
vt 0.316418 0.500000
vt 0.342732 0.531400
vt 0.639019 0.227925
vt 0.311482 0.531399
vt 0.251018 0.531399
vt 0.639019 0.272076
vt 0.514033 0.290951
vt 0.510578 0.255871
vt 0.222668 0.500000
vt 0.645458 0.293303
vt 0.188518 0.531400
vt 0.655914 0.312866
vt 0.157268 0.531400
vt 0.186482 0.531400
vt 0.669987 0.330013
vt 0.554190 0.387897
vt 0.126018 0.531400
vt 0.155232 0.531400
vt 0.687134 0.344086
vt 0.584854 0.423448
vt 0.123982 0.531400
vt 0.706697 0.354542
vt 0.652954 0.468950
vt 0.621866 0.452334
vt 0.063518 0.531400
vt 0.092732 0.531400
vt 0.062500 0.550865
vt 0.727924 0.360981
vt 0.058582 0.500000
vt 0.035168 0.500000
vt 0.061482 0.531400
vt 0.744130 0.489422
vt 0.709049 0.485967
vt 0.003918 0.500000
vt 0.000000 0.550865
vt 0.000000 0.972609
vt 0.031250 0.972609
vt 0.906250 0.972609
vt 0.937500 0.972609
vt 0.875000 0.972609
vt 0.906250 0.972610
vt 0.843750 0.972609
vt 0.812500 0.972609
vt 0.843750 0.972610
vt 0.781250 0.972609
vt 0.812500 0.972610
vt 0.750000 0.972609
vt 0.781250 0.972610
vt 0.718750 0.972610
vt 0.750000 0.972610
vt 0.687500 0.972609
vt 0.656250 0.972609
vt 0.687500 0.972610
vt 0.654344 0.972609
vt 0.625000 0.972609
vt 0.593750 0.972609
vt 0.625000 0.972610
vt 0.562500 0.972609
vt 0.531250 0.972609
vt 0.500000 0.972609
vt 0.468750 0.972609
vt 0.437500 0.972610
vt 0.468750 0.972609
vt 0.406250 0.972609
vt 0.437500 0.972609
vt 0.375000 0.972609
vt 0.406250 0.972609
vt 0.343750 0.972609
vt 0.312500 0.972609
vt 0.343750 0.972609
vt 0.312500 0.972609
vt 0.281250 0.972610
vt 0.250000 0.972609
vt 0.281250 0.972610
vt 0.218750 0.972609
vt 0.187500 0.972609
vt 0.218750 0.972609
vt 0.156250 0.972609
vt 0.187500 0.972609
vt 0.125000 0.972609
vt 0.156250 0.972609
vt 0.093750 0.972609
vt 0.062500 0.972609
vt 0.093750 0.972609
vt 0.031250 0.972610
vt 0.937500 0.972609
vt 0.968750 0.972609
vt 1.000000 0.972610
vt 0.000000 0.972609
vt 0.906250 0.972609
vt 0.906250 0.972609
vt 0.750000 0.972610
vt 0.656250 0.972610
vt 0.625000 0.972609
vt 0.656250 0.972610
vt 0.562500 0.972609
vt 0.593750 0.972610
vt 0.531250 0.972609
vt 0.437500 0.972609
vt 0.468750 0.972610
vt 0.375000 0.972609
vt 0.375000 0.972609
vt 0.250000 0.972609
vt 0.125000 0.972609
vt 0.062500 0.972609
vt 0.062500 0.972610
vt 0.937500 0.972609
vt 0.968750 0.972609
vt 1.000000 0.972609
vt 0.693438 0.450885
vt 0.709514 0.450885
vt 0.709515 0.464533
vt 0.693438 0.464533
vt 0.693438 0.472687
vt 0.709516 0.472687
vt 0.709516 0.491153
vt 0.693438 0.491153
vt 0.693438 0.499307
vt 0.709517 0.499307
vt 0.709518 0.517773
vt 0.693438 0.517773
vt 0.725597 0.499307
vt 0.725599 0.517773
vt 0.645204 0.450885
vt 0.661283 0.450885
vt 0.661282 0.464533
vt 0.645202 0.464533
vt 0.741679 0.499307
vt 0.741681 0.517773
vt 0.405635 0.311187
vt 0.415125 0.319152
vt 0.416731 0.323816
vt 0.407191 0.315774
vt 0.677361 0.450885
vt 0.677360 0.464533
vt 0.757765 0.517773
vt 0.757762 0.499307
vt 0.773848 0.499307
vt 0.773852 0.517773
vt 0.548655 0.472687
vt 0.548648 0.491153
vt 0.532542 0.491153
vt 0.532548 0.472687
vt 0.725592 0.450885
vt 0.725594 0.464533
vt 0.580845 0.499307
vt 0.580839 0.517773
vt 0.564742 0.517773
vt 0.564747 0.499307
vt 0.757761 0.491153
vt 0.741677 0.491153
vt 0.741675 0.472687
vt 0.757757 0.472687
vt 0.757753 0.450885
vt 0.773837 0.450885
vt 0.773840 0.464533
vt 0.757756 0.464533
vt 0.806036 0.517773
vt 0.789942 0.517773
vt 0.789938 0.499307
vt 0.806031 0.499307
vt 0.789935 0.491153
vt 0.773846 0.491153
vt 0.773842 0.472687
vt 0.789930 0.472687
vt 0.677357 0.517773
vt 0.661276 0.517773
vt 0.661278 0.499307
vt 0.677358 0.499307
vt 0.741671 0.450885
vt 0.741673 0.464533
vt 0.822125 0.491153
vt 0.806028 0.491153
vt 0.806023 0.472687
vt 0.822119 0.472687
vt 0.645194 0.517773
vt 0.629110 0.517773
vt 0.629113 0.499307
vt 0.645197 0.499307
vt 0.822134 0.517773
vt 0.822128 0.499307
vt 0.789924 0.450885
vt 0.789928 0.464533
vt 0.402999 0.440179
vt 0.408876 0.429783
vt 0.413214 0.423917
vt 0.423900 0.434156
vt 0.421940 0.436883
vt 0.417273 0.445435
vt 0.413613 0.454737
vt 0.411128 0.464522
vt 0.409898 0.474643
vt 0.409988 0.484935
vt 0.411440 0.495222
vt 0.414275 0.505311
vt 0.418484 0.515006
vt 0.424026 0.524103
vt 0.430829 0.532402
vt 0.438786 0.539712
vt 0.447755 0.545856
vt 0.457565 0.550682
vt 0.468016 0.554065
vt 0.478887 0.555917
vt 0.489942 0.556189
vt 0.500939 0.554874
vt 0.511639 0.552007
vt 0.521812 0.547663
vt 0.531100 0.542043
vt 0.534012 0.539672
vt 0.547804 0.552888
vt 0.541381 0.558249
vt 0.529796 0.565420
vt 0.517288 0.570877
vt 0.504098 0.574485
vt 0.490522 0.576142
vt 0.476870 0.575799
vt 0.463456 0.573466
vt 0.450585 0.569212
vt 0.438542 0.563154
vt 0.427579 0.555462
vt 0.417911 0.546340
vt 0.409709 0.536022
vt 0.403097 0.524757
vt 0.398154 0.512806
vt 0.394914 0.500425
vt 0.393372 0.487862
vt 0.393489 0.475353
vt 0.395196 0.463111
vt 0.398403 0.451329
vt 0.550485 0.603296
vt 0.549484 0.607106
vt 0.535575 0.593067
vt 0.536594 0.589340
vt 0.553147 0.468885
vt 0.546591 0.473912
vt 0.533308 0.481460
vt 0.519117 0.487139
vt 0.504130 0.490898
vt 0.488693 0.492625
vt 0.473170 0.492267
vt 0.457933 0.489836
vt 0.443338 0.485404
vt 0.429718 0.479104
vt 0.417364 0.471118
vt 0.406523 0.461669
vt 0.397382 0.451008
vt 0.390078 0.439405
vt 0.384688 0.427132
vt 0.381240 0.414460
vt 0.379714 0.401645
vt 0.380053 0.388927
vt 0.382168 0.376522
vt 0.385945 0.364622
vt 0.391252 0.353394
vt 0.398047 0.342820
vt 0.402492 0.337505
vt 0.412409 0.346153
vt 0.410111 0.348974
vt 0.404594 0.357840
vt 0.400211 0.367514
vt 0.397165 0.377723
vt 0.395557 0.388320
vt 0.395472 0.399135
vt 0.396973 0.409983
vt 0.400094 0.420662
vt 0.404836 0.430959
vt 0.411163 0.440653
vt 0.418999 0.449524
vt 0.428224 0.457358
vt 0.438674 0.463960
vt 0.450146 0.469155
vt 0.462402 0.472802
vt 0.475172 0.474801
vt 0.488172 0.475095
vt 0.501104 0.473676
vt 0.513677 0.470583
vt 0.525612 0.465904
vt 0.536482 0.459861
vt 0.539880 0.457315
vt 0.806016 0.450885
vt 0.822112 0.450885
vt 0.822116 0.464533
vt 0.806020 0.464533
vt 0.838220 0.472687
vt 0.854327 0.472687
vt 0.854333 0.491153
vt 0.838227 0.491153
vt 0.838230 0.499307
vt 0.854336 0.499307
vt 0.854343 0.517773
vt 0.838236 0.517773
vt 0.741682 0.525927
vt 0.757767 0.525927
vt 0.757772 0.557717
vt 0.741686 0.557717
vt 0.554775 0.443164
vt 0.559309 0.441198
vt 0.546189 0.430174
vt 0.541678 0.432085
vt 0.613029 0.491153
vt 0.596940 0.491153
vt 0.596945 0.472687
vt 0.613033 0.472687
vt 0.453559 0.411297
vt 0.443623 0.416263
vt 0.437703 0.420174
vt 0.448807 0.430486
vt 0.451371 0.428755
vt 0.459447 0.424641
vt 0.468024 0.421522
vt 0.476864 0.419491
vt 0.485847 0.418567
vt 0.494855 0.418758
vt 0.503769 0.420062
vt 0.512469 0.422468
vt 0.520837 0.425952
vt 0.528756 0.430481
vt 0.536109 0.436007
vt 0.542780 0.442472
vt 0.548658 0.449804
vt 0.553635 0.457914
vt 0.557609 0.466699
vt 0.560489 0.476042
vt 0.562192 0.485805
vt 0.562651 0.495837
vt 0.561817 0.505971
vt 0.559664 0.516029
vt 0.556238 0.525676
vt 0.554651 0.528776
vt 0.568785 0.541901
vt 0.572397 0.534535
vt 0.576483 0.522343
vt 0.578915 0.509877
vt 0.579712 0.497378
vt 0.578924 0.485067
vt 0.576625 0.473143
vt 0.572912 0.461788
vt 0.567893 0.451155
vt 0.561691 0.441380
vt 0.554434 0.432577
vt 0.546255 0.424840
vt 0.537290 0.418246
vt 0.527674 0.412856
vt 0.517544 0.408716
vt 0.507037 0.405862
vt 0.496287 0.404316
vt 0.485430 0.404090
vt 0.474599 0.405185
vt 0.463930 0.407594
vt 0.129041 0.477982
vt 0.128922 0.450885
vt 0.145047 0.450885
vt 0.145057 0.477747
vt 0.132880 0.477747
vt 0.442915 0.483710
vt 0.440170 0.486430
vt 0.439961 0.486688
vt 0.451352 0.498063
vt 0.454334 0.495039
vt 0.225771 0.485902
vt 0.225776 0.504427
vt 0.209626 0.504427
vt 0.209621 0.485902
vt 0.193487 0.530987
vt 0.177345 0.530987
vt 0.177340 0.512462
vt 0.193482 0.512462
vt 0.161180 0.450885
vt 0.177319 0.450885
vt 0.177328 0.477747
vt 0.161190 0.477747
vt 0.177337 0.504427
vt 0.161200 0.504427
vt 0.161193 0.485902
vt 0.177331 0.485902
vt 0.209632 0.530987
vt 0.209628 0.512462
vt 0.209611 0.450885
vt 0.225763 0.450885
vt 0.225769 0.477747
vt 0.209618 0.477747
vt 0.258082 0.485902
vt 0.258085 0.504427
vt 0.241929 0.504427
vt 0.241925 0.485902
vt 0.241930 0.512462
vt 0.241934 0.530987
vt 0.225781 0.530987
vt 0.225777 0.512462
vt 0.193463 0.450885
vt 0.193471 0.477747
vt 0.193479 0.504427
vt 0.193474 0.485902
vt 0.258086 0.512462
vt 0.258088 0.530987
vt 0.571860 0.474361
vt 0.574365 0.467866
vt 0.561014 0.456470
vt 0.558771 0.463081
vt 0.451944 0.450885
vt 0.468078 0.450885
vt 0.468068 0.477747
vt 0.451934 0.477747
vt 0.290391 0.511082
vt 0.290391 0.505807
vt 0.306563 0.505807
vt 0.306563 0.511082
vt 0.241919 0.450885
vt 0.241924 0.477747
vt 0.403499 0.504427
vt 0.403504 0.485902
vt 0.419651 0.485902
vt 0.419646 0.504427
vt 0.135493 0.537357
vt 0.131626 0.536641
vt 0.130061 0.535541
vt 0.130061 0.534588
vt 0.131626 0.533488
vt 0.135493 0.532772
vt 0.141270 0.532487
vt 0.144978 0.532487
vt 0.144978 0.537642
vt 0.141270 0.537642
vt 0.427445 0.342462
vt 0.425153 0.347935
vt 0.435077 0.356487
vt 0.437575 0.351108
vt 0.572392 0.487570
vt 0.570599 0.487304
vt 0.557425 0.475775
vt 0.558911 0.475789
vt 0.433087 0.361285
vt 0.438946 0.357695
vt 0.449811 0.352653
vt 0.460962 0.348955
vt 0.472421 0.346550
vt 0.484047 0.345457
vt 0.495699 0.345683
vt 0.507235 0.347226
vt 0.518517 0.350076
vt 0.529400 0.354211
vt 0.539744 0.359601
vt 0.549403 0.366202
vt 0.558233 0.373957
vt 0.566088 0.382793
vt 0.572824 0.392620
vt 0.578301 0.403328
vt 0.582384 0.414788
vt 0.584950 0.426844
vt 0.585891 0.439320
vt 0.585117 0.452013
vt 0.582569 0.464700
vt 0.578149 0.477334
vt 0.574595 0.484239
vt 0.561146 0.472554
vt 0.562928 0.469235
vt 0.566673 0.459107
vt 0.568993 0.448561
vt 0.569835 0.437960
vt 0.569238 0.427493
vt 0.567262 0.417332
vt 0.563988 0.407631
vt 0.559512 0.398528
vt 0.553939 0.390142
vt 0.547384 0.382576
vt 0.539968 0.375915
vt 0.531815 0.370230
vt 0.523050 0.365577
vt 0.513800 0.362000
vt 0.504193 0.359532
vt 0.494355 0.358195
vt 0.484414 0.357999
vt 0.474497 0.358947
vt 0.464731 0.361030
vt 0.455245 0.364230
vt 0.446310 0.368451
vt 0.443416 0.370260
vt 0.258077 0.450885
vt 0.258081 0.477747
vt 0.574656 0.539007
vt 0.570642 0.551126
vt 0.567061 0.558527
vt 0.552828 0.545062
vt 0.554368 0.542014
vt 0.557699 0.532526
vt 0.559802 0.522627
vt 0.560630 0.512645
vt 0.560207 0.502758
vt 0.558578 0.493129
vt 0.555808 0.483908
vt 0.551974 0.475232
vt 0.547164 0.467218
vt 0.541477 0.459970
vt 0.535017 0.453574
vt 0.527892 0.448106
vt 0.520214 0.443623
vt 0.512097 0.440173
vt 0.503657 0.437791
vt 0.495008 0.436499
vt 0.486267 0.436309
vt 0.477551 0.437225
vt 0.468975 0.439237
vt 0.460658 0.442325
vt 0.452830 0.446398
vt 0.450345 0.448111
vt 0.439090 0.437463
vt 0.444951 0.433508
vt 0.454680 0.428543
vt 0.464816 0.424848
vt 0.475246 0.422445
vt 0.485837 0.421351
vt 0.496455 0.421577
vt 0.506967 0.423120
vt 0.517240 0.425968
vt 0.527142 0.430098
vt 0.536538 0.435475
vt 0.545295 0.442050
vt 0.553279 0.449762
vt 0.560357 0.458533
vt 0.566400 0.468267
vt 0.571282 0.478849
vt 0.574887 0.490146
vt 0.577107 0.501998
vt 0.577853 0.514230
vt 0.577051 0.526639
vt 0.274246 0.539142
vt 0.290404 0.539142
vt 0.290405 0.557717
vt 0.274248 0.557717
vt 0.290399 0.450885
vt 0.306562 0.450885
vt 0.306562 0.477747
vt 0.290401 0.477747
vt 0.290402 0.504427
vt 0.290401 0.485902
vt 0.306562 0.485902
vt 0.306562 0.504427
vt 0.290403 0.530987
vt 0.290403 0.512462
vt 0.306562 0.512462
vt 0.306562 0.530987
vt 0.322723 0.485902
vt 0.322722 0.504427
vt 0.322722 0.512462
vt 0.322721 0.530987
vt 0.306562 0.557717
vt 0.306562 0.539142
vt 0.322721 0.539142
vt 0.322720 0.557717
vt 0.338884 0.485902
vt 0.338882 0.504427
vt 0.338881 0.512462
vt 0.338879 0.530987
vt 0.338879 0.539142
vt 0.338877 0.557717
vt 0.355042 0.485902
vt 0.355040 0.504427
vt 0.355039 0.512462
vt 0.355036 0.530987
vt 0.355035 0.539142
vt 0.355033 0.557717
vt 0.371199 0.485902
vt 0.371196 0.504427
vt 0.371194 0.512462
vt 0.371191 0.530987
vt 0.371190 0.539142
vt 0.371187 0.557717
vt 0.371201 0.477747
vt 0.371206 0.450885
vt 0.387362 0.450885
vt 0.387355 0.477747
vt 0.387347 0.512462
vt 0.387343 0.530987
vt 0.387342 0.539142
vt 0.387338 0.557717
vt 0.435794 0.485902
vt 0.435788 0.504427
vt 0.403514 0.450885
vt 0.403506 0.477747
vt 0.403497 0.512462
vt 0.403493 0.530987
vt 0.557488 0.468721
vt 0.570616 0.480120
vt 0.419662 0.450885
vt 0.419653 0.477747
vt 0.145079 0.539142
vt 0.161211 0.539142
vt 0.161216 0.557717
vt 0.145084 0.557717
vt 0.468065 0.485902
vt 0.468058 0.504427
vt 0.451925 0.504427
vt 0.451932 0.485902
vt 0.435806 0.450885
vt 0.435796 0.477747
vt 0.560370 0.606927
vt 0.560557 0.606586
vt 0.562355 0.602214
vt 0.548165 0.588136
vt 0.546179 0.592756
vt 0.145067 0.504427
vt 0.145060 0.485902
vt 0.387353 0.485902
vt 0.387349 0.504427
vt 0.161208 0.530987
vt 0.145076 0.530987
vt 0.145070 0.512462
vt 0.161202 0.512462
vt 0.419638 0.530987
vt 0.419643 0.512462
vt 0.435785 0.512462
vt 0.435780 0.530987
vt 0.322724 0.477747
vt 0.322725 0.450885
vt 0.338887 0.450885
vt 0.338884 0.477747
vt 0.559222 0.618325
vt 0.557760 0.619036
vt 0.543732 0.604829
vt 0.544964 0.603916
vt 0.438157 0.490640
vt 0.449371 0.501909
vt 0.274243 0.504427
vt 0.274241 0.485902
vt 0.441415 0.347392
vt 0.431288 0.338824
vt 0.536257 0.584940
vt 0.534005 0.584979
vt 0.548103 0.599118
vt 0.550113 0.598806
vt 0.521663 0.491153
vt 0.516430 0.491483
vt 0.516686 0.472452
vt 0.520538 0.472687
vt 0.516800 0.464769
vt 0.516464 0.450885
vt 0.532557 0.450885
vt 0.532551 0.464533
vt 0.520732 0.464533
vt 0.412650 0.402955
vt 0.410814 0.404528
vt 0.421319 0.414393
vt 0.424116 0.411936
vt 0.413591 0.402112
vt 0.412292 0.317664
vt 0.402603 0.309523
vt 0.399288 0.311645
vt 0.408973 0.319837
vt 0.564756 0.472687
vt 0.564750 0.491153
vt 0.548639 0.517773
vt 0.548645 0.499307
vt 0.548658 0.464533
vt 0.548663 0.450885
vt 0.564763 0.450885
vt 0.564759 0.464533
vt 0.580853 0.472687
vt 0.580847 0.491153
vt 0.677369 0.492652
vt 0.693437 0.492652
vt 0.693437 0.497807
vt 0.677369 0.497807
vt 0.580859 0.450885
vt 0.580855 0.464533
vt 0.405332 0.332522
vt 0.415228 0.341069
vt 0.596938 0.499307
vt 0.596933 0.517773
vt 0.508985 0.470649
vt 0.514493 0.491608
vt 0.509057 0.492910
vt 0.507195 0.494567
vt 0.507183 0.495890
vt 0.509008 0.497548
vt 0.514372 0.498850
vt 0.516427 0.498984
vt 0.516420 0.518071
vt 0.514048 0.518228
vt 0.508779 0.519530
vt 0.506974 0.521187
vt 0.506964 0.522510
vt 0.508733 0.524168
vt 0.513935 0.525470
vt 0.516418 0.525637
vt 0.516407 0.557717
vt 0.500290 0.557717
vt 0.500329 0.450885
vt 0.509037 0.466560
vt 0.507429 0.467947
vt 0.507417 0.469270
vt 0.613023 0.517773
vt 0.613027 0.499307
vt 0.596947 0.464533
vt 0.596951 0.450885
vt 0.613038 0.450885
vt 0.613035 0.464533
vt 0.532532 0.517773
vt 0.532539 0.499307
vt 0.629115 0.491153
vt 0.629118 0.472687
vt 0.629122 0.450885
vt 0.629120 0.464533
vt 0.863719 0.524142
vt 0.857952 0.524427
vt 0.854249 0.524427
vt 0.854249 0.519272
vt 0.857952 0.519272
vt 0.863719 0.519558
vt 0.867583 0.520274
vt 0.869150 0.521373
vt 0.869150 0.522326
vt 0.867583 0.523426
vt 0.661279 0.491153
vt 0.645198 0.491153
vt 0.645200 0.472687
vt 0.661281 0.472687
vt 0.549123 0.431614
vt 0.561958 0.442386
vt 0.562594 0.446774
vt 0.549722 0.435923
vt 0.693438 0.450136
vt 0.677362 0.450136
vt 0.661286 0.450136
vt 0.645208 0.450136
vt 0.629128 0.450136
vt 0.613044 0.450136
vt 0.596958 0.450136
vt 0.580867 0.450136
vt 0.564772 0.450136
vt 0.548672 0.450136
vt 0.532566 0.450136
vt 0.516455 0.450136
vt 0.500338 0.450136
vt 1.257966 0.450136
vt 1.241838 0.450136
vt 1.225704 0.450136
vt 1.209564 0.450136
vt 1.193420 0.450136
vt 1.177271 0.450136
vt 1.161118 0.450136
vt 1.144961 0.450136
vt 1.128802 0.450136
vt 1.112640 0.450136
vt 1.096476 0.450136
vt 1.080312 0.450136
vt 1.064148 0.450136
vt 1.047985 0.450136
vt 1.031823 0.450136
vt 1.015664 0.450136
vt 0.999507 0.450136
vt 0.983354 0.450136
vt 0.967205 0.450136
vt 0.951061 0.450136
vt 0.934921 0.450136
vt 0.918787 0.450136
vt 0.902659 0.450136
vt 0.886536 0.450136
vt 0.870420 0.450136
vt 0.854309 0.450136
vt 0.838203 0.450136
vt 0.822103 0.450136
vt 0.806008 0.450136
vt 0.789917 0.450136
vt 0.773831 0.450136
vt 0.757748 0.450136
vt 0.741668 0.450136
vt 0.725590 0.450136
vt 0.709513 0.450136
vt 0.547208 0.611680
vt 0.533036 0.597282
vt 0.693437 0.471187
vt 0.693437 0.466032
vt 0.709504 0.466032
vt 0.709504 0.471187
vt 0.709504 0.492652
vt 0.709504 0.497807
vt 0.693437 0.524427
vt 0.693437 0.519272
vt 0.709504 0.519272
vt 0.709504 0.524427
vt 0.517725 0.469086
vt 0.517725 0.468133
vt 0.519292 0.467034
vt 0.523155 0.466317
vt 0.528922 0.466032
vt 0.532625 0.466032
vt 0.532625 0.471187
vt 0.528922 0.471187
vt 0.523155 0.470902
vt 0.519292 0.470186
vt 0.789873 0.492652
vt 0.805959 0.492652
vt 0.805959 0.497807
vt 0.789873 0.497807
vt 0.661300 0.519272
vt 0.661300 0.524427
vt 0.645230 0.524427
vt 0.645230 0.519272
vt 0.629157 0.519272
vt 0.629157 0.524427
vt 0.629157 0.466032
vt 0.645230 0.466032
vt 0.645230 0.471187
vt 0.629157 0.471187
vt 0.863719 0.492937
vt 0.867583 0.493654
vt 0.869150 0.494753
vt 0.869150 0.495706
vt 0.867583 0.496806
vt 0.863719 0.497522
vt 0.857952 0.497807
vt 0.854249 0.497807
vt 0.854249 0.492652
vt 0.857952 0.492652
vt 0.854249 0.471187
vt 0.838146 0.471187
vt 0.838146 0.466032
vt 0.854249 0.466032
vt 0.613081 0.492652
vt 0.629157 0.492652
vt 0.629157 0.497807
vt 0.613081 0.497807
vt 0.613081 0.519272
vt 0.613081 0.524427
vt 0.613081 0.471187
vt 0.597000 0.471187
vt 0.597000 0.466032
vt 0.613081 0.466032
vt 0.597000 0.492652
vt 0.597000 0.497807
vt 0.838146 0.519272
vt 0.838146 0.524427
vt 0.580915 0.471187
vt 0.580915 0.466032
vt 0.580915 0.497807
vt 0.580915 0.492652
vt 0.580915 0.524427
vt 0.580915 0.519272
vt 0.597000 0.519272
vt 0.597000 0.524427
vt 0.564824 0.471187
vt 0.564824 0.466032
vt 0.725573 0.492652
vt 0.725573 0.497807
vt 0.548728 0.471187
vt 0.548728 0.466032
vt 0.548728 0.497807
vt 0.548728 0.492652
vt 0.564824 0.492652
vt 0.564824 0.497807
vt 0.532625 0.524427
vt 0.532625 0.519272
vt 0.548728 0.519272
vt 0.548728 0.524427
vt 0.838146 0.497807
vt 0.838146 0.492652
vt 0.564824 0.524427
vt 0.564824 0.519272
vt 0.822050 0.471187
vt 0.805959 0.471187
vt 0.805959 0.466032
vt 0.822050 0.466032
vt 0.677369 0.519272
vt 0.677369 0.524427
vt 0.290391 0.484402
vt 0.290391 0.479247
vt 0.306563 0.479247
vt 0.306563 0.484402
vt 0.258051 0.511082
vt 0.258051 0.505807
vt 0.274220 0.505807
vt 0.274220 0.511082
vt 0.468147 0.505807
vt 0.471903 0.505807
vt 0.477815 0.506099
vt 0.481808 0.506838
vt 0.483404 0.507961
vt 0.483404 0.508928
vt 0.481808 0.510050
vt 0.477815 0.510790
vt 0.471903 0.511082
vt 0.468147 0.511082
vt 0.452011 0.532487
vt 0.452011 0.537642
vt 0.435868 0.537642
vt 0.435868 0.532487
vt 0.209561 0.484402
vt 0.209561 0.479247
vt 0.225720 0.479247
vt 0.225720 0.484402
vt 0.387406 0.532487
vt 0.387406 0.537642
vt 0.371243 0.537642
vt 0.371243 0.532487
vt 0.452011 0.484402
vt 0.452011 0.479247
vt 0.468147 0.479247
vt 0.468147 0.484402
vt 0.452011 0.511082
vt 0.452011 0.505807
vt 0.419719 0.532487
vt 0.419719 0.537642
vt 0.403565 0.537642
vt 0.403565 0.532487
vt 0.435868 0.484402
vt 0.435868 0.479247
vt 0.419719 0.511082
vt 0.419719 0.505807
vt 0.435868 0.505807
vt 0.435868 0.511082
vt 0.468147 0.532487
vt 0.468147 0.537642
vt 0.403565 0.511082
vt 0.403565 0.505807
vt 0.403565 0.484402
vt 0.403565 0.479247
vt 0.419719 0.479247
vt 0.419719 0.484402
vt 0.387406 0.511082
vt 0.387406 0.505807
vt 0.355076 0.537642
vt 0.355076 0.532487
vt 0.387406 0.484402
vt 0.387406 0.479247
vt 0.355076 0.505807
vt 0.355076 0.511082
vt 0.338907 0.511082
vt 0.338907 0.505807
vt 0.371243 0.511082
vt 0.371243 0.505807
vt 0.338907 0.532487
vt 0.338907 0.537642
vt 0.322736 0.537642
vt 0.322736 0.532487
vt 0.355076 0.484402
vt 0.355076 0.479247
vt 0.371243 0.479247
vt 0.371243 0.484402
vt 0.338907 0.484402
vt 0.338907 0.479247
vt 0.274220 0.537642
vt 0.274220 0.532487
vt 0.290391 0.532487
vt 0.290391 0.537642
vt 0.274220 0.484402
vt 0.274220 0.479247
vt 0.322736 0.479247
vt 0.322736 0.484402
vt 0.322736 0.505807
vt 0.322736 0.511082
vt 0.306563 0.537642
vt 0.306563 0.532487
vt 0.258051 0.484402
vt 0.258051 0.479247
vt 0.129721 0.507961
vt 0.131317 0.506838
vt 0.135311 0.506099
vt 0.141223 0.505807
vt 0.144978 0.505807
vt 0.144978 0.511082
vt 0.141223 0.511082
vt 0.135311 0.510790
vt 0.131317 0.510050
vt 0.129721 0.508928
vt 0.258051 0.537642
vt 0.258051 0.532487
vt 0.241884 0.484402
vt 0.241884 0.479247
vt 0.241884 0.511082
vt 0.241884 0.505807
vt 0.241884 0.537642
vt 0.241884 0.532487
vt 0.161115 0.537642
vt 0.161115 0.532487
vt 0.225720 0.511082
vt 0.225720 0.505807
vt 0.225720 0.532487
vt 0.225720 0.537642
vt 0.209561 0.537642
vt 0.209561 0.532487
vt 0.209561 0.511082
vt 0.209561 0.505807
vt 0.144978 0.479247
vt 0.161115 0.479247
vt 0.161115 0.484402
vt 0.144978 0.484402
vt 0.193407 0.479247
vt 0.193407 0.484402
vt 0.193407 0.511082
vt 0.193407 0.505807
vt 0.177258 0.505807
vt 0.177258 0.511082
vt 0.177258 0.537642
vt 0.177258 0.532487
vt 0.177258 0.479247
vt 0.177258 0.484402
vt 0.161115 0.505807
vt 0.161115 0.511082
vt 0.193407 0.537642
vt 0.193407 0.532487
vt 0.471856 0.484402
vt 0.471856 0.479247
vt 0.477632 0.479532
vt 0.481500 0.480248
vt 0.483065 0.481348
vt 0.483065 0.482301
vt 0.481500 0.483401
vt 0.477632 0.484117
vt 0.471856 0.532487
vt 0.477632 0.532772
vt 0.481500 0.533488
vt 0.483065 0.534588
vt 0.483065 0.535541
vt 0.481500 0.536641
vt 0.477632 0.537357
vt 0.471856 0.537642
vt 0.661300 0.466032
vt 0.661300 0.471187
vt 0.517725 0.495706
vt 0.517725 0.494753
vt 0.519292 0.493654
vt 0.523155 0.492937
vt 0.528922 0.492652
vt 0.532625 0.492652
vt 0.532625 0.497807
vt 0.528922 0.497807
vt 0.523155 0.497522
vt 0.519292 0.496806
vt 0.519292 0.520274
vt 0.523155 0.519558
vt 0.528922 0.519272
vt 0.528922 0.524427
vt 0.523155 0.524142
vt 0.519292 0.523426
vt 0.517725 0.522326
vt 0.517725 0.521373
vt 0.822050 0.497807
vt 0.822050 0.492652
vt 0.822050 0.519272
vt 0.822050 0.524427
vt 0.805959 0.519272
vt 0.805959 0.524427
vt 0.789873 0.471187
vt 0.789873 0.466032
vt 0.789873 0.519272
vt 0.789873 0.524427
vt 0.773793 0.471187
vt 0.773793 0.466032
vt 0.773793 0.492652
vt 0.773793 0.497807
vt 0.773793 0.519272
vt 0.773793 0.524427
vt 0.757716 0.471187
vt 0.757716 0.466032
vt 0.757716 0.492652
vt 0.757716 0.497807
vt 0.757716 0.519272
vt 0.757716 0.524427
vt 0.741643 0.471187
vt 0.741643 0.466032
vt 0.741643 0.497807
vt 0.741643 0.492652
vt 0.741643 0.519272
vt 0.741643 0.524427
vt 0.645230 0.492652
vt 0.661300 0.492652
vt 0.661300 0.497807
vt 0.645230 0.497807
vt 0.677369 0.466032
vt 0.677369 0.471187
vt 0.725573 0.471187
vt 0.725573 0.466032
vt 0.725573 0.524427
vt 0.725573 0.519272
vt 0.428952 0.488995
vt 0.430717 0.486364
vt 0.419561 0.475115
vt 0.415328 0.481243
vt 0.409942 0.491473
vt 0.405748 0.502457
vt 0.402859 0.514041
vt 0.401370 0.526055
vt 0.401363 0.538308
vt 0.402893 0.550588
vt 0.405991 0.562667
vt 0.410655 0.574305
vt 0.416848 0.585254
vt 0.424492 0.595267
vt 0.433470 0.604105
vt 0.443622 0.611548
vt 0.454752 0.617403
vt 0.466629 0.621512
vt 0.478994 0.623764
vt 0.491572 0.624095
vt 0.504080 0.622496
vt 0.516237 0.619012
vt 0.527775 0.613739
vt 0.538448 0.606821
vt 0.544732 0.601332
vt 0.530632 0.587114
vt 0.528003 0.589353
vt 0.519628 0.594656
vt 0.510469 0.598751
vt 0.500845 0.601451
vt 0.490957 0.602689
vt 0.481017 0.602433
vt 0.471238 0.600689
vt 0.461826 0.597502
vt 0.452978 0.592952
vt 0.444871 0.587152
vt 0.437658 0.580243
vt 0.431469 0.572385
vt 0.426401 0.563758
vt 0.422524 0.554545
vt 0.419879 0.544938
vt 0.418478 0.535122
vt 0.418311 0.525280
vt 0.419341 0.515583
vt 0.421518 0.506187
vt 0.424771 0.497238
vt 0.416155 0.402850
vt 0.426474 0.412464
vt 0.427778 0.415774
vt 0.417422 0.406102
vt 0.822136 0.525927
vt 0.838238 0.525927
vt 0.838248 0.557717
vt 0.822145 0.557717
vt 0.414977 0.420657
vt 0.415648 0.419387
vt 0.426323 0.429535
vt 0.551701 0.548719
vt 0.550999 0.549447
vt 0.537892 0.535592
vt 0.421990 0.472639
vt 0.433130 0.483811
vt 0.435146 0.483764
vt 0.424192 0.472804
vt 0.550673 0.600868
vt 0.536798 0.586964
vt 0.425548 0.477779
vt 0.425254 0.475185
vt 0.436237 0.486191
vt 0.436555 0.488837
vt 0.806038 0.525927
vt 0.806046 0.557717
vt 0.773854 0.525927
vt 0.773860 0.557717
vt 0.434850 0.497525
vt 0.423591 0.486086
vt 0.425211 0.481676
vt 0.436247 0.492814
vt 0.854345 0.525927
vt 0.854356 0.557717
vt 0.555753 0.535294
vt 0.555506 0.538496
vt 0.542026 0.525862
vt 0.542295 0.522725
vt 0.417799 0.409431
vt 0.428185 0.419165
vt 0.865396 0.499307
vt 0.870448 0.498984
vt 0.870455 0.518071
vt 0.865887 0.517773
vt 0.677359 0.491153
vt 0.677360 0.472687
vt 0.557691 0.464105
vt 0.544420 0.452645
vt 0.417000 0.334571
vt 0.407375 0.326344
vt 0.407693 0.320202
vt 0.417272 0.328320
vt 0.541720 0.519830
vt 0.539171 0.519337
vt 0.552973 0.532055
vt 0.555154 0.532345
vt 0.419284 0.417149
vt 0.406411 0.410326
vt 0.400365 0.420725
vt 0.395613 0.431915
vt 0.392283 0.443747
vt 0.390488 0.456050
vt 0.390325 0.468631
vt 0.391868 0.481275
vt 0.395158 0.493745
vt 0.400204 0.505792
vt 0.406973 0.517154
vt 0.415386 0.527569
vt 0.425317 0.536782
vt 0.436589 0.544554
vt 0.448982 0.550677
vt 0.462235 0.554979
vt 0.476052 0.557338
vt 0.490118 0.557685
vt 0.504105 0.556010
vt 0.517692 0.552361
vt 0.530573 0.546844
vt 0.542465 0.539616
vt 0.548979 0.534277
vt 0.535311 0.521442
vt 0.532291 0.523858
vt 0.522652 0.529585
vt 0.512089 0.534014
vt 0.500975 0.536938
vt 0.489551 0.538280
vt 0.478067 0.538002
vt 0.466776 0.536113
vt 0.455925 0.532663
vt 0.445747 0.527743
vt 0.436448 0.521482
vt 0.428208 0.514038
vt 0.421173 0.505591
vt 0.415453 0.496338
vt 0.411121 0.486485
vt 0.408218 0.476238
vt 0.406750 0.465800
vt 0.406695 0.455363
vt 0.408005 0.445110
vt 0.410612 0.435204
vt 0.414430 0.425794
vt 0.520988 0.517773
vt 0.521479 0.499307
vt 0.554324 0.543294
vt 0.540820 0.530560
vt 0.417463 0.414241
vt 0.427886 0.424069
vt 0.552253 0.532447
vt 0.838212 0.450885
vt 0.854318 0.450885
vt 0.854324 0.464533
vt 0.838217 0.464533
vt 0.484174 0.538868
vt 0.486861 0.538685
vt 0.491990 0.537382
vt 0.493735 0.535725
vt 0.493726 0.534401
vt 0.491949 0.532745
vt 0.486756 0.531443
vt 0.484176 0.531269
vt 0.484183 0.512152
vt 0.486313 0.512012
vt 0.491505 0.510733
vt 0.493279 0.509097
vt 0.493269 0.507789
vt 0.491460 0.506154
vt 0.486203 0.504876
vt 0.484185 0.504744
vt 0.484192 0.485668
vt 0.491791 0.483861
vt 0.493333 0.482485
vt 0.493323 0.481161
vt 0.491745 0.479778
vt 0.484084 0.477982
vt 0.484203 0.450885
vt 0.484168 0.557717
vt 0.394775 0.316836
vt 0.387729 0.327363
vt 0.382201 0.338564
vt 0.378245 0.350446
vt 0.375999 0.362845
vt 0.375583 0.375569
vt 0.377095 0.388403
vt 0.380598 0.401107
vt 0.386115 0.413423
vt 0.393623 0.425078
vt 0.403043 0.435796
vt 0.414238 0.445303
vt 0.427013 0.453344
vt 0.441115 0.459691
vt 0.456238 0.464158
vt 0.472034 0.466610
vt 0.488131 0.466970
vt 0.504140 0.465229
vt 0.519678 0.461439
vt 0.534384 0.455717
vt 0.548125 0.448125
vt 0.538131 0.434671
vt 0.526778 0.440810
vt 0.514303 0.445567
vt 0.501155 0.448712
vt 0.487627 0.450156
vt 0.474030 0.449857
vt 0.460676 0.447824
vt 0.447867 0.444115
vt 0.435888 0.438835
vt 0.424988 0.432129
vt 0.415381 0.424176
vt 0.407237 0.415179
vt 0.400678 0.405357
vt 0.395783 0.394935
vt 0.392586 0.384137
vt 0.391081 0.373180
vt 0.391229 0.362268
vt 0.392960 0.351588
vt 0.396185 0.341309
vt 0.400793 0.331579
vt 0.406571 0.322670
vt 0.866337 0.472687
vt 0.870189 0.472452
vt 0.870445 0.491483
vt 0.865213 0.491153
vt 0.725596 0.491153
vt 0.725594 0.472687
vt 0.547879 0.446433
vt 0.560814 0.457489
vt 0.562253 0.451188
vt 0.549351 0.440254
vt 0.870411 0.450885
vt 0.870075 0.464769
vt 0.866143 0.464533
vt 0.550492 0.539423
vt 0.564428 0.552560
vt 0.566582 0.547154
vt 0.552406 0.533890
vt 0.557405 0.617382
vt 0.543388 0.603203
vt 0.258092 0.557717
vt 0.258089 0.539142
vt 0.468049 0.530987
vt 0.468055 0.512462
vt 0.479420 0.512462
vt 0.479922 0.530987
vt 0.435683 0.438788
vt 0.435749 0.438753
vt 0.446913 0.449468
vt 0.450174 0.510077
vt 0.438886 0.498646
vt 0.441019 0.498864
vt 0.452516 0.510484
vt 0.451917 0.530987
vt 0.451923 0.512462
vt 0.437692 0.494173
vt 0.437908 0.496510
vt 0.449171 0.507902
vt 0.448933 0.505518
vt 0.557615 0.615200
vt 0.543611 0.601068
vt 0.403491 0.539142
vt 0.419636 0.539142
vt 0.419631 0.557717
vt 0.403486 0.557717
vt 0.558490 0.611557
vt 0.544509 0.597508
vt 0.274245 0.530987
vt 0.274244 0.512462
vt 0.576896 0.462005
vt 0.563595 0.450752
vt 0.431842 0.432352
vt 0.432116 0.435301
vt 0.443080 0.445727
vt 0.442780 0.442722
vt 0.133876 0.504427
vt 0.128939 0.504744
vt 0.128931 0.485668
vt 0.132702 0.485902
vt 0.570253 0.483897
vt 0.557100 0.472426
vt 0.436391 0.369859
vt 0.426350 0.361072
vt 0.429172 0.362413
vt 0.439480 0.371422
vt 0.563126 0.559876
vt 0.563398 0.557059
vt 0.549436 0.543824
vt 0.549147 0.546585
vt 0.432331 0.428033
vt 0.443239 0.438315
vt 0.565095 0.561857
vt 0.563483 0.562215
vt 0.549492 0.548885
vt 0.550843 0.548303
vt 0.128942 0.512152
vt 0.133705 0.512462
vt 0.133204 0.530987
vt 0.128949 0.531269
vt 0.444248 0.448609
vt 0.433254 0.438133
vt 0.355048 0.450885
vt 0.355044 0.477747
vt 0.274237 0.450885
vt 0.274240 0.477747
vt 0.902681 0.485668
vt 0.902689 0.504744
vt 0.900672 0.504876
vt 0.895415 0.506154
vt 0.893606 0.507789
vt 0.893596 0.509097
vt 0.895370 0.510733
vt 0.900561 0.512012
vt 0.902692 0.512152
vt 0.902699 0.531269
vt 0.900119 0.531443
vt 0.894926 0.532745
vt 0.893149 0.534401
vt 0.893140 0.535725
vt 0.894885 0.537382
vt 0.900014 0.538685
vt 0.902701 0.538868
vt 0.902707 0.557717
vt 0.886585 0.557717
vt 0.886546 0.450885
vt 0.902672 0.450885
vt 0.902791 0.477982
vt 0.895131 0.479779
vt 0.893552 0.481161
vt 0.893542 0.482485
vt 0.895083 0.483861
vt 0.135493 0.484117
vt 0.131626 0.483401
vt 0.130061 0.482301
vt 0.130061 0.481348
vt 0.131626 0.480248
vt 0.135493 0.479532
vt 0.141270 0.479247
vt 0.141270 0.484402
vt 0.424640 0.353375
vt 0.434606 0.362028
vt 0.424995 0.357211
vt 0.434996 0.365933
vt 0.870468 0.557717
vt 0.870457 0.525637
vt 0.872940 0.525470
vt 0.878142 0.524168
vt 0.879911 0.522510
vt 0.879901 0.521187
vt 0.878096 0.519530
vt 0.872827 0.518228
vt 0.872503 0.498850
vt 0.877867 0.497548
vt 0.879692 0.495890
vt 0.879681 0.494567
vt 0.877818 0.492910
vt 0.872383 0.491608
vt 0.877890 0.470649
vt 0.879458 0.469270
vt 0.879446 0.467947
vt 0.877838 0.466560
vt 0.479249 0.504427
vt 0.480422 0.485902
vt 0.580477 0.455185
vt 0.584994 0.442492
vt 0.587585 0.429743
vt 0.588345 0.416999
vt 0.587340 0.404484
vt 0.584665 0.392401
vt 0.580433 0.380924
vt 0.574774 0.370208
vt 0.567826 0.360381
vt 0.559734 0.351550
vt 0.550648 0.343805
vt 0.540717 0.337215
vt 0.530088 0.331836
vt 0.518909 0.327711
vt 0.507325 0.324869
vt 0.495481 0.323329
vt 0.483520 0.323104
vt 0.471583 0.324195
vt 0.459815 0.326593
vt 0.448359 0.330282
vt 0.437202 0.335308
vt 0.444416 0.345573
vt 0.453675 0.341328
vt 0.463499 0.338111
vt 0.473608 0.336018
vt 0.483871 0.335066
vt 0.494158 0.335262
vt 0.504339 0.336606
vt 0.514283 0.339087
vt 0.523860 0.342682
vt 0.532940 0.347361
vt 0.541392 0.353082
vt 0.549086 0.359787
vt 0.555895 0.367408
vt 0.561693 0.375861
vt 0.566360 0.385044
vt 0.569785 0.394839
vt 0.571867 0.405107
vt 0.572520 0.415694
vt 0.571679 0.426426
vt 0.569302 0.437112
vt 0.565438 0.447384
vt 0.534885 0.455058
vt 0.518632 0.443389
vt 0.476756 0.443505
vt 0.473870 0.443513
vt 0.457341 0.455271
vt 0.533006 0.446728
vt 0.544536 0.446729
vt 0.544536 0.564179
vt 0.533819 0.564179
vt 0.533672 0.541458
vt 0.533526 0.518736
vt 0.533380 0.496015
vt 0.533233 0.473294
vt 0.533087 0.450572
vt 0.533094 0.450572
vt 0.533006 0.449618
vt 0.498015 0.446729
vt 0.498015 0.564179
vt 0.486883 0.564179
vt 0.486883 0.446729
vt 0.476339 0.446730
vt 0.476339 0.564179
vt 0.466553 0.564179
vt 0.465137 0.446732
vt 0.457726 0.450624
vt 0.457726 0.564179
vt 0.449975 0.564179
vt 0.449975 0.451389
vt 0.454626 0.451394
vt 0.542387 0.540170
vt 0.535104 0.544489
vt 0.535786 0.532604
vt 0.536661 0.534740
vt 0.539086 0.537888
vt 0.486883 0.445770
vt 0.498015 0.445770
vt 0.509315 0.445770
vt 0.508732 0.564179
vt 0.508878 0.541458
vt 0.509025 0.518736
vt 0.509171 0.496015
vt 0.509317 0.473294
vt 0.509464 0.450572
vt 0.509456 0.450572
vt 0.509545 0.449619
vt 0.509545 0.446370
vt 0.533006 0.446370
vt 0.533006 0.449619
vt 0.533094 0.450572
vt 0.533115 0.450572
vt 0.533256 0.473294
vt 0.533396 0.496015
vt 0.533537 0.518736
vt 0.533678 0.541458
vt 0.533819 0.564179
vt 0.544536 0.445770
vt 0.533236 0.445770
vt 0.566212 0.445770
vt 0.566212 0.564179
vt 0.575977 0.564179
vt 0.574748 0.444635
vt 0.564122 0.640689
vt 0.559840 0.637717
vt 0.557187 0.396627
vt 0.561180 0.391126
vt 0.555424 0.399891
vt 0.556135 0.633446
vt 0.555966 0.450705
vt 0.857952 0.471187
vt 0.857952 0.466032
vt 0.863719 0.466317
vt 0.867583 0.467034
vt 0.869150 0.468133
vt 0.869150 0.469086
vt 0.867583 0.470186
vt 0.863719 0.470902
vt 0.596931 0.525927
vt 0.613021 0.525927
vt 0.613015 0.557717
vt 0.596924 0.557717
vt 0.443443 0.564179
vt 0.443443 0.451383
vt 0.255296 0.413179
vt 0.274262 0.413179
vt 0.274262 0.404227
vt 0.255296 0.404227
vt 0.504481 0.466054
vt 0.496033 0.466059
vt 0.487585 0.466100
vt 0.487588 0.466157
vt 0.487979 0.469924
vt 0.503998 0.469880
vt 0.504496 0.466056
vt 0.357083 0.404227
vt 0.338359 0.404227
vt 0.338359 0.413179
vt 0.357083 0.413179
vt 0.505657 0.555110
vt 0.504928 0.549244
vt 0.485183 0.549294
vt 0.484286 0.555253
vt 0.484305 0.555256
vt 0.488828 0.554991
vt 0.501147 0.554960
vt 0.505665 0.555202
vt 0.357083 0.583630
vt 0.357083 0.574679
vt 0.338359 0.574679
vt 0.338359 0.583630
vt 0.258148 0.573929
vt 0.276181 0.573929
vt 0.336436 0.573929
vt 0.354217 0.573929
vt 0.943722 0.505089
vt 0.831942 0.505089
vt 0.831942 0.482768
vt 0.943722 0.482768
vt 0.505593 0.551998
vt 0.505587 0.554485
vt 0.502172 0.554650
vt 0.496024 0.463277
vt 0.487620 0.463602
vt 0.487642 0.465476
vt 0.496033 0.465149
vt 0.509545 0.446728
vt 0.509545 0.449618
vt 0.509457 0.450572
vt 0.509436 0.450572
vt 0.509295 0.473294
vt 0.509154 0.496015
vt 0.509013 0.518736
vt 0.508873 0.541458
vt 0.555408 0.587180
vt 0.557698 0.606126
vt 0.558326 0.605618
vt 0.556101 0.587424
vt 0.436464 0.587475
vt 0.452358 0.583702
vt 0.451982 0.582456
vt 0.451948 0.581166
vt 0.452254 0.579883
vt 0.452887 0.578654
vt 0.453819 0.577528
vt 0.438178 0.575099
vt 0.430338 0.575167
vt 0.428422 0.587444
vt 0.487867 0.536701
vt 0.480698 0.537671
vt 0.473085 0.539407
vt 0.465755 0.541810
vt 0.458803 0.544863
vt 0.452329 0.548540
vt 0.446432 0.552808
vt 0.441212 0.557626
vt 0.440476 0.558507
vt 0.455013 0.576544
vt 0.456423 0.575738
vt 0.457996 0.575140
vt 0.459673 0.574771
vt 0.461391 0.574643
vt 0.463089 0.574762
vt 0.464703 0.575123
vt 0.466173 0.575714
vt 0.467444 0.576512
vt 0.524610 0.576369
vt 0.525896 0.575564
vt 0.527377 0.574966
vt 0.528998 0.574597
vt 0.530698 0.574469
vt 0.532415 0.574588
vt 0.534086 0.574949
vt 0.535649 0.575539
vt 0.537045 0.576338
vt 0.538222 0.577316
vt 0.553913 0.574809
vt 0.551909 0.558223
vt 0.551188 0.557346
vt 0.545960 0.552468
vt 0.540447 0.548455
vt 0.533700 0.544620
vt 0.526916 0.541653
vt 0.519626 0.539286
vt 0.512043 0.537590
vt 0.504890 0.536657
vt 0.504974 0.543648
vt 0.487659 0.543692
vt 0.439932 0.557847
vt 0.437711 0.573715
vt 0.609897 0.451374
vt 0.609897 0.564179
vt 0.600807 0.564179
vt 0.600807 0.451382
vt 0.600068 0.451383
vt 0.600068 0.564179
vt 0.599107 0.564179
vt 0.599107 0.451383
vt 0.592576 0.564179
vt 0.592576 0.451389
vt 0.587924 0.451394
vt 0.584825 0.564179
vt 0.584825 0.450624
vt 0.555668 0.446729
vt 0.555668 0.564179
vt 0.550782 0.458188
vt 0.553119 0.628258
vt 0.454993 0.544695
vt 0.447784 0.540414
vt 0.450998 0.538116
vt 0.453340 0.534956
vt 0.454174 0.532816
vt 0.583874 0.645792
vt 0.578873 0.645606
vt 0.575046 0.381377
vt 0.579791 0.380730
vt 0.573803 0.644756
vt 0.570259 0.383377
vt 0.561319 0.506679
vt 0.561319 0.537576
vt 0.436629 0.537576
vt 0.436629 0.506679
vt 0.535627 0.515840
vt 0.534698 0.521662
vt 0.534626 0.525615
vt 0.525901 0.547700
vt 0.526306 0.525911
vt 0.534679 0.514915
vt 0.455107 0.521853
vt 0.454150 0.516103
vt 0.455888 0.514890
vt 0.463446 0.526075
vt 0.464117 0.547859
vt 0.455228 0.525822
vt 0.592984 0.643971
vt 0.588535 0.383589
vt 0.592232 0.387040
vt 0.596742 0.640659
vt 0.443443 0.451383
vt 0.443443 0.564179
vt 0.449975 0.564179
vt 0.449975 0.451389
vt 0.555037 0.482768
vt 0.555037 0.505089
vt 0.443046 0.505089
vt 0.443046 0.482768
vt 0.580385 0.630104
vt 0.577380 0.427125
vt 0.576621 0.430942
vt 0.577238 0.473692
vt 0.578690 0.626070
vt 0.467803 0.444635
vt 0.466574 0.564179
vt 0.476339 0.564179
vt 0.476339 0.445770
vt 0.583252 0.450247
vt 0.584812 0.564179
vt 0.592576 0.564179
vt 0.592576 0.451389
vt 0.587879 0.451395
vt 0.609971 0.620768
vt 0.602461 0.632879
vt 0.597999 0.396317
vt 0.617051 0.394106
vt 0.621144 0.575713
vt 0.620614 0.585429
vt 0.616664 0.603833
vt 0.442483 0.564179
vt 0.442483 0.451383
vt 0.589790 0.409260
vt 0.593733 0.638025
vt 0.598067 0.638171
vt 0.593929 0.408750
vt 0.582477 0.415352
vt 0.585958 0.635445
vt 0.589641 0.637162
vt 0.585920 0.411498
vt 0.537064 0.511385
vt 0.602456 0.637608
vt 0.598167 0.410002
vt 0.577736 0.503762
vt 0.577897 0.505711
vt 0.578390 0.539320
vt 0.580010 0.540188
vt 0.580358 0.563388
vt 0.578739 0.563060
vt 0.579243 0.597402
vt 0.579137 0.599319
vt 0.578195 0.611021
vt 0.577702 0.615534
vt 0.575859 0.487154
vt 0.576537 0.492355
vt 0.575998 0.564179
vt 0.577413 0.446732
vt 0.550943 0.621599
vt 0.549446 0.462222
vt 0.566212 0.446730
vt 0.566212 0.564179
vt 0.579595 0.420641
vt 0.582834 0.633055
vt 0.825683 0.481179
vt 0.825683 0.450281
vt 0.950116 0.450281
vt 0.950116 0.481179
vt 0.568830 0.643061
vt 0.565587 0.386662
vt 0.599108 0.564179
vt 0.599108 0.451383
vt 0.578402 0.447635
vt 0.468041 0.557717
vt 0.468046 0.539142
vt 0.480081 0.539142
vt 0.577790 0.621337
vt 0.575800 0.482783
vt 0.563455 0.587109
vt 0.561756 0.574837
vt 0.539135 0.578439
vt 0.539745 0.579664
vt 0.540029 0.580946
vt 0.539972 0.582236
vt 0.539574 0.583485
vt 0.441744 0.564179
vt 0.432654 0.564179
vt 0.432654 0.451374
vt 0.441744 0.451382
vt 0.547183 0.524314
vt 0.546800 0.481149
vt 0.547000 0.478967
vt 0.548554 0.467109
vt 0.550022 0.616255
vt 0.548093 0.601735
vt 0.547847 0.599284
vt 0.547454 0.554899
vt 0.544669 0.554046
vt 0.544411 0.523100
vt 0.452638 0.511521
vt 0.595286 0.391726
vt 0.599791 0.637117
vt 0.464148 0.447635
vt 0.459299 0.450247
vt 0.457739 0.564179
vt 0.825683 0.537576
vt 0.825683 0.506679
vt 0.950116 0.506679
vt 0.950116 0.537576
vt 0.504421 0.463556
vt 0.504418 0.465430
vt 0.610616 0.632933
vt 0.606229 0.417524
vt 0.602325 0.412969
vt 0.606707 0.636148
vt 0.455180 0.402455
vt 0.472775 0.392003
vt 0.475772 0.391994
vt 0.519239 0.391869
vt 0.536523 0.402222
vt 0.543535 0.454741
vt 0.446577 0.455008
vt 0.425707 0.500310
vt 0.426015 0.500487
vt 0.433163 0.500437
vt 0.434023 0.500253
vt 0.434227 0.500121
vt 0.425906 0.500179
vt 0.510758 0.545370
vt 0.479105 0.545451
vt 0.473710 0.538876
vt 0.466359 0.529690
vt 0.523403 0.529542
vt 0.516111 0.538767
vt 0.588634 0.645326
vt 0.584339 0.381469
vt 0.544667 0.469328
vt 0.445209 0.469599
vt 0.446069 0.459023
vt 0.543951 0.458754
vt 0.545250 0.482321
vt 0.444524 0.482593
vt 0.473970 0.550181
vt 0.484123 0.551564
vt 0.515990 0.550073
vt 0.505802 0.551508
vt 0.747554 0.583630
vt 0.747553 0.574679
vt 0.726891 0.569494
vt 0.726891 0.583630
vt 0.555668 0.564179
vt 0.555668 0.445770
vt 0.487785 0.554687
vt 0.484374 0.554539
vt 0.484337 0.552052
vt 0.616031 0.627427
vt 0.611776 0.428436
vt 0.609716 0.423464
vt 0.614045 0.629485
vt 0.596888 0.395779
vt 0.601352 0.635079
vt 0.561319 0.450281
vt 0.561319 0.481179
vt 0.436629 0.481179
vt 0.436629 0.450281
vt 0.449879 0.504925
vt 0.447502 0.500890
vt 0.444070 0.496961
vt 0.545651 0.496690
vt 0.542214 0.500638
vt 0.539878 0.504650
vt 0.454669 0.451394
vt 0.628841 0.601578
vt 0.632088 0.586410
vt 0.632512 0.578399
vt 0.628799 0.427710
vt 0.612859 0.429233
vt 0.617096 0.625535
vt 0.623314 0.615538
vt 0.475804 0.392409
vt 0.473056 0.392417
vt 0.474114 0.442663
vt 0.476764 0.442655
vt 0.476077 0.422520
vt 0.475840 0.421230
vt 0.475601 0.417991
vt 0.475713 0.414735
vt 0.475902 0.413430
vt 0.677357 0.525927
vt 0.693438 0.525927
vt 0.693438 0.557717
vt 0.677356 0.557717
vt 0.177348 0.539142
vt 0.177353 0.557717
vt 0.645189 0.557717
vt 0.645193 0.525927
vt 0.661276 0.525927
vt 0.661273 0.557717
vt 0.451914 0.539142
vt 0.451909 0.557717
vt 0.565147 0.561795
vt 0.209634 0.539142
vt 0.225783 0.539142
vt 0.225787 0.557717
vt 0.209638 0.557717
vt 0.547030 0.611930
vt 0.543843 0.615420
vt 0.529649 0.600900
vt 0.432725 0.501748
vt 0.421427 0.490190
vt 0.423442 0.486313
vt 0.629108 0.525927
vt 0.629103 0.557717
vt 0.546748 0.600760
vt 0.561022 0.615117
vt 0.559448 0.618027
vt 0.441303 0.498683
vt 0.444013 0.497426
vt 0.455559 0.509040
vt 0.241935 0.539142
vt 0.241938 0.557717
vt 0.789944 0.525927
vt 0.789952 0.557717
vt 0.411984 0.506562
vt 0.417245 0.496362
vt 0.431018 0.504345
vt 0.426977 0.512480
vt 0.423841 0.521307
vt 0.421752 0.530568
vt 0.420776 0.540122
vt 0.420963 0.549812
vt 0.422345 0.559469
vt 0.424932 0.568916
vt 0.428709 0.577970
vt 0.433636 0.586444
vt 0.439644 0.594157
vt 0.446638 0.600937
vt 0.454494 0.606625
vt 0.463062 0.611087
vt 0.472172 0.614211
vt 0.481635 0.615921
vt 0.491251 0.616172
vt 0.500817 0.614958
vt 0.510130 0.612311
vt 0.518994 0.608296
vt 0.527103 0.603096
vt 0.537631 0.620915
vt 0.527188 0.627773
vt 0.515931 0.632985
vt 0.504075 0.636427
vt 0.491877 0.638007
vt 0.479610 0.637680
vt 0.467550 0.635455
vt 0.455962 0.631394
vt 0.445098 0.625607
vt 0.435182 0.618247
vt 0.426407 0.609505
vt 0.418927 0.599596
vt 0.412859 0.588755
vt 0.408279 0.577226
vt 0.405225 0.565253
vt 0.403702 0.553074
vt 0.403681 0.540915
vt 0.405107 0.528987
vt 0.407906 0.517479
vt 0.568239 0.595914
vt 0.564518 0.607573
vt 0.548151 0.597860
vt 0.551152 0.588983
vt 0.553078 0.579688
vt 0.553875 0.570293
vt 0.553561 0.560966
vt 0.552173 0.551861
vt 0.549761 0.543123
vt 0.546391 0.534883
vt 0.542141 0.527257
vt 0.537095 0.520347
vt 0.531345 0.514241
vt 0.524989 0.509012
vt 0.518127 0.504720
vt 0.510863 0.501414
vt 0.503303 0.499129
vt 0.495552 0.497890
vt 0.487718 0.497708
vt 0.479909 0.498587
vt 0.472231 0.500516
vt 0.464792 0.503476
vt 0.457811 0.507372
vt 0.449704 0.493305
vt 0.458624 0.488425
vt 0.467929 0.484791
vt 0.477514 0.482426
vt 0.487253 0.481350
vt 0.497020 0.481572
vt 0.506689 0.483091
vt 0.516134 0.485893
vt 0.525230 0.489954
vt 0.533851 0.495236
vt 0.541872 0.501688
vt 0.549168 0.509245
vt 0.555619 0.517827
vt 0.561106 0.527334
vt 0.565516 0.537651
vt 0.568745 0.548641
vt 0.570700 0.560148
vt 0.571304 0.571996
vt 0.570495 0.583988
vt 0.866058 0.525927
vt 0.128951 0.538868
vt 0.133044 0.539142
vt 0.128957 0.557717
vt 0.434346 0.423434
vt 0.445449 0.433822
vt 0.709518 0.525927
vt 0.725599 0.525927
vt 0.725602 0.557717
vt 0.716034 0.557717
vt 0.709519 0.557717
vt 0.518388 0.442540
vt 0.518971 0.392284
vt 0.476177 0.411520
vt 0.476987 0.408400
vt 0.478131 0.405431
vt 0.479591 0.402665
vt 0.481343 0.400155
vt 0.483358 0.397944
vt 0.485601 0.396074
vt 0.488032 0.394580
vt 0.490609 0.393490
vt 0.493286 0.392824
vt 0.496014 0.392595
vt 0.498744 0.392808
vt 0.501426 0.393458
vt 0.504014 0.394534
vt 0.506459 0.396014
vt 0.508720 0.397871
vt 0.510756 0.400070
vt 0.512532 0.402571
vt 0.514019 0.405328
vt 0.515191 0.408291
vt 0.516030 0.411406
vt 0.516524 0.414620
vt 0.516667 0.417875
vt 0.516459 0.421115
vt 0.515906 0.424287
vt 0.515019 0.427336
vt 0.513816 0.430213
vt 0.512318 0.432870
vt 0.510552 0.435265
vt 0.508549 0.437359
vt 0.506343 0.439121
vt 0.503969 0.440522
vt 0.501469 0.441540
vt 0.498881 0.442161
vt 0.496249 0.442373
vt 0.493615 0.442175
vt 0.491022 0.441569
vt 0.488511 0.440565
vt 0.486125 0.439177
vt 0.483902 0.437428
vt 0.481880 0.435345
vt 0.480092 0.432960
vt 0.478569 0.430312
vt 0.477339 0.427442
vt 0.476423 0.424398
vt 0.548002 0.599209
vt 0.193494 0.557717
vt 0.193489 0.539142
vt 0.421895 0.472713
vt 0.532520 0.557717
vt 0.532530 0.525927
vt 0.548637 0.525927
vt 0.548627 0.557717
vt 0.564739 0.525927
vt 0.564730 0.557717
vt 0.435777 0.539142
vt 0.435772 0.557717
vt 0.670842 0.557717
vt 0.580829 0.557717
vt 0.580837 0.525927
vt 0.520817 0.525927
vt 0.536720 0.402616
vt 0.519793 0.392466
vt 0.519181 0.442749
vt 0.533655 0.453106
vt 0.533250 0.452515
vt 0.530693 0.447810
vt 0.528699 0.442985
vt 0.527334 0.438185
vt 0.526657 0.433569
vt 0.526707 0.429321
vt 0.527489 0.425630
vt 0.528970 0.422643
vt 0.531100 0.420459
vt 0.533810 0.419152
vt 0.536324 0.418858
vt 0.595972 0.390180
vt 0.592856 0.385449
vt 0.589062 0.381953
vt 0.584715 0.379792
vt 0.579955 0.379038
vt 0.574968 0.379722
vt 0.569964 0.381802
vt 0.565132 0.385174
vt 0.560618 0.389712
vt 0.556553 0.395273
vt 0.556089 0.396127
vt 0.560018 0.367800
vt 0.618802 0.359799
vt 0.617063 0.392496
vt 0.597793 0.394750
vt 0.455398 0.470152
vt 0.455196 0.470571
vt 0.454812 0.471365
vt 0.536475 0.469931
vt 0.537053 0.471141
vt 0.536673 0.470363
vt 0.473316 0.442877
vt 0.472228 0.392603
vt 0.458598 0.453313
vt 0.457254 0.454867
vt 0.534971 0.454653
vt 0.454621 0.403292
vt 0.454998 0.402850
vt 0.537084 0.403056
vt 0.536687 0.419118
vt 0.536193 0.419887
vt 0.443971 0.497145
vt 0.443497 0.495066
vt 0.545762 0.496873
vt 0.546247 0.494791
vt 0.528579 0.467988
vt 0.528843 0.467100
vt 0.520798 0.465919
vt 0.520994 0.465020
vt 0.512712 0.464439
vt 0.512844 0.463533
vt 0.504487 0.462646
vt 0.496024 0.462365
vt 0.487555 0.462692
vt 0.479309 0.464530
vt 0.479178 0.463625
vt 0.471188 0.466055
vt 0.470992 0.465157
vt 0.463359 0.468166
vt 0.463095 0.467279
vt 0.565584 0.499938
vt 0.565929 0.500471
vt 0.567855 0.511331
vt 0.567556 0.511101
vt 0.567291 0.510660
vt 0.565379 0.499808
vt 0.436303 0.486071
vt 0.437180 0.485209
vt 0.437603 0.484729
vt 0.436815 0.485503
vt 0.442792 0.480942
vt 0.443320 0.480384
vt 0.446601 0.478667
vt 0.446461 0.478509
vt 0.437528 0.538386
vt 0.433964 0.535300
vt 0.434866 0.534803
vt 0.437497 0.537081
vt 0.429327 0.529781
vt 0.429866 0.528876
vt 0.428706 0.528699
vt 0.429307 0.527906
vt 0.432024 0.511510
vt 0.431063 0.512116
vt 0.423706 0.512091
vt 0.423474 0.511481
vt 0.423739 0.511039
vt 0.432288 0.511068
vt 0.423184 0.511713
vt 0.425363 0.500845
vt 0.555329 0.485750
vt 0.557498 0.499750
vt 0.557264 0.499924
vt 0.557054 0.499794
vt 0.554808 0.485185
vt 0.433807 0.500079
vt 0.441086 0.540373
vt 0.441128 0.539112
vt 0.446476 0.500026
vt 0.450554 0.537083
vt 0.452680 0.534214
vt 0.454103 0.530529
vt 0.444877 0.541034
vt 0.444648 0.539673
vt 0.447820 0.539038
vt 0.454761 0.526115
vt 0.454604 0.521237
vt 0.539544 0.536853
vt 0.542352 0.538794
vt 0.453629 0.516098
vt 0.451882 0.510809
vt 0.554472 0.484893
vt 0.554039 0.484415
vt 0.558134 0.500104
vt 0.565285 0.500116
vt 0.559000 0.511175
vt 0.559421 0.512158
vt 0.561931 0.528352
vt 0.561323 0.527562
vt 0.558736 0.510734
vt 0.567323 0.511712
vt 0.559961 0.511776
vt 0.431594 0.512495
vt 0.561284 0.529438
vt 0.560741 0.528535
vt 0.556514 0.534982
vt 0.555599 0.534491
vt 0.552878 0.538088
vt 0.552913 0.536782
vt 0.545200 0.478401
vt 0.548957 0.480655
vt 0.548421 0.480100
vt 0.545322 0.478241
vt 0.549240 0.540094
vt 0.549202 0.538833
vt 0.542740 0.476404
vt 0.542803 0.476195
vt 0.533430 0.452402
vt 0.449091 0.476658
vt 0.449010 0.476449
vt 0.530913 0.447766
vt 0.537343 0.533995
vt 0.528963 0.443041
vt 0.545362 0.540775
vt 0.545604 0.539413
vt 0.527642 0.438390
vt 0.535123 0.525906
vt 0.535847 0.530316
vt 0.526993 0.433968
vt 0.535220 0.521026
vt 0.527042 0.429925
vt 0.536144 0.515881
vt 0.527791 0.426402
vt 0.540237 0.504908
vt 0.537855 0.510582
vt 0.529226 0.423526
vt 0.531306 0.421408
vt 0.533972 0.420137
vt 0.544169 0.455478
vt 0.449492 0.505149
vt 0.543254 0.499768
vt 0.545898 0.482746
vt 0.443889 0.483021
vt 0.444581 0.470171
vt 0.545308 0.469896
vt 0.445445 0.459705
vt 0.544587 0.459433
vt 0.445953 0.455748
vt 0.475933 0.417843
vt 0.476044 0.414640
vt 0.476229 0.413360
vt 0.476501 0.411476
vt 0.477299 0.408406
vt 0.478425 0.405486
vt 0.479862 0.402765
vt 0.481586 0.400296
vt 0.483568 0.398121
vt 0.485775 0.396282
vt 0.488167 0.394812
vt 0.490702 0.393740
vt 0.493334 0.393086
vt 0.496018 0.392861
vt 0.498703 0.393070
vt 0.501342 0.393710
vt 0.503887 0.394767
vt 0.506293 0.396223
vt 0.508517 0.398049
vt 0.510520 0.400213
vt 0.512268 0.402673
vt 0.513731 0.405385
vt 0.514884 0.408299
vt 0.515711 0.411365
vt 0.516198 0.414526
vt 0.516339 0.417729
vt 0.516135 0.420918
vt 0.515592 0.424039
vt 0.514719 0.427040
vt 0.513536 0.429872
vt 0.512063 0.432487
vt 0.510325 0.434845
vt 0.508355 0.436907
vt 0.506183 0.438641
vt 0.503847 0.440020
vt 0.501386 0.441023
vt 0.498840 0.441634
vt 0.496249 0.441843
vt 0.493657 0.441648
vt 0.491104 0.441052
vt 0.488634 0.440063
vt 0.486286 0.438697
vt 0.484098 0.436975
vt 0.482108 0.434924
vt 0.480349 0.432576
vt 0.478851 0.429969
vt 0.477641 0.427145
vt 0.476740 0.424149
vt 0.476400 0.422296
vt 0.476167 0.421031
vt 0.434688 0.494009
vt 0.434956 0.496726
vt 0.557859 0.621474
vt 0.558107 0.618951
vt 0.507095 0.482637
vt 0.516750 0.485499
vt 0.526050 0.489648
vt 0.534867 0.495046
vt 0.543075 0.501641
vt 0.550547 0.509369
vt 0.557158 0.518148
vt 0.562787 0.527878
vt 0.567318 0.538441
vt 0.570644 0.549700
vt 0.572669 0.561494
vt 0.573311 0.573644
vt 0.572507 0.585950
vt 0.570220 0.598194
vt 0.566437 0.610144
vt 0.562528 0.618634
vt 0.442495 0.497672
vt 0.448869 0.493061
vt 0.457970 0.488086
vt 0.467482 0.484374
vt 0.477279 0.481958
vt 0.487232 0.480858
vt 0.497213 0.481085
vt 0.561608 0.608580
vt 0.562729 0.606527
vt 0.564220 0.602892
vt 0.441079 0.480853
vt 0.438804 0.483104
vt 0.437552 0.484649
vt 0.435228 0.489758
vt 0.559167 0.614576
vt 0.561234 0.621052
vt 0.560163 0.622474
vt 0.438915 0.499563
vt 0.440259 0.498709
vt 0.436152 0.499287
vt 0.558283 0.623430
vt 0.558500 0.501528
vt 0.551712 0.492688
vt 0.550079 0.495650
vt 0.556669 0.504280
vt 0.544046 0.484910
vt 0.542630 0.488053
vt 0.535630 0.478274
vt 0.534445 0.481570
vt 0.526593 0.472845
vt 0.525651 0.476263
vt 0.517065 0.468673
vt 0.516375 0.472185
vt 0.507176 0.465795
vt 0.506744 0.469370
vt 0.497056 0.464235
vt 0.496887 0.467845
vt 0.486834 0.464007
vt 0.486929 0.467622
vt 0.476640 0.465112
vt 0.477000 0.468702
vt 0.466605 0.467541
vt 0.467226 0.471078
vt 0.456857 0.471274
vt 0.457735 0.474727
vt 0.447528 0.476278
vt 0.448657 0.479618
vt 0.568170 0.594414
vt 0.565878 0.594686
vt 0.572035 0.582323
vt 0.569655 0.582947
vt 0.574362 0.569942
vt 0.571944 0.570916
vt 0.575164 0.557507
vt 0.572752 0.558824
vt 0.574482 0.545237
vt 0.572118 0.546883
vt 0.572383 0.533334
vt 0.570105 0.535292
vt 0.568951 0.521979
vt 0.566794 0.524227
vt 0.564286 0.511331
vt 0.562279 0.513844
vt 0.452170 0.507689
vt 0.451982 0.505692
vt 0.453135 0.509671
vt 0.452525 0.503065
vt 0.453931 0.500339
vt 0.456191 0.497947
vt 0.454788 0.509958
vt 0.457105 0.508779
vt 0.458583 0.507685
vt 0.456650 0.493352
vt 0.457701 0.496842
vt 0.465470 0.503838
vt 0.463828 0.489408
vt 0.464738 0.492959
vt 0.472695 0.500961
vt 0.471473 0.486413
vt 0.472118 0.490056
vt 0.480153 0.499086
vt 0.479361 0.484461
vt 0.479735 0.488163
vt 0.487741 0.498232
vt 0.487384 0.483572
vt 0.487482 0.487301
vt 0.495352 0.498408
vt 0.495431 0.483756
vt 0.495254 0.487479
vt 0.502882 0.499613
vt 0.503393 0.485010
vt 0.502943 0.488695
vt 0.510226 0.501834
vt 0.511160 0.487322
vt 0.510442 0.490937
vt 0.517280 0.505047
vt 0.518624 0.490667
vt 0.517646 0.494179
vt 0.523940 0.509216
vt 0.525677 0.495011
vt 0.524451 0.498388
vt 0.530107 0.514295
vt 0.532214 0.500305
vt 0.530753 0.503517
vt 0.538130 0.506489
vt 0.536452 0.509505
vt 0.535682 0.520225
vt 0.543325 0.513490
vt 0.541452 0.516281
vt 0.540570 0.526931
vt 0.547706 0.521220
vt 0.545662 0.523757
vt 0.544684 0.534330
vt 0.551183 0.529576
vt 0.548998 0.531835
vt 0.547939 0.542320
vt 0.550262 0.550789
vt 0.553678 0.538441
vt 0.551383 0.540399
vt 0.551592 0.559608
vt 0.555121 0.547683
vt 0.552752 0.549322
vt 0.551878 0.568639
vt 0.555459 0.557157
vt 0.553056 0.558462
vt 0.551087 0.577729
vt 0.554653 0.566704
vt 0.552257 0.567665
vt 0.549204 0.586717
vt 0.552685 0.576154
vt 0.550341 0.576770
vt 0.546233 0.595436
vt 0.549607 0.585186
vt 0.547312 0.585605
vt 0.546371 0.587524
vt 0.545312 0.597329
vt 0.543861 0.599710
vt 0.544773 0.591025
vt 0.542978 0.600332
vt 0.542983 0.599231
vt 0.543168 0.597433
vt 0.543592 0.594377
vt 0.425591 0.474794
vt 0.425251 0.471771
vt 0.554320 0.600625
vt 0.554078 0.603447
vt 0.415607 0.496998
vt 0.420320 0.490055
vt 0.545926 0.618687
vt 0.538928 0.624908
vt 0.528242 0.631958
vt 0.516690 0.637330
vt 0.504519 0.640879
vt 0.491995 0.642507
vt 0.479400 0.642170
vt 0.467018 0.639877
vt 0.455124 0.635690
vt 0.443978 0.629726
vt 0.433809 0.622143
vt 0.424817 0.613140
vt 0.417160 0.602940
vt 0.410956 0.591786
vt 0.406282 0.579931
vt 0.403177 0.567627
vt 0.401642 0.555119
vt 0.401646 0.542640
vt 0.403132 0.530403
vt 0.406022 0.518605
vt 0.410217 0.507419
vt 0.421135 0.468638
vt 0.419958 0.469540
vt 0.417998 0.471534
vt 0.547127 0.601454
vt 0.549864 0.599671
vt 0.551112 0.598540
vt 0.553680 0.598141
vt 0.423977 0.468886
vt 0.548583 0.615772
vt 0.421998 0.486831
vt 0.423110 0.485136
vt 0.549911 0.613902
vt 0.425188 0.479474
vt 0.552852 0.608019
vt 0.422393 0.595741
vt 0.431642 0.604869
vt 0.442112 0.612560
vt 0.453598 0.618612
vt 0.465860 0.622862
vt 0.478632 0.625190
vt 0.491625 0.625533
vt 0.504544 0.623879
vt 0.517098 0.620276
vt 0.529009 0.614825
vt 0.540022 0.607673
vt 0.413209 0.478422
vt 0.407643 0.488917
vt 0.403299 0.500188
vt 0.400293 0.512084
vt 0.398727 0.524431
vt 0.398684 0.537033
vt 0.400226 0.549672
vt 0.403387 0.562114
vt 0.408166 0.574111
vt 0.414527 0.585405
vt 0.439688 0.579800
vt 0.433723 0.572250
vt 0.435349 0.583163
vt 0.441179 0.590606
vt 0.428831 0.563954
vt 0.430563 0.574981
vt 0.426888 0.566236
vt 0.425080 0.555090
vt 0.422510 0.545840
vt 0.424363 0.557105
vt 0.421137 0.536382
vt 0.423005 0.547765
vt 0.420949 0.526891
vt 0.422803 0.538388
vt 0.421916 0.517533
vt 0.423731 0.529137
vt 0.423989 0.508459
vt 0.425739 0.520164
vt 0.427103 0.499810
vt 0.428766 0.511608
vt 0.431179 0.491712
vt 0.432736 0.503592
vt 0.432326 0.489989
vt 0.434247 0.488042
vt 0.433854 0.501887
vt 0.435565 0.498646
vt 0.435679 0.487989
vt 0.436567 0.495291
vt 0.436559 0.491926
vt 0.436292 0.489718
vt 0.532000 0.591837
vt 0.533035 0.589174
vt 0.533188 0.587184
vt 0.532495 0.585258
vt 0.527631 0.597715
vt 0.530205 0.594841
vt 0.525962 0.599148
vt 0.528337 0.587013
vt 0.526625 0.588467
vt 0.530888 0.585292
vt 0.518446 0.593637
vt 0.517984 0.604241
vt 0.509646 0.597565
vt 0.509403 0.608110
vt 0.500402 0.600156
vt 0.500392 0.610661
vt 0.490908 0.601343
vt 0.491137 0.611830
vt 0.481363 0.601097
vt 0.481834 0.611588
vt 0.471972 0.599425
vt 0.472678 0.609941
vt 0.462931 0.596367
vt 0.463862 0.606930
vt 0.454428 0.592002
vt 0.455567 0.602630
vt 0.446630 0.586435
vt 0.447958 0.597145
vt 0.428734 0.432156
vt 0.429067 0.435546
vt 0.563620 0.563955
vt 0.563938 0.560730
vt 0.507383 0.422969
vt 0.517868 0.425875
vt 0.527977 0.430089
vt 0.537573 0.435577
vt 0.546520 0.442290
vt 0.554683 0.450166
vt 0.561926 0.459127
vt 0.568116 0.469077
vt 0.573125 0.479900
vt 0.576832 0.491458
vt 0.579128 0.503593
vt 0.579917 0.516122
vt 0.579125 0.528841
vt 0.576701 0.541525
vt 0.572628 0.553933
vt 0.568623 0.562269
vt 0.437548 0.437986
vt 0.444114 0.433558
vt 0.454026 0.428502
vt 0.464372 0.424732
vt 0.475016 0.422279
vt 0.485822 0.421164
vt 0.496656 0.421394
vt 0.568881 0.546787
vt 0.570776 0.542261
vt 0.566572 0.547172
vt 0.435794 0.417104
vt 0.432912 0.419901
vt 0.434335 0.423447
vt 0.431841 0.421188
vt 0.429294 0.427027
vt 0.565170 0.555395
vt 0.567917 0.548516
vt 0.434701 0.439086
vt 0.566997 0.565076
vt 0.566075 0.566196
vt 0.433532 0.439717
vt 0.564040 0.566694
vt 0.430441 0.438897
vt 0.442449 0.412729
vt 0.574828 0.533961
vt 0.579001 0.521421
vt 0.581469 0.508612
vt 0.582253 0.495778
vt 0.581409 0.483147
vt 0.579014 0.470923
vt 0.575169 0.459289
vt 0.569989 0.448403
vt 0.563600 0.438401
vt 0.556134 0.429399
vt 0.547727 0.421491
vt 0.538520 0.414754
vt 0.528651 0.409249
vt 0.518259 0.405023
vt 0.507484 0.402109
vt 0.496462 0.400531
vt 0.485330 0.400300
vt 0.474225 0.401418
vt 0.463285 0.403877
vt 0.452647 0.407657
vt 0.445935 0.442928
vt 0.446507 0.439586
vt 0.446175 0.445483
vt 0.447293 0.448069
vt 0.450737 0.433607
vt 0.452463 0.432437
vt 0.448128 0.436299
vt 0.449236 0.448699
vt 0.451916 0.447566
vt 0.453599 0.446405
vt 0.460392 0.428377
vt 0.461334 0.442378
vt 0.468693 0.425345
vt 0.469436 0.439369
vt 0.477252 0.423369
vt 0.477790 0.437409
vt 0.486282 0.436517
vt 0.485950 0.422470
vt 0.494799 0.436701
vt 0.494673 0.422656
vt 0.503225 0.437960
vt 0.503304 0.423925
vt 0.511448 0.440282
vt 0.511726 0.426265
vt 0.519352 0.443643
vt 0.519824 0.429653
vt 0.527484 0.434054
vt 0.526826 0.448010
vt 0.533758 0.453335
vt 0.534591 0.439425
vt 0.541034 0.445704
vt 0.540039 0.459560
vt 0.546706 0.452822
vt 0.545564 0.466613
vt 0.551501 0.460690
vt 0.550231 0.474407
vt 0.555322 0.469209
vt 0.553946 0.482841
vt 0.556622 0.491800
vt 0.558082 0.478262
vt 0.559701 0.487715
vt 0.558186 0.501150
vt 0.558577 0.510746
vt 0.560118 0.497422
vt 0.559287 0.507220
vt 0.557751 0.520427
vt 0.557183 0.516937
vt 0.555687 0.530023
vt 0.553806 0.526390
vt 0.552384 0.539352
vt 0.552736 0.528472
vt 0.550896 0.532445
vt 0.551340 0.541407
vt 0.549691 0.543909
vt 0.549499 0.536475
vt 0.548947 0.540268
vt 0.548692 0.544306
vt 0.548705 0.542625
vt 0.559945 0.534984
vt 0.559626 0.538706
vt 0.417882 0.406354
vt 0.417445 0.402477
vt 0.407064 0.430831
vt 0.412010 0.424153
vt 0.550183 0.556772
vt 0.542862 0.562919
vt 0.531002 0.570302
vt 0.518158 0.575936
vt 0.504609 0.579662
vt 0.490660 0.581373
vt 0.476632 0.581019
vt 0.462850 0.578610
vt 0.449630 0.574216
vt 0.437265 0.567963
vt 0.426017 0.560026
vt 0.416106 0.550617
vt 0.407707 0.539979
vt 0.400946 0.528374
vt 0.395903 0.516068
vt 0.392610 0.503329
vt 0.391062 0.490411
vt 0.391214 0.477557
vt 0.392994 0.464986
vt 0.396307 0.452896
vt 0.401040 0.441461
vt 0.551767 0.533996
vt 0.555245 0.532046
vt 0.556373 0.531151
vt 0.412617 0.397547
vt 0.411543 0.398223
vt 0.409024 0.400349
vt 0.559269 0.531431
vt 0.415927 0.398544
vt 0.553568 0.553118
vt 0.414139 0.420223
vt 0.415153 0.418728
vt 0.554787 0.551435
vt 0.417480 0.412126
vt 0.558177 0.544461
vt 0.544309 0.540122
vt 0.403979 0.406940
vt 0.397721 0.417609
vt 0.392789 0.429097
vt 0.389316 0.441253
vt 0.387422 0.453904
vt 0.387210 0.466852
vt 0.388756 0.479876
vt 0.392110 0.492734
vt 0.397282 0.505165
vt 0.404241 0.516899
vt 0.412908 0.527663
vt 0.423152 0.537191
vt 0.434795 0.545234
vt 0.447606 0.551573
vt 0.461314 0.556030
vt 0.475611 0.558473
vt 0.490167 0.558833
vt 0.504642 0.557097
vt 0.518699 0.553318
vt 0.532018 0.547605
vt 0.430606 0.513964
vt 0.423828 0.505851
vt 0.425968 0.520213
vt 0.432572 0.528217
vt 0.418306 0.496957
vt 0.420580 0.511435
vt 0.414113 0.487479
vt 0.416481 0.502075
vt 0.411289 0.477614
vt 0.413709 0.492326
vt 0.409843 0.467556
vt 0.412276 0.482381
vt 0.409755 0.457490
vt 0.412164 0.472424
vt 0.410982 0.447593
vt 0.413332 0.462626
vt 0.413461 0.438023
vt 0.415722 0.453146
vt 0.417111 0.428924
vt 0.419255 0.444129
vt 0.423841 0.435703
vt 0.421839 0.420426
vt 0.423162 0.418621
vt 0.425384 0.416743
vt 0.425125 0.433912
vt 0.427077 0.430362
vt 0.427810 0.419515
vt 0.428152 0.422350
vt 0.427058 0.417093
vt 0.428198 0.426466
vt 0.536725 0.529052
vt 0.537941 0.525636
vt 0.538143 0.523010
vt 0.537378 0.520367
vt 0.535558 0.520028
vt 0.534655 0.532640
vt 0.531706 0.535877
vt 0.529796 0.537423
vt 0.532639 0.521732
vt 0.530674 0.523300
vt 0.520656 0.542922
vt 0.521267 0.528880
vt 0.510806 0.547106
vt 0.511127 0.533126
vt 0.500450 0.549867
vt 0.500464 0.535929
vt 0.489505 0.537214
vt 0.489809 0.551133
vt 0.478489 0.536948
vt 0.479113 0.550871
vt 0.467657 0.535138
vt 0.468593 0.549088
vt 0.457244 0.531831
vt 0.458477 0.545830
vt 0.448978 0.541182
vt 0.447470 0.527114
vt 0.438533 0.521109
vt 0.440287 0.535263
vt 0.420769 0.353079
vt 0.421210 0.357539
vt 0.570921 0.488712
vt 0.571352 0.484334
vt 0.507747 0.347533
vt 0.519283 0.350448
vt 0.530416 0.354679
vt 0.541002 0.360194
vt 0.550893 0.366951
vt 0.559941 0.374892
vt 0.567999 0.383945
vt 0.574918 0.394019
vt 0.580554 0.405003
vt 0.584768 0.416764
vt 0.587432 0.429147
vt 0.588433 0.441969
vt 0.587678 0.455024
vt 0.585102 0.468083
vt 0.580672 0.480895
vt 0.575883 0.490287
vt 0.430183 0.363010
vt 0.438088 0.358165
vt 0.449035 0.353085
vt 0.460439 0.349301
vt 0.472156 0.346842
vt 0.484041 0.345724
vt 0.495952 0.345955
vt 0.577141 0.466922
vt 0.578785 0.463120
vt 0.425339 0.337826
vt 0.421250 0.347611
vt 0.572625 0.478570
vt 0.574474 0.492459
vt 0.571263 0.492083
vt 0.422592 0.361389
vt 0.427677 0.363750
vt 0.435895 0.330722
vt 0.427830 0.335485
vt 0.583658 0.453791
vt 0.588213 0.440884
vt 0.590839 0.427742
vt 0.591574 0.414619
vt 0.590489 0.401744
vt 0.587684 0.389324
vt 0.583278 0.377538
vt 0.577408 0.366543
vt 0.570219 0.356468
vt 0.561861 0.347421
vt 0.552487 0.339490
vt 0.542250 0.332747
vt 0.531304 0.327245
vt 0.519798 0.323026
vt 0.507880 0.320121
vt 0.495697 0.318548
vt 0.483394 0.318318
vt 0.471116 0.319432
vt 0.459009 0.321883
vt 0.447219 0.325655
vt 0.440140 0.369000
vt 0.438825 0.365595
vt 0.438518 0.362326
vt 0.439141 0.358183
vt 0.447220 0.367962
vt 0.445319 0.369150
vt 0.443825 0.351445
vt 0.445780 0.350252
vt 0.440915 0.354375
vt 0.442318 0.370113
vt 0.454853 0.346064
vt 0.456046 0.363793
vt 0.464333 0.342939
vt 0.465272 0.360681
vt 0.474091 0.340905
vt 0.474772 0.358656
vt 0.484001 0.339980
vt 0.484420 0.357734
vt 0.493934 0.340171
vt 0.494093 0.357924
vt 0.503763 0.341477
vt 0.503664 0.359225
vt 0.513361 0.343887
vt 0.513009 0.361625
vt 0.522601 0.347379
vt 0.522003 0.365102
vt 0.531356 0.351922
vt 0.530521 0.369625
vt 0.538440 0.375149
vt 0.539499 0.357473
vt 0.546905 0.363976
vt 0.545637 0.381618
vt 0.553449 0.371364
vt 0.551992 0.388963
vt 0.559012 0.379551
vt 0.557388 0.397099
vt 0.563479 0.388438
vt 0.561713 0.405926
vt 0.566744 0.397909
vt 0.564867 0.415326
vt 0.568712 0.407830
vt 0.566756 0.425167
vt 0.569302 0.418048
vt 0.567307 0.435296
vt 0.568454 0.428397
vt 0.566460 0.445546
vt 0.566131 0.438692
vt 0.564181 0.455737
vt 0.562322 0.448738
vt 0.560464 0.465675
vt 0.561119 0.450927
vt 0.559043 0.455258
vt 0.559293 0.467839
vt 0.557466 0.470264
vt 0.556398 0.470214
vt 0.556509 0.467762
vt 0.556829 0.464651
vt 0.557461 0.459913
vt 0.480245 0.477747
vt 0.407828 0.317101
vt 0.407248 0.311951
vt 0.567540 0.446373
vt 0.567100 0.451504
vt 0.557119 0.472692
vt 0.548149 0.479625
vt 0.534717 0.487312
vt 0.520136 0.493188
vt 0.504730 0.497079
vt 0.488856 0.498867
vt 0.472895 0.498497
vt 0.457228 0.495980
vt 0.442227 0.491393
vt 0.428235 0.484875
vt 0.415553 0.476617
vt 0.404434 0.466850
vt 0.395073 0.455838
vt 0.387605 0.443861
vt 0.382109 0.431201
vt 0.378611 0.418140
vt 0.377087 0.404942
vt 0.377476 0.391853
vt 0.379683 0.379097
vt 0.383589 0.366869
vt 0.389057 0.355340
vt 0.395937 0.344654
vt 0.402021 0.337386
vt 0.400247 0.304295
vt 0.398077 0.305669
vt 0.562317 0.439881
vt 0.566995 0.441996
vt 0.405656 0.307299
vt 0.560038 0.469624
vt 0.403847 0.334207
vt 0.565654 0.457825
vt 0.407488 0.323216
vt 0.550152 0.448064
vt 0.559360 0.441182
vt 0.391823 0.312789
vt 0.384617 0.323433
vt 0.378867 0.334931
vt 0.374730 0.347139
vt 0.372353 0.359890
vt 0.371863 0.372990
vt 0.373365 0.386217
vt 0.376928 0.399324
vt 0.382583 0.412044
vt 0.390306 0.424094
vt 0.400022 0.435184
vt 0.411591 0.445030
vt 0.424810 0.453363
vt 0.439416 0.459945
vt 0.455092 0.464579
vt 0.471474 0.467123
vt 0.488171 0.467498
vt 0.504776 0.465690
vt 0.520887 0.461758
vt 0.536126 0.455823
vt 0.418303 0.424784
vt 0.410459 0.416146
vt 0.413402 0.435895
vt 0.421015 0.444441
vt 0.404128 0.406707
vt 0.407245 0.426550
vt 0.399386 0.396681
vt 0.402619 0.416617
vt 0.396268 0.386283
vt 0.399562 0.406308
vt 0.398073 0.395827
vt 0.394774 0.375722
vt 0.398122 0.385370
vt 0.394868 0.365192
vt 0.399651 0.375116
vt 0.396487 0.354876
vt 0.402581 0.365229
vt 0.399548 0.344937
vt 0.406812 0.355856
vt 0.403946 0.335521
vt 0.412235 0.347123
vt 0.409567 0.326754
vt 0.411126 0.324895
vt 0.413759 0.323230
vt 0.413742 0.345270
vt 0.416013 0.341359
vt 0.416722 0.327748
vt 0.417177 0.331517
vt 0.415770 0.324254
vt 0.417286 0.336722
vt 0.543087 0.444511
vt 0.544558 0.439934
vt 0.544838 0.436308
vt 0.543990 0.432519
vt 0.534961 0.454301
vt 0.537192 0.452643
vt 0.538481 0.433080
vt 0.536175 0.434758
vt 0.541890 0.431516
vt 0.540644 0.448942
vt 0.524259 0.460206
vt 0.525108 0.440736
vt 0.512701 0.464707
vt 0.513147 0.445293
vt 0.500529 0.467681
vt 0.500548 0.448305
vt 0.488013 0.469045
vt 0.487590 0.449687
vt 0.475433 0.468762
vt 0.474565 0.449401
vt 0.463073 0.466841
vt 0.461771 0.447454
vt 0.451207 0.463334
vt 0.449495 0.443902
vt 0.440094 0.458337
vt 0.438004 0.438843
vt 0.427539 0.432414
vt 0.429964 0.451984
vt 0.484216 0.450136
vt 0.468088 0.450136
vt 0.451954 0.450136
vt 0.435814 0.450136
vt 0.419670 0.450136
vt 0.403521 0.450136
vt 0.387368 0.450136
vt 0.371211 0.450136
vt 0.355052 0.450136
vt 0.338890 0.450136
vt 0.322726 0.450136
vt 0.306562 0.450136
vt 0.290398 0.450136
vt 0.274235 0.450136
vt 0.258073 0.450136
vt 0.241914 0.450136
vt 0.225757 0.450136
vt 0.209604 0.450136
vt 0.193455 0.450136
vt 0.177311 0.450136
vt 0.161171 0.450136
vt 0.145037 0.450136
vt 0.128909 0.450136
vt 0.487975 0.470846
vt 0.487452 0.470548
vt 0.504000 0.470802
vt 0.504531 0.470501
vt 0.485209 0.549561
vt 0.484535 0.550017
vt 0.504921 0.549510
vt 0.505584 0.549963
vt 0.429755 0.574583
vt 0.430366 0.574178
vt 0.562333 0.574250
vt 0.561729 0.573848
vt 0.564048 0.586506
vt 0.563544 0.586934
vt 0.427823 0.586844
vt 0.428319 0.587270
vt 0.556612 0.586995
vt 0.554388 0.573422
vt 0.554985 0.573824
vt 0.437107 0.574120
vt 0.435750 0.587723
vt 0.435247 0.587296
vt 0.488180 0.542482
vt 0.488680 0.542805
vt 0.504458 0.542440
vt 0.503953 0.542765
vt 0.487880 0.535804
vt 0.488364 0.536072
vt 0.504877 0.535760
vt 0.504389 0.536031
vt 0.485790 0.626173
vt 0.486414 0.625705
vt 0.485216 0.625870
vt 0.505360 0.626126
vt 0.505959 0.625820
vt 0.504744 0.625661
vt 0.484906 0.636290
vt 0.484892 0.636185
vt 0.485516 0.635766
vt 0.506084 0.636255
vt 0.505464 0.635718
vt 0.506080 0.636135
vt 0.446021 0.552019
vt 0.440752 0.556868
vt 0.451970 0.547724
vt 0.458491 0.544030
vt 0.465509 0.540954
vt 0.472900 0.538536
vt 0.480573 0.536790
vt 0.519812 0.538415
vt 0.512168 0.536709
vt 0.527162 0.540795
vt 0.534127 0.543835
vt 0.540585 0.547497
vt 0.546460 0.551762
vt 0.551645 0.556586
vt 0.553189 0.613032
vt 0.557710 0.606833
vt 0.557143 0.607218
vt 0.552657 0.613364
vt 0.547483 0.618788
vt 0.547009 0.619061
vt 0.540695 0.623943
vt 0.540279 0.624173
vt 0.532934 0.628374
vt 0.532581 0.628568
vt 0.524336 0.631967
vt 0.524180 0.632080
vt 0.515088 0.634618
vt 0.514634 0.634816
vt 0.466713 0.632105
vt 0.475912 0.634712
vt 0.476112 0.634846
vt 0.467000 0.632264
vt 0.458180 0.628553
vt 0.458548 0.628746
vt 0.450500 0.624160
vt 0.450931 0.624388
vt 0.443807 0.619038
vt 0.444294 0.619310
vt 0.438206 0.613311
vt 0.438749 0.613640
vt 0.433797 0.607136
vt 0.434374 0.607518
vt 0.433839 0.606429
vt 0.433203 0.605924
vt 0.552449 0.557561
vt 0.487582 0.467011
vt 0.504484 0.466964
vt 0.336436 0.413929
vt 0.354217 0.413929
vt 0.747554 0.413179
vt 0.726891 0.418363
vt 0.724909 0.419065
vt 0.744582 0.413929
vt 0.750120 0.403624
vt 0.728817 0.403624
vt 0.726891 0.404227
vt 0.747554 0.404227
vt 0.356724 0.403510
vt 0.337914 0.403481
vt 0.505657 0.555462
vt 0.484333 0.555517
vt 0.255296 0.574679
vt 0.274262 0.574679
vt 0.640098 0.574679
vt 0.660505 0.569494
vt 0.662491 0.568792
vt 0.643087 0.573929
vt 0.255670 0.584348
vt 0.274714 0.584376
vt 0.274262 0.583630
vt 0.255296 0.583630
vt 0.637521 0.584234
vt 0.658573 0.584234
vt 0.660505 0.583630
vt 0.640098 0.583630
vt 0.949626 0.481935
vt 0.826163 0.481935
vt 0.831544 0.482012
vt 0.944130 0.482012
vt 0.442637 0.482012
vt 0.555437 0.482012
vt 0.555437 0.505846
vt 0.442637 0.505846
vt 0.437120 0.505923
vt 0.560837 0.505923
vt 0.826163 0.505922
vt 0.949626 0.505922
vt 0.944130 0.505845
vt 0.831544 0.505845
vt 0.560837 0.481935
vt 0.437120 0.481935
vt 0.276181 0.413929
vt 0.258148 0.413929
vt 0.337843 0.584234
vt 0.356640 0.584234
vt 0.414719 0.584234
vt 0.416014 0.583630
vt 0.568962 0.584234
vt 0.573140 0.583630
vt 0.728817 0.584234
vt 0.750142 0.584262
vt 0.818839 0.584291
vt 0.814672 0.583630
vt 0.971103 0.584319
vt 0.969871 0.583630
vt 0.197353 0.584319
vt 0.196121 0.583630
vt 0.416014 0.574679
vt 0.412068 0.573929
vt 0.573140 0.574679
vt 0.576901 0.573929
vt 0.744582 0.573929
vt 0.724909 0.568792
vt 0.814672 0.574679
vt 0.810997 0.573929
vt 0.969871 0.574679
vt 0.973738 0.573929
vt 0.196121 0.574679
vt 0.199988 0.573929
vt 1.185818 0.573929
vt 0.662491 0.419065
vt 0.643087 0.413929
vt 0.576901 0.413929
vt 0.810997 0.413929
vt 1.185818 0.413929
vt 0.973738 0.413929
vt 0.412068 0.413929
vt 0.199988 0.413929
vt 0.658573 0.403624
vt 0.637499 0.403595
vt 0.640098 0.404227
vt 0.660505 0.404227
vt 0.568911 0.403567
vt 0.573140 0.404227
vt 0.414803 0.403538
vt 0.416014 0.404227
vt 0.274785 0.403624
vt 0.255753 0.403624
vt 0.197435 0.403624
vt 0.196121 0.404227
vt 0.971185 0.403624
vt 0.818790 0.403624
vt 0.814672 0.404227
vt 0.969871 0.404227
vt 0.196121 0.413179
vt 0.969871 0.413179
vt 0.814672 0.413179
vt 0.660505 0.418363
vt 0.640098 0.413179
vt 0.573140 0.413179
vt 0.416014 0.413179
vt 0.484133 0.619967
vt 0.507531 0.619917
vt 0.482374 0.542534
vt 0.508012 0.542468
vt 0.507702 0.526420
vt 0.483057 0.526484
vt 0.735985 0.557665
vt 1.036342 0.557665
vt 1.036342 0.528890
vt 0.735985 0.528890
vt 0.508110 0.526877
vt 0.507695 0.526610
vt 0.350022 0.557665
vt 0.348260 0.557665
vt 0.348720 0.558165
vt 0.482369 0.543295
vt 0.481954 0.543006
vt 0.482654 0.526944
vt 0.483076 0.526675
vt 0.508438 0.542937
vt 0.508016 0.543229
vt 0.734723 0.558165
vt 1.037639 0.558165
vt 0.652653 0.558165
vt 0.733375 0.558165
vt 0.651388 0.528890
vt 0.350022 0.528890
vt 0.651388 0.557665
vt 0.484211 0.505488
vt 0.484190 0.505486
vt 0.473297 0.505117
vt 0.652653 0.528390
vt 0.348720 0.528390
vt 0.128914 0.505488
vt 0.128935 0.505487
vt 0.483367 0.619967
vt 0.484013 0.618678
vt 0.483587 0.618679
vt 0.507695 0.618620
vt 0.508756 0.618926
vt 0.508434 0.600882
vt 0.507795 0.600412
vt 0.508091 0.618297
vt 0.507660 0.600293
vt 0.507404 0.600114
vt 0.483968 0.600351
vt 0.483183 0.600944
vt 0.483810 0.600471
vt 0.484207 0.600171
vt 0.482531 0.619276
vt 0.483197 0.618357
vt 1.037639 0.528390
vt 0.734723 0.528390
vt 0.677969 0.513074
vt 0.624416 0.513074
vt 0.624416 0.527640
vt 0.677828 0.527640
vt 0.677969 0.527245
vt 0.710888 0.528390
vt 1.122470 0.528390
vt 0.675847 0.528390
vt 0.605880 0.528390
vt 0.780501 0.528390
vt 0.708905 0.527640
vt 0.761948 0.527640
vt 0.761948 0.513074
vt 0.708765 0.513074
vt 0.708765 0.527245
vt 0.627553 0.527640
vt 0.627553 0.513074
vt 0.758746 0.513074
vt 0.758746 0.527640
vt 0.491117 0.600333
vt 0.491101 0.600154
vt 0.538846 0.584643
vt 0.537817 0.585663
vt 0.536524 0.586505
vt 0.535017 0.587135
vt 0.533355 0.587525
vt 0.531606 0.587659
vt 0.529839 0.587533
vt 0.528125 0.587152
vt 0.526532 0.586530
vt 0.525123 0.585695
vt 0.523953 0.584680
vt 0.523067 0.583526
vt 0.522497 0.582280
vt 0.522262 0.580990
vt 0.469710 0.581122
vt 0.469452 0.582412
vt 0.468860 0.583661
vt 0.467953 0.584819
vt 0.466766 0.585840
vt 0.465343 0.586682
vt 0.463739 0.587312
vt 0.462018 0.587702
vt 0.460249 0.587837
vt 0.458503 0.587710
vt 0.456849 0.587329
vt 0.455354 0.586707
vt 0.454076 0.585872
vt 0.453065 0.584856
vt 0.491293 0.590976
vt 0.500687 0.590953
vt 0.500701 0.600310
vt 0.500701 0.600131
vt 0.632291 0.512324
vt 0.754033 0.512324
vt 0.492416 0.590802
vt 0.491840 0.591235
vt 0.499551 0.590785
vt 0.500119 0.591215
vt 0.706667 0.512324
vt 0.491694 0.599538
vt 0.491687 0.599452
vt 0.680066 0.512324
vt 0.500121 0.599517
vt 0.500121 0.599431
vt 0.469625 0.579839
vt 0.469205 0.578614
vt 0.468468 0.577491
vt 0.522369 0.579707
vt 0.522811 0.578479
vt 0.523568 0.577353
vt 0.591609 0.537215
vt 0.594989 0.542538
vt 0.593079 0.545006
vt 0.589363 0.539154
vt 0.614209 0.482570
vt 0.608906 0.483245
vt 0.608379 0.479822
vt 0.614209 0.479080
vt 0.629309 0.488490
vt 0.624610 0.485244
vt 0.625644 0.482020
vt 0.630810 0.485588
vt 0.383291 0.524552
vt 0.384838 0.531141
vt 0.382343 0.532477
vt 0.380643 0.525233
vt 0.619511 0.483245
vt 0.620038 0.479822
vt 0.633428 0.492859
vt 0.635338 0.490391
vt 0.640867 0.524552
vt 0.641389 0.517698
vt 0.644089 0.517698
vt 0.643515 0.525233
vt 0.425050 0.546906
vt 0.429169 0.542538
vt 0.431079 0.545006
vt 0.426551 0.549809
vt 0.599108 0.546906
vt 0.597607 0.549809
vt 0.594989 0.492859
vt 0.591609 0.498182
vt 0.589363 0.496243
vt 0.593079 0.490391
vt 0.432549 0.537215
vt 0.434795 0.539154
vt 0.388248 0.536439
vt 0.385836 0.530607
vt 0.633428 0.542538
vt 0.636808 0.537215
vt 0.639054 0.539154
vt 0.635338 0.545006
vt 0.387350 0.498182
vt 0.384838 0.504256
vt 0.382343 0.502920
vt 0.385104 0.496243
vt 0.437130 0.517699
vt 0.436608 0.510845
vt 0.439256 0.510164
vt 0.439831 0.517698
vt 0.629309 0.546906
vt 0.630810 0.549809
vt 0.639320 0.504256
vt 0.636808 0.498182
vt 0.639054 0.496243
vt 0.641815 0.502920
vt 0.624610 0.550153
vt 0.625643 0.553377
vt 0.435061 0.504255
vt 0.437556 0.502920
vt 0.409950 0.482570
vt 0.404647 0.483245
vt 0.404120 0.479822
vt 0.409950 0.479080
vt 0.587028 0.517699
vt 0.587550 0.524552
vt 0.584902 0.525233
vt 0.584327 0.517698
vt 0.399548 0.485244
vt 0.398515 0.482020
vt 0.587550 0.510845
vt 0.584902 0.510164
vt 0.394849 0.488490
vt 0.393349 0.485588
vt 0.640867 0.510845
vt 0.643515 0.510164
vt 0.589097 0.504255
vt 0.586602 0.502920
vt 0.390730 0.492859
vt 0.388820 0.490391
vt 0.588610 0.511118
vt 0.590095 0.504790
vt 0.603807 0.550153
vt 0.602773 0.553377
vt 0.394849 0.546906
vt 0.399548 0.550153
vt 0.398515 0.553377
vt 0.393349 0.549809
vt 0.383291 0.510845
vt 0.380643 0.510164
vt 0.404647 0.552152
vt 0.404120 0.555575
vt 0.382769 0.517698
vt 0.380069 0.517698
vt 0.415252 0.483245
vt 0.415779 0.479822
vt 0.589097 0.531141
vt 0.586602 0.532477
vt 0.409950 0.552827
vt 0.415252 0.552152
vt 0.415779 0.555575
vt 0.409950 0.556317
vt 0.420351 0.550153
vt 0.421385 0.553377
vt 0.432549 0.498182
vt 0.429169 0.492859
vt 0.431079 0.490391
vt 0.434795 0.496243
vt 0.387350 0.537215
vt 0.390730 0.542538
vt 0.388820 0.545006
vt 0.385104 0.539154
vt 0.435061 0.531141
vt 0.437556 0.532477
vt 0.599108 0.488490
vt 0.597607 0.485588
vt 0.436608 0.524552
vt 0.439256 0.525233
vt 0.603807 0.485244
vt 0.602774 0.482020
vt 0.639320 0.531141
vt 0.641815 0.532477
vt 0.619511 0.552152
vt 0.620038 0.555575
vt 0.425050 0.488490
vt 0.420351 0.485244
vt 0.421384 0.482020
vt 0.426551 0.485588
vt 0.614209 0.552827
vt 0.614209 0.556317
vt 0.608906 0.552152
vt 0.608379 0.555575
vt 0.592316 0.545993
vt 0.588465 0.539929
vt 0.608168 0.478453
vt 0.614209 0.477684
vt 0.626057 0.480730
vt 0.631410 0.484428
vt 0.381345 0.533011
vt 0.379583 0.525505
vt 0.620249 0.478453
vt 0.636101 0.489404
vt 0.645170 0.517698
vt 0.644575 0.525505
vt 0.431843 0.545993
vt 0.427151 0.550969
vt 0.597007 0.550969
vt 0.588465 0.495468
vt 0.592316 0.489404
vt 0.435693 0.539929
vt 0.583842 0.509892
vt 0.585604 0.502385
vt 0.639952 0.539929
vt 0.636101 0.545993
vt 0.381345 0.502386
vt 0.384206 0.495468
vt 0.440316 0.509892
vt 0.440911 0.517698
vt 0.631410 0.550969
vt 0.639952 0.495468
vt 0.642813 0.502386
vt 0.626057 0.554667
vt 0.438554 0.502385
vt 0.403909 0.478453
vt 0.409950 0.477684
vt 0.583842 0.525505
vt 0.583247 0.517698
vt 0.398101 0.480730
vt 0.392748 0.484428
vt 0.388057 0.489404
vt 0.435693 0.495468
vt 0.602360 0.554667
vt 0.398101 0.554667
vt 0.392748 0.550969
vt 0.379583 0.509892
vt 0.403909 0.556944
vt 0.378988 0.517698
vt 0.415990 0.478453
vt 0.585604 0.533011
vt 0.415990 0.556944
vt 0.409950 0.557713
vt 0.421798 0.554667
vt 0.431843 0.489404
vt 0.388057 0.545993
vt 0.384206 0.539929
vt 0.438554 0.533011
vt 0.597007 0.484428
vt 0.440316 0.525505
vt 0.602360 0.480730
vt 0.644575 0.509892
vt 0.642813 0.533011
vt 0.620249 0.556944
vt 0.421798 0.480730
vt 0.427151 0.484428
vt 0.614209 0.557713
vt 0.608168 0.556944
vt 0.639807 0.511118
vt 0.640309 0.517698
vt 0.638322 0.530607
vt 0.635910 0.536439
vt 0.632664 0.541551
vt 0.628709 0.545746
vt 0.624197 0.548863
vt 0.619300 0.550782
vt 0.614209 0.551431
vt 0.609117 0.550782
vt 0.604220 0.548863
vt 0.599708 0.545746
vt 0.595753 0.541551
vt 0.592507 0.536439
vt 0.590095 0.530607
vt 0.588610 0.524279
vt 0.588108 0.517699
vt 0.592507 0.498958
vt 0.595753 0.493846
vt 0.599708 0.489651
vt 0.604220 0.486534
vt 0.609117 0.484615
vt 0.614209 0.483966
vt 0.619300 0.484615
vt 0.624197 0.486534
vt 0.628709 0.489651
vt 0.632664 0.493846
vt 0.635910 0.498958
vt 0.638322 0.504790
vt 0.639807 0.524279
vt 0.383849 0.517698
vt 0.384351 0.511118
vt 0.384351 0.524279
vt 0.391494 0.541551
vt 0.395449 0.545746
vt 0.399961 0.548863
vt 0.404858 0.550782
vt 0.409950 0.551431
vt 0.415041 0.550782
vt 0.419938 0.548863
vt 0.424450 0.545746
vt 0.428405 0.541551
vt 0.431651 0.536439
vt 0.434063 0.530607
vt 0.435548 0.524279
vt 0.436050 0.517699
vt 0.435548 0.511118
vt 0.434063 0.504790
vt 0.431651 0.498958
vt 0.428405 0.493846
vt 0.424450 0.489651
vt 0.419938 0.486534
vt 0.415041 0.484615
vt 0.409950 0.483966
vt 0.404858 0.484615
vt 0.399961 0.486534
vt 0.395449 0.489651
vt 0.391494 0.493846
vt 0.388248 0.498958
vt 0.385836 0.504790
s 0
usemtl Kabel-Metal
f 7/1/1 22/2/1 201/2/1 186/3/1
f 27/4/1 11/5/1 192/5/1 208/4/1
f 18/6/2 13/7/2 12/8/2 19/9/2
f 30/10/3 32/11/3 211/11/3 209/10/3
f 26/12/1 27/4/1 208/4/1 205/12/1
f 24/13/1 26/12/1 205/12/1 203/13/1
f 38/14/1 160/15/1 341/16/1 219/17/1
f 15/18/1 48/19/1 228/20/1 193/21/1
f 50/22/4 67/23/4 248/24/4 229/25/4
f 79/26/5 96/27/5 275/27/5 260/26/5
f 84/28/6 115/29/6 113/30/6 111/31/6 109/32/6 107/33/6 105/34/6 104/35/6 127/36/6 125/37/6 123/38/6 121/39/6 119/40/6 117/41/6 87/42/6 55/43/6 47/44/6
f 66/45/1 64/46/1 171/47/1 174/48/1
f 56/49/7 77/50/7 258/51/7 235/52/7
f 71/53/4 52/54/4 233/55/4 250/56/4
f 49/57/6 53/58/6 2/59/6 90/60/6 151/61/6 149/62/6 147/63/6 145/64/6 143/65/6 141/66/6 139/67/6 137/68/6 135/69/6 91/70/6 1/71/6
f 89/72/8 100/73/8 279/73/8 270/74/8
f 49/75/6 1/71/6 65/76/6 68/77/6
f 61/78/7 46/79/7 227/80/7 240/78/7
f 76/81/3 74/82/3 181/83/3 184/84/3
f 44/85/6 57/86/6 41/87/6 39/88/6
f 82/89/6 133/90/6 131/91/6 129/92/6 93/93/6 2/59/6 73/94/6 75/95/6
f 67/24/4 173/96/4 354/97/4 248/23/4
f 167/98/7 61/78/7 240/78/7 346/99/7
f 77/51/7 183/100/7 364/101/7 258/50/7
f 177/102/4 71/56/4 250/53/4 356/103/4
f 1/71/6 80/104/6 157/105/6 155/106/6 153/107/6 85/108/6 63/109/6 65/110/6
f 196/111/9 200/112/9 191/113/9 195/114/9
f 191/115/10 200/116/10 210/117/10 207/118/10
f 194/119/11 230/120/11 232/121/11 197/122/11
f 217/123/4 340/124/4 344/125/4 220/126/4
f 207/127/7 210/128/7 212/129/7 206/130/7
f 206/130/7 212/129/7 214/131/7 204/132/7
f 226/133/12 223/85/12 238/86/12 236/134/12
f 204/135/7 214/131/7 215/136/7 202/137/7
f 4/59/12 252/138/12 251/139/12 232/140/12
f 274/93/12 4/59/12 269/60/12 280/141/12 282/142/12
f 263/28/12 226/143/12 236/144/12 268/145/12 298/146/12 300/147/12 302/148/12 304/149/12 306/150/12 308/151/12 283/152/12 286/153/12 288/154/12 290/32/12 292/155/12 294/156/12 296/29/12
f 246/157/3 353/158/3 350/159/3 245/160/3
f 243/161/3 348/162/3 347/163/3 239/164/3
f 236/165/12 257/166/12 254/167/12 261/168/12 268/42/12
f 230/57/12 3/71/12 272/70/12 316/169/12 318/170/12 320/171/12 322/172/12 324/173/12 326/174/12 328/175/12 330/176/12 332/177/12 269/178/12 4/59/12 232/179/12
f 230/180/12 247/181/12 244/182/12 3/71/12
f 266/183/12 242/184/12 241/185/12 226/186/12 263/28/12
f 256/187/1 363/188/1 360/189/1 255/190/1
f 223/85/12 218/191/12 222/192/12 238/86/12
f 261/168/12 254/193/12 252/138/12 4/59/12 274/93/12 310/194/12 312/195/12 314/196/12
f 253/197/1 358/198/1 357/199/1 249/200/1
f 245/160/3 350/159/3 348/162/3 243/201/3
f 3/71/12 259/104/12 276/202/12 278/203/12 272/70/12
f 255/190/1 360/204/1 358/198/1 253/197/1
f 3/71/12 244/182/12 242/205/12 266/183/12 334/206/12 336/207/12 338/208/12 259/209/12
f 12/210/13 28/211/13 29/212/13 19/213/13
f 51/214/3 16/215/3 198/215/3 231/216/3
f 21/217/4 6/218/4 10/219/4 36/220/4
f 14/221/14 17/222/14 53/223/14 49/224/14
f 11/225/15 15/18/15 193/18/15 192/226/15
f 35/227/3 9/228/3 190/229/3 216/227/3
f 23/230/4 21/231/4 36/232/4 33/233/4
f 25/234/4 23/230/4 33/235/4 31/236/4
f 28/237/4 25/238/4 31/236/4 29/239/4
f 22/2/1 24/13/1 203/13/1 201/2/1
f 32/11/3 34/240/3 213/240/3 211/11/3
f 34/240/3 35/227/3 216/227/3 213/240/3
f 37/241/7 40/242/7 163/243/7 161/244/7
f 16/245/16 20/246/16 199/246/16 198/247/16
f 164/248/3 42/249/3 221/249/3 343/250/3
f 42/249/3 58/251/3 237/252/3 221/249/3
f 47/133/6 55/253/6 57/86/6 44/85/6
f 20/246/3 30/10/3 209/10/3 199/246/3
f 62/254/1 59/255/1 166/256/1 169/257/1
f 58/252/3 54/258/3 234/258/3 237/251/3
f 55/259/6 87/145/6 82/89/6 75/260/6 78/261/6
f 2/59/6 53/262/6 70/263/6 73/264/6
f 85/108/6 84/28/6 47/265/6 60/266/6 63/267/6
f 158/268/5 79/26/5 260/26/5 337/268/5
f 100/73/17 102/269/17 281/269/17 279/73/17
f 92/270/18 136/271/18 315/272/18 271/270/18
f 152/273/8 89/74/8 270/72/8 331/273/8
f 103/274/19 106/275/19 285/275/19 284/274/19
f 94/276/20 130/277/20 309/277/20 273/278/20
f 116/279/21 83/280/21 264/280/21 295/279/21
f 134/281/22 81/282/22 262/282/22 313/281/22
f 128/283/23 103/274/23 284/274/23 307/283/23
f 108/284/24 110/285/24 289/285/24 287/284/24
f 110/285/25 112/286/25 291/286/25 289/285/25
f 112/286/26 114/287/26 293/287/26 291/286/26
f 114/287/27 116/279/27 295/279/27 293/287/27
f 118/288/28 120/289/28 299/289/28 297/290/28
f 86/291/21 154/292/21 333/292/21 265/291/21
f 93/93/6 101/142/6 99/141/6 90/178/6 2/59/6
f 120/289/29 122/293/29 301/293/29 299/289/29
f 122/293/30 124/294/30 303/294/30 301/293/30
f 124/294/31 126/295/31 305/295/31 303/294/31
f 126/295/32 128/283/32 307/283/32 305/295/32
f 130/277/33 132/296/33 311/297/33 309/277/33
f 106/275/34 108/284/34 287/284/34 285/275/34
f 96/27/35 98/298/35 277/298/35 275/27/35
f 132/297/36 134/281/36 313/281/36 311/296/36
f 136/272/37 138/299/37 317/299/37 315/271/37
f 83/280/21 86/291/21 265/291/21 264/280/21
f 102/269/20 94/278/20 273/276/20 281/269/20
f 138/299/38 140/300/38 319/301/38 317/299/38
f 140/301/39 142/302/39 321/302/39 319/300/39
f 142/302/40 144/303/40 323/303/40 321/302/40
f 144/303/41 146/304/41 325/304/41 323/303/41
f 146/304/42 148/305/42 327/305/42 325/304/42
f 148/305/43 150/306/43 329/306/43 327/305/43
f 150/306/44 152/273/44 331/273/44 329/306/44
f 154/292/45 156/307/45 335/307/45 333/292/45
f 98/298/18 92/270/18 271/270/18 277/298/18
f 88/308/22 118/290/22 297/288/22 267/309/22
f 156/307/46 158/268/46 337/268/46 335/307/46
f 159/310/12 162/311/12 342/311/12 339/312/12
f 81/282/22 88/309/22 267/308/22 262/282/22
f 168/313/12 165/314/12 345/314/12 349/313/12
f 43/315/1 38/17/1 219/14/1 224/315/1
f 45/316/1 43/315/1 224/315/1 225/316/1
f 170/317/12 168/313/12 349/313/12 351/317/12
f 172/318/12 170/317/12 351/317/12 352/319/12
f 178/320/12 175/321/12 355/322/12 359/320/12
f 180/323/12 178/320/12 359/320/12 361/323/12
f 182/324/12 180/323/12 361/323/12 362/324/12
f 202/325/7 215/136/7 189/326/7 187/327/7
f 72/328/3 69/329/3 176/330/3 179/331/3
f 64/46/1 62/254/1 169/332/1 171/333/1
f 1/71/6 91/70/6 97/334/6 95/335/6 80/209/6
f 74/336/3 72/328/3 179/331/3 181/337/3
f 5/338/47 6/218/47 7/1/47
f 8/339/48 9/228/48 10/219/48
f 13/7/49 14/221/49 15/18/49
f 16/215/50 17/222/50 18/6/50
f 37/241/51 38/17/51 39/88/51
f 40/242/52 41/87/52 42/249/52
f 45/316/53 46/79/53 47/133/53
f 48/19/54 49/75/54 50/22/54
f 51/214/55 52/54/55 53/223/55
f 54/258/56 55/259/56 56/49/56
f 59/255/57 60/266/57 61/78/57
f 66/45/58 67/23/58 68/77/58
f 69/329/59 70/263/59 71/56/59
f 76/81/60 77/50/60 78/261/60
f 159/310/61 160/15/61 161/244/61
f 162/311/62 163/243/62 164/248/62
f 165/314/63 166/256/63 167/98/63
f 172/318/64 173/96/64 174/48/64
f 175/321/65 176/330/65 177/102/65
f 182/324/66 183/100/66 184/84/66
f 185/338/67 186/3/67 187/327/67
f 188/339/68 189/326/68 190/229/68
f 193/21/69 194/119/69 195/114/69
f 196/111/70 197/122/70 198/247/70
f 217/123/71 218/191/71 219/17/71
f 220/126/72 221/249/72 222/192/72
f 225/316/73 226/186/73 227/80/73
f 228/20/74 229/25/74 230/120/74
f 231/216/75 232/140/75 233/55/75
f 234/258/76 235/52/76 236/134/76
f 239/164/77 240/78/77 241/185/77
f 246/157/78 247/181/78 248/23/78
f 249/200/79 250/56/79 251/139/79
f 256/187/80 257/166/80 258/50/80
f 339/312/81 340/124/81 341/16/81
f 342/311/82 343/250/82 344/125/82
f 345/314/83 346/99/83 347/163/83
f 352/319/65 353/158/65 354/97/65
f 355/322/64 356/103/64 357/199/64
f 362/324/84 363/188/84 364/101/84
f 12/8/85 13/7/85 15/18/85 11/225/85
f 18/6/86 19/9/86 20/246/86 16/245/86
f 10/219/87 6/218/87 5/338/87 8/339/87
f 28/211/88 12/210/88 11/5/88 27/4/88
f 36/220/89 10/219/89 9/228/89 35/227/89
f 17/222/90 14/221/90 13/7/90 18/6/90
f 6/218/91 21/217/91 22/2/91 7/1/91
f 21/231/92 23/230/92 24/13/92 22/2/92
f 23/230/93 25/234/93 26/12/93 24/13/93
f 25/238/94 28/237/94 27/4/94 26/12/94
f 19/213/95 29/212/95 30/10/95 20/246/95
f 29/239/96 31/236/96 32/11/96 30/10/96
f 31/236/97 33/235/97 34/240/97 32/11/97
f 33/233/98 36/232/98 35/227/98 34/240/98
f 40/242/99 37/241/99 39/88/99 41/87/99
f 48/19/100 15/18/100 14/221/100 49/224/100
f 58/251/101 42/249/101 41/87/101 57/86/101
f 38/17/102 43/315/102 44/85/102 39/88/102
f 43/315/102 45/316/102 47/133/102 44/85/102
f 16/215/103 51/214/103 53/223/103 17/222/103
f 54/258/101 58/252/101 57/86/101 55/253/101
f 59/255/102 62/254/102 63/267/102 60/266/102
f 62/254/102 64/46/102 65/110/102 63/109/102
f 64/46/102 66/45/102 68/77/102 65/76/102
f 69/329/101 72/328/101 73/264/101 70/263/101
f 72/328/101 74/336/101 75/95/101 73/94/101
f 74/82/101 76/81/101 78/261/101 75/260/101
f 77/50/99 56/49/99 55/259/99 78/261/99
f 52/54/104 71/53/104 70/263/104 53/262/104
f 67/23/105 50/22/105 49/75/105 68/77/105
f 46/79/99 61/78/99 60/266/99 47/265/99
f 80/209/106 95/335/106 96/27/106 79/26/106
f 95/335/107 97/334/107 98/298/107 96/27/107
f 97/334/108 91/70/108 92/270/108 98/298/108
f 90/178/109 99/141/109 100/73/109 89/72/109
f 99/141/110 101/142/110 102/269/110 100/73/110
f 101/142/111 93/93/111 94/278/111 102/269/111
f 84/28/112 85/108/112 86/291/112 83/280/112
f 82/89/113 87/145/113 88/309/113 81/282/113
f 104/35/114 105/34/114 106/275/114 103/274/114
f 105/34/115 107/33/115 108/284/115 106/275/115
f 107/33/116 109/32/116 110/285/116 108/284/116
f 109/32/117 111/31/117 112/286/117 110/285/117
f 111/31/118 113/30/118 114/287/118 112/286/118
f 113/30/119 115/29/119 116/279/119 114/287/119
f 115/29/112 84/28/112 83/280/112 116/279/112
f 87/42/113 117/41/113 118/290/113 88/308/113
f 117/41/120 119/40/120 120/289/120 118/288/120
f 119/40/121 121/39/121 122/293/121 120/289/121
f 121/39/122 123/38/122 124/294/122 122/293/122
f 123/38/123 125/37/123 126/295/123 124/294/123
f 125/37/124 127/36/124 128/283/124 126/295/124
f 127/36/125 104/35/125 103/274/125 128/283/125
f 93/93/111 129/92/111 130/277/111 94/276/111
f 129/92/126 131/91/126 132/296/126 130/277/126
f 131/91/127 133/90/127 134/281/127 132/297/127
f 133/90/113 82/89/113 81/282/113 134/281/113
f 91/70/108 135/69/108 136/271/108 92/270/108
f 135/69/128 137/68/128 138/299/128 136/272/128
f 137/68/129 139/67/129 140/300/129 138/299/129
f 139/67/130 141/66/130 142/302/130 140/301/130
f 141/66/131 143/65/131 144/303/131 142/302/131
f 143/65/132 145/64/132 146/304/132 144/303/132
f 145/64/133 147/63/133 148/305/133 146/304/133
f 147/63/134 149/62/134 150/306/134 148/305/134
f 149/62/135 151/61/135 152/273/135 150/306/135
f 151/61/109 90/60/109 89/74/109 152/273/109
f 85/108/112 153/107/112 154/292/112 86/291/112
f 153/107/136 155/106/136 156/307/136 154/292/136
f 155/106/137 157/105/137 158/268/137 156/307/137
f 157/105/106 80/104/106 79/26/106 158/268/106
f 162/311/138 159/310/138 161/244/138 163/243/138
f 160/15/139 38/14/139 37/241/139 161/244/139
f 42/249/140 164/248/140 163/243/140 40/242/140
f 165/314/141 168/313/141 169/257/141 166/256/141
f 168/313/141 170/317/141 171/333/141 169/332/141
f 170/317/141 172/318/141 174/48/141 171/47/141
f 175/321/142 178/320/142 179/331/142 176/330/142
f 178/320/142 180/323/142 181/337/142 179/331/142
f 180/323/142 182/324/142 184/84/142 181/83/142
f 173/96/143 67/24/143 66/45/143 174/48/143
f 61/78/139 167/98/139 166/256/139 59/255/139
f 183/100/140 77/51/140 76/81/140 184/84/140
f 71/56/144 177/102/144 176/330/144 69/329/144
f 192/226/145 193/18/145 195/114/145 191/113/145
f 198/247/146 199/246/146 200/112/146 196/111/146
f 188/339/138 185/338/138 187/327/138 189/326/138
f 208/4/147 192/5/147 191/115/147 207/118/147
f 216/227/148 190/229/148 189/326/148 215/136/148
f 196/111/149 195/114/149 194/119/149 197/122/149
f 186/3/150 201/2/150 202/325/150 187/327/150
f 201/2/151 203/13/151 204/135/151 202/137/151
f 203/13/152 205/12/152 206/130/152 204/132/152
f 205/12/153 208/4/153 207/127/153 206/130/153
f 199/246/154 209/10/154 210/117/154 200/116/154
f 209/10/155 211/11/155 212/129/155 210/128/155
f 211/11/156 213/240/156 214/131/156 212/129/156
f 213/240/157 216/227/157 215/136/157 214/131/157
f 222/192/87 218/191/87 217/123/87 220/126/87
f 230/120/158 194/119/158 193/21/158 228/20/158
f 238/86/142 222/192/142 221/249/142 237/252/142
f 218/191/141 223/85/141 224/315/141 219/14/141
f 223/85/141 226/133/141 225/316/141 224/315/141
f 197/122/159 232/121/159 231/216/159 198/215/159
f 236/134/142 238/86/142 237/251/142 234/258/142
f 241/185/142 242/184/142 243/161/142 239/164/142
f 242/205/142 244/182/142 245/160/142 243/201/142
f 244/182/142 247/181/142 246/157/142 245/160/142
f 251/139/141 252/138/141 253/197/141 249/200/141
f 252/138/141 254/193/141 255/190/141 253/197/141
f 254/167/141 257/166/141 256/187/141 255/190/141
f 257/166/138 236/165/138 235/52/138 258/51/138
f 232/140/160 251/139/160 250/56/160 233/55/160
f 247/181/87 230/180/87 229/25/87 248/24/87
f 226/186/138 241/185/138 240/78/138 227/80/138
f 260/26/161 275/27/161 276/202/161 259/104/161
f 275/27/162 277/298/162 278/203/162 276/202/162
f 277/298/163 271/270/163 272/70/163 278/203/163
f 270/74/164 279/73/164 280/141/164 269/60/164
f 279/73/165 281/269/165 282/142/165 280/141/165
f 281/269/166 273/276/166 274/93/166 282/142/166
f 264/280/167 265/291/167 266/183/167 263/28/167
f 262/282/168 267/308/168 268/42/168 261/168/168
f 284/274/169 285/275/169 286/153/169 283/152/169
f 285/275/170 287/284/170 288/154/170 286/153/170
f 287/284/171 289/285/171 290/32/171 288/154/171
f 289/285/172 291/286/172 292/155/172 290/32/172
f 291/286/173 293/287/173 294/156/173 292/155/173
f 293/287/174 295/279/174 296/29/174 294/156/174
f 295/279/167 264/280/167 263/28/167 296/29/167
f 267/309/168 297/288/168 298/146/168 268/145/168
f 297/290/175 299/289/175 300/147/175 298/146/175
f 299/289/176 301/293/176 302/148/176 300/147/176
f 301/293/177 303/294/177 304/149/177 302/148/177
f 303/294/178 305/295/178 306/150/178 304/149/178
f 305/295/179 307/283/179 308/151/179 306/150/179
f 307/283/180 284/274/180 283/152/180 308/151/180
f 273/278/166 309/277/166 310/194/166 274/93/166
f 309/277/181 311/297/181 312/195/181 310/194/181
f 311/296/182 313/281/182 314/196/182 312/195/182
f 313/281/168 262/282/168 261/168/168 314/196/168
f 271/270/163 315/272/163 316/169/163 272/70/163
f 315/271/183 317/299/183 318/170/183 316/169/183
f 317/299/184 319/301/184 320/171/184 318/170/184
f 319/300/185 321/302/185 322/172/185 320/171/185
f 321/302/186 323/303/186 324/173/186 322/172/186
f 323/303/187 325/304/187 326/174/187 324/173/187
f 325/304/188 327/305/188 328/175/188 326/174/188
f 327/305/189 329/306/189 330/176/189 328/175/189
f 329/306/190 331/273/190 332/177/190 330/176/190
f 331/273/164 270/72/164 269/178/164 332/177/164
f 265/291/167 333/292/167 334/206/167 266/183/167
f 333/292/191 335/307/191 336/207/191 334/206/191
f 335/307/192 337/268/192 338/208/192 336/207/192
f 337/268/161 260/26/161 259/209/161 338/208/161
f 344/125/87 340/124/87 339/312/87 342/311/87
f 340/124/143 217/123/143 219/17/143 341/16/143
f 220/126/144 344/125/144 343/250/144 221/249/144
f 347/163/142 348/162/142 349/313/142 345/314/142
f 348/162/142 350/159/142 351/317/142 349/313/142
f 350/159/142 353/158/142 352/319/142 351/317/142
f 357/199/141 358/198/141 359/320/141 355/322/141
f 358/198/141 360/204/141 361/323/141 359/320/141
f 360/189/141 363/188/141 362/324/141 361/323/141
f 353/158/144 246/157/144 248/23/144 354/97/144
f 239/164/140 347/163/140 346/99/140 240/78/140
f 363/188/139 256/187/139 258/50/139 364/101/139
f 249/200/143 357/199/143 356/103/143 250/53/143
f 7/1/141 186/3/141 185/338/141 5/338/141
f 8/339/142 188/339/142 190/229/142 9/228/142
f 45/316/139 225/316/139 227/80/139 46/79/139
f 50/22/143 229/25/143 228/20/143 48/19/143
f 51/214/144 231/216/144 233/55/144 52/54/144
f 56/49/140 235/52/140 234/258/140 54/258/140
f 159/310/141 339/312/141 341/16/141 160/15/141
f 164/248/142 343/250/142 342/311/142 162/311/142
f 167/98/138 346/99/138 345/314/138 165/314/138
f 172/318/87 352/319/87 354/97/87 173/96/87
f 177/102/87 356/103/87 355/322/87 175/321/87
f 182/324/138 362/324/138 364/101/138 183/100/138
f 8/339/12 5/338/12 185/338/12 188/339/12
s 1
f 401/340/193 399/341/194 528/342/195 531/343/196
f 404/344/197 401/340/193 531/343/196 534/345/198
f 426/346/199 369/347/200 498/348/201 553/349/202
f 409/350/203 407/351/204 536/352/205 538/353/206
f 429/354/207 438/355/208 565/355/209 558/354/210
f 382/356/211 379/357/212 509/358/213 512/359/214
f 378/360/215 404/344/197 534/345/198 505/361/216
f 366/362/217 373/363/218 437/364/219 430/365/220
f 379/357/212 378/360/215 505/361/216 509/358/213
f 385/366/221 382/356/211 512/359/214 514/367/222
f 413/368/223 411/369/224 540/370/225 542/371/226
f 387/372/227 385/366/221 514/367/222 516/373/228
f 368/374/229 393/375/230 458/376/231 431/377/232
f 389/378/233 387/372/227 516/373/228 518/379/234
f 391/380/235 389/378/233 518/379/234 520/381/236
f 407/351/204 376/382/237 503/383/238 536/352/205
f 395/384/239 394/385/240 521/386/241 524/387/242
f 415/388/243 413/368/223 542/371/226 543/389/244
f 370/390/245 425/391/246 490/392/247 433/377/248
f 374/393/249 365/394/250 494/395/251 501/396/252
f 481/397/253 416/398/254 545/398/255 608/399/256
f 394/385/240 367/400/257 496/401/258 521/386/241
f 420/402/259 483/403/260 612/404/261 547/405/262
f 397/406/263 395/384/239 524/387/242 526/407/264
f 427/408/265 426/346/199 553/349/202 556/409/266
f 399/341/194 397/406/263 526/407/264 528/342/195
f 376/382/237 371/410/267 500/411/268 503/383/238
f 372/412/269 375/413/270 439/414/271 436/415/269
f 527/416/272 592/417/273 595/418/274 529/419/275
f 530/420/276 594/421/277 598/422/278 532/423/278
f 551/424/279 616/425/279 563/426/280 499/427/280
f 535/428/281 600/429/282 602/430/283 537/431/284
f 508/432/285 572/433/285 576/434/286 510/435/287
f 533/436/288 597/437/289 569/438/290 506/439/290
f 493/440/291 557/441/292 566/442/293 502/363/294
f 506/439/290 569/443/290 573/444/295 507/445/296
f 511/446/297 575/447/298 578/448/299 513/449/300
f 539/450/301 604/451/302 606/452/303 541/453/304
f 513/454/300 578/448/299 580/455/305 515/456/305
f 495/390/306 560/377/307 585/457/308 522/458/309
f 515/456/305 580/459/305 582/460/310 517/461/310
f 517/462/310 582/460/310 584/463/311 519/464/312
f 504/362/313 568/414/314 600/465/282 535/428/281
f 522/375/309 585/457/308 588/466/315 523/467/315
f 541/453/304 606/468/303 609/469/316 544/470/317
f 497/374/318 562/377/319 617/471/320 554/472/321
f 537/473/284 602/474/283 560/377/307 495/374/306
f 548/475/322 611/476/323 614/477/324 549/478/325
f 519/479/312 584/463/311 562/480/319 497/374/318
f 549/478/325 614/477/324 616/481/279 551/482/279
f 523/483/315 588/484/315 590/455/326 525/485/327
f 554/486/321 617/487/320 620/488/328 555/428/329
f 525/489/327 590/490/326 592/491/273 527/449/272
f 502/363/294 566/364/293 604/492/302 539/493/301
f 499/412/280 563/494/280 568/414/314 504/362/313
f 488/495/330 435/496/331 564/497/332 615/495/333
f 492/498/334 429/354/207 558/354/210 619/498/335
f 377/439/336 381/499/337 443/500/338 442/501/336
f 380/502/339 384/503/340 446/504/341 444/505/342
f 383/506/343 386/449/344 449/417/344 447/507/345
f 386/508/344 388/456/346 451/490/347 449/417/344
f 388/489/346 390/509/348 453/510/348 451/455/347
f 390/461/348 392/479/349 455/463/350 453/511/348
f 392/512/349 370/374/245 433/377/248 455/513/350
f 393/514/230 396/467/351 459/484/351 458/376/231
f 396/467/351 398/456/352 461/490/353 459/515/351
f 398/456/352 400/454/354 463/417/354 461/455/353
f 400/508/354 403/516/355 465/517/356 463/417/354
f 402/518/357 406/519/358 468/520/359 466/521/360
f 405/522/361 377/439/336 442/443/336 469/523/362
f 375/362/270 408/524/363 471/429/364 439/525/271
f 408/526/363 410/473/365 473/527/366 471/528/364
f 373/363/218 412/450/367 475/451/368 437/442/219
f 412/493/367 414/453/369 477/529/369 475/530/368
f 414/453/369 417/531/370 480/532/371 477/468/369
f 419/533/372 422/478/373 485/534/373 484/535/374
f 422/478/373 424/536/375 487/537/376 485/538/373
f 424/539/375 372/412/269 436/494/269 487/540/376
f 425/391/246 428/428/377 491/488/378 490/392/247
f 428/526/377 366/362/217 430/541/220 491/488/378
f 470/542/379 441/543/380 570/543/381 596/544/382
f 448/545/383 450/546/384 577/546/385 574/545/386
f 450/546/384 452/547/387 579/548/388 577/549/385
f 452/548/387 454/550/389 581/551/390 579/548/388
f 454/551/389 456/552/391 583/553/392 581/551/390
f 457/554/393 460/555/394 587/555/395 586/554/396
f 434/556/397 489/557/398 618/557/399 561/558/400
f 460/555/394 462/548/401 589/548/402 587/555/395
f 462/548/401 464/546/403 591/546/404 589/548/402
f 464/546/403 467/545/405 593/545/406 591/546/404
f 467/545/405 470/542/379 596/542/382 593/545/406
f 472/559/407 474/560/408 601/560/409 599/559/410
f 445/561/411 448/545/383 574/545/386 571/561/412
f 441/543/380 445/561/411 571/561/412 570/543/381
f 476/562/413 478/563/414 605/563/415 603/564/416
f 440/565/417 472/566/407 599/559/410 567/565/418
f 478/563/414 479/567/419 607/568/420 605/563/415
f 482/569/421 486/570/422 613/570/423 610/571/424
f 486/570/422 488/495/330 615/495/333 613/570/423
f 489/557/398 492/498/334 619/498/335 618/557/399
f 438/355/208 476/562/413 603/572/416 565/355/209
f 432/556/425 457/554/393 586/554/396 559/573/426
f 555/524/329 620/574/328 557/575/292 493/576/291
f 474/560/408 432/556/425 559/556/426 601/560/409
f 435/497/331 440/565/417 567/565/418 564/577/332
f 410/473/365 368/578/229 431/377/232 473/579/366
f 369/347/200 391/380/235 520/381/236 498/348/201
f 456/580/391 434/558/397 561/556/400 583/580/392
f 421/581/427 418/582/428 546/583/429 550/584/430
f 423/585/431 421/581/427 550/584/430 552/586/432
f 371/410/267 423/585/431 552/586/432 500/411/268
f 367/400/257 409/350/203 538/353/206 496/401/258
f 411/369/224 374/393/249 501/396/252 540/370/225
f 379/357/212 380/587/433 381/588/434
f 382/356/211 383/589/435 384/590/436
f 401/340/193 402/591/437 403/592/438
f 404/344/197 405/593/439 406/594/440
f 415/388/243 416/595/441 417/596/442
f 418/582/428 419/597/443 420/598/444
f 443/500/445 444/505/446 445/561/411
f 446/504/447 447/507/448 448/545/383
f 465/517/449 466/521/450 467/545/405
f 468/520/451 469/523/452 470/542/379
f 479/567/419 480/532/453 481/397/454
f 482/569/421 483/403/455 484/535/456
f 507/599/457 508/600/458 509/358/213
f 510/601/459 511/602/460 512/359/214
f 529/603/461 530/604/462 531/343/196
f 532/605/463 533/606/464 534/345/198
f 543/389/244 544/607/465 545/608/466
f 546/583/429 547/609/467 548/610/468
f 571/561/412 572/433/469 573/444/470
f 574/545/386 575/447/471 576/434/472
f 593/545/406 594/421/473 595/418/474
f 596/544/382 597/437/475 598/422/476
f 607/568/420 608/399/477 609/469/478
f 610/571/424 611/476/479 612/404/480
f 436/415/481 439/414/482 440/565/417 435/497/331
f 430/365/483 437/364/484 438/355/208 429/354/207
f 378/360/215 379/357/212 381/588/434 377/611/485
f 379/357/212 382/356/211 384/590/436 380/587/433
f 382/356/211 385/366/221 386/612/486 383/589/435
f 385/366/221 387/372/227 388/613/487 386/612/486
f 387/372/227 389/378/233 390/614/488 388/613/487
f 389/378/233 391/380/235 392/615/489 390/614/488
f 391/380/235 369/347/200 370/616/490 392/615/489
f 394/385/240 395/384/239 396/617/491 393/618/492
f 395/384/239 397/406/263 398/619/493 396/617/491
f 397/406/263 399/341/194 400/620/494 398/619/493
f 399/341/194 401/340/193 403/592/438 400/620/494
f 401/340/193 404/344/197 406/594/440 402/591/437
f 404/344/197 378/360/215 377/611/485 405/593/439
f 376/382/237 407/351/204 408/621/495 375/622/496
f 407/351/204 409/350/203 410/623/497 408/621/495
f 374/393/249 411/369/224 412/624/498 373/625/499
f 411/369/224 413/368/223 414/626/500 412/624/498
f 413/368/223 415/388/243 417/596/442 414/626/500
f 418/582/428 421/581/427 422/627/501 419/597/443
f 421/581/427 423/585/431 424/628/502 422/627/501
f 423/585/431 371/410/267 372/629/503 424/628/502
f 426/346/199 427/408/265 428/630/504 425/631/505
f 427/408/265 365/394/250 366/632/506 428/630/504
f 442/501/507 443/500/445 445/561/411 441/543/380
f 444/505/446 446/504/447 448/545/383 445/561/411
f 447/507/448 449/417/508 450/546/384 448/545/383
f 449/417/508 451/490/509 452/547/387 450/546/384
f 451/455/509 453/510/510 454/550/389 452/548/387
f 453/511/510 455/463/511 456/552/391 454/551/389
f 455/513/511 433/377/512 434/558/397 456/580/391
f 458/376/513 459/484/514 460/555/394 457/554/393
f 459/515/514 461/490/515 462/548/401 460/555/394
f 461/455/515 463/417/516 464/546/403 462/548/401
f 463/417/516 465/517/449 467/545/405 464/546/403
f 466/521/450 468/520/451 470/542/379 467/545/405
f 469/523/452 442/443/507 441/543/380 470/542/379
f 439/525/482 471/429/517 472/566/407 440/565/417
f 471/528/517 473/527/518 474/560/408 472/559/407
f 437/442/484 475/451/519 476/562/413 438/355/208
f 475/530/519 477/529/520 478/563/414 476/562/413
f 477/468/520 480/532/453 479/567/419 478/563/414
f 484/535/456 485/534/521 486/570/422 482/569/421
f 485/538/521 487/537/522 488/495/330 486/570/422
f 487/540/522 436/494/481 435/496/331 488/495/330
f 473/579/518 431/377/523 432/556/425 474/560/408
f 490/392/524 491/488/525 492/498/334 489/557/398
f 491/488/525 430/541/483 429/354/207 492/498/334
f 433/377/512 490/392/524 489/557/398 434/556/397
f 402/518/357 466/521/360 465/517/356 403/516/355
f 405/522/361 469/523/362 468/520/359 406/519/358
f 409/350/203 367/400/257 368/633/526 410/623/497
f 380/502/339 444/505/342 443/500/338 381/499/337
f 383/506/343 447/507/345 446/504/341 384/503/340
f 367/400/257 394/385/240 393/618/492 368/633/526
f 431/377/523 458/376/513 457/554/393 432/556/425
f 416/398/254 481/397/253 480/532/371 417/531/370
f 483/403/260 420/402/259 419/533/372 484/535/374
f 369/347/200 426/346/199 425/631/505 370/616/490
f 365/394/250 374/393/249 373/625/499 366/632/506
f 371/410/267 376/382/237 375/622/496 372/629/503
f 564/577/332 567/565/418 568/414/527 563/494/528
f 558/354/210 565/355/209 566/442/529 557/441/530
f 506/634/531 507/599/457 509/358/213 505/361/216
f 508/600/458 510/601/459 512/359/214 509/358/213
f 511/602/460 513/635/532 514/367/222 512/359/214
f 513/635/532 515/636/533 516/373/228 514/367/222
f 515/636/533 517/637/534 518/379/234 516/373/228
f 517/637/534 519/638/535 520/381/236 518/379/234
f 519/638/535 497/639/536 498/348/201 520/381/236
f 522/640/537 523/641/538 524/387/242 521/386/241
f 523/641/538 525/642/539 526/407/264 524/387/242
f 525/642/539 527/643/540 528/342/195 526/407/264
f 527/643/540 529/603/461 531/343/196 528/342/195
f 530/604/462 532/605/463 534/345/198 531/343/196
f 533/606/464 506/634/531 505/361/216 534/345/198
f 504/644/541 535/645/542 536/352/205 503/383/238
f 535/645/542 537/646/543 538/353/206 536/352/205
f 502/647/544 539/648/545 540/370/225 501/396/252
f 539/648/545 541/649/546 542/371/226 540/370/225
f 541/649/546 544/607/465 543/389/244 542/371/226
f 548/610/468 549/650/547 550/584/430 546/583/429
f 549/650/547 551/651/548 552/586/432 550/584/430
f 551/651/548 499/652/549 500/411/268 552/586/432
f 554/653/550 555/654/551 556/409/266 553/349/202
f 555/654/551 493/655/552 494/395/251 556/409/266
f 570/543/381 571/561/412 573/444/470 569/443/553
f 571/561/412 574/545/386 576/434/472 572/433/469
f 574/545/386 577/546/385 578/448/554 575/447/471
f 577/549/385 579/548/388 580/455/555 578/448/554
f 579/548/388 581/551/390 582/460/556 580/459/555
f 581/551/390 583/553/392 584/463/557 582/460/556
f 583/580/392 561/556/400 562/480/558 584/463/557
f 586/554/396 587/555/395 588/466/559 585/457/560
f 587/555/395 589/548/402 590/455/561 588/484/559
f 589/548/402 591/546/404 592/491/562 590/490/561
f 591/546/404 593/545/406 595/418/474 592/417/562
f 593/545/406 596/542/382 598/422/476 594/421/473
f 596/544/382 570/543/381 569/438/553 597/437/475
f 567/565/418 599/559/410 600/465/563 568/414/527
f 599/559/410 601/560/409 602/430/564 600/429/563
f 565/355/209 603/572/416 604/492/565 566/364/529
f 603/564/416 605/563/415 606/452/566 604/451/565
f 605/563/415 607/568/420 609/469/478 606/468/566
f 610/571/424 613/570/423 614/477/567 611/476/479
f 613/570/423 615/495/333 616/481/568 614/477/567
f 615/495/333 564/497/332 563/426/528 616/425/568
f 601/560/409 559/556/426 560/377/569 602/474/564
f 618/557/399 619/498/335 620/488/570 617/487/571
f 619/498/335 558/354/210 557/575/530 620/574/570
f 561/558/400 618/557/399 617/471/571 562/377/558
f 529/419/275 595/418/274 594/421/277 530/420/276
f 532/423/278 598/422/278 597/437/289 533/436/288
f 537/646/543 495/656/572 496/401/258 538/353/206
f 507/445/296 573/444/295 572/433/285 508/432/285
f 510/435/287 576/434/286 575/447/298 511/446/297
f 495/656/572 522/640/537 521/386/241 496/401/258
f 559/573/426 586/554/396 585/457/560 560/377/569
f 544/470/317 609/469/316 608/399/256 545/398/255
f 611/476/323 548/475/322 547/405/262 612/404/261
f 497/639/536 554/653/550 553/349/202 498/348/201
f 493/655/552 502/647/544 501/396/252 494/395/251
f 499/652/549 504/644/541 503/383/238 500/411/268
f 415/388/243 543/389/244 545/608/466 416/595/441
f 420/598/444 547/609/467 546/583/429 418/582/428
f 481/397/454 608/399/477 607/568/420 479/567/419
f 482/569/421 610/571/424 612/404/480 483/403/455
f 365/394/250 427/408/265 556/409/266 494/395/251
s 0
f 635/657/573 628/658/573 654/659/573 658/660/573
f 651/661/1 622/662/1 667/663/1 698/661/1
f 631/664/574 646/665/574 691/665/574 674/666/574
f 646/665/1 648/667/1 693/667/1 691/668/1
f 642/669/3 643/670/3 690/670/3 687/669/3
f 640/671/3 642/669/3 687/669/3 685/672/3
f 655/673/1 627/674/575 673/675/576 700/676/1
f 661/677/1 655/673/1 700/673/1 706/678/1
f 681/679/577 703/680/577 701/681/577 672/682/577
f 671/683/578 676/684/578 677/685/579 682/686/580
f 686/687/4 696/688/4 697/689/4 684/690/4
f 702/691/4 709/692/4 707/693/4 699/694/4
f 689/695/4 692/696/4 694/697/4 688/698/4
f 688/698/4 694/699/4 696/700/4 686/701/4
f 678/702/581 675/703/581 692/696/581 689/695/581
f 629/704/582 634/705/583 633/706/584 630/707/585
f 643/670/3 632/708/3 679/709/3 690/710/3
f 637/711/7 625/712/7 623/713/7 652/714/7
f 636/715/586 657/716/587 704/716/588 680/717/589
f 626/718/3 638/719/3 683/719/3 669/720/3
f 627/721/590 631/664/591 674/722/592 673/723/593
f 639/724/7 637/725/7 652/726/7 649/727/7
f 641/728/7 639/724/7 649/727/7 647/729/7
f 644/730/7 641/731/7 647/729/7 645/732/7
f 632/708/594 636/715/595 680/733/596 679/734/597
f 648/667/1 650/735/1 695/735/1 693/667/1
f 650/736/1 651/661/1 698/737/1 695/735/1
f 656/738/4 653/739/4 660/740/4 664/741/4
f 638/719/3 640/671/3 685/742/3 683/719/3
f 633/706/598 644/730/598 645/732/598 630/707/598
f 684/690/4 697/743/4 666/744/4 670/745/4
f 662/746/12 659/747/12 705/748/12 708/749/12
f 657/716/599 663/750/3 710/751/3 704/716/600
f 621/752/601 622/662/601 623/713/601
f 624/753/602 625/712/602 626/718/602
f 627/674/603 628/658/604 629/704/605
f 634/705/606 635/657/607 636/715/608
f 653/739/609 654/659/609 655/673/609
f 656/738/610 657/716/610 658/660/610
f 659/747/611 660/740/611 661/677/611
f 662/746/612 663/750/612 664/741/612
f 665/752/613 666/744/613 667/663/613
f 668/754/614 669/720/614 670/745/614
f 671/683/615 672/682/615 673/723/615
f 674/666/616 675/703/617 676/684/618
f 677/685/619 678/702/620 679/734/621
f 680/717/622 681/679/623 682/686/624
f 699/694/625 700/676/625 701/681/625
f 702/691/626 703/680/626 704/716/626
f 705/748/627 706/678/627 707/693/627
f 708/749/628 709/692/628 710/751/628
f 629/704/629 630/707/630 631/664/631 627/721/632
f 633/706/633 634/705/634 636/715/635 632/708/636
f 623/713/138 625/712/138 624/753/138 621/752/138
f 644/730/637 633/706/638 632/708/639 643/670/640
f 652/714/641 623/713/641 622/662/641 651/661/641
f 628/658/642 635/657/643 634/705/644 629/704/645
f 625/712/646 637/711/646 638/719/646 626/718/646
f 637/725/647 639/724/647 640/671/647 638/719/647
f 639/724/148 641/728/148 642/669/148 640/671/148
f 641/731/648 644/730/649 643/670/650 642/669/648
f 630/707/651 645/732/652 646/665/653 631/664/654
f 645/732/655 647/729/656 648/667/656 646/665/657
f 647/729/150 649/727/150 650/735/150 648/667/150
f 649/727/658 652/726/658 651/661/658 650/736/658
f 653/739/659 656/738/659 658/660/659 654/659/659
f 657/716/660 636/715/661 635/657/662 658/660/660
f 627/674/663 655/673/664 654/659/664 628/658/665
f 659/747/87 662/746/87 664/741/87 660/740/87
f 663/750/666 657/716/666 656/738/666 664/741/666
f 655/673/667 661/677/667 660/740/667 653/739/667
f 673/723/668 674/722/668 676/684/668 671/683/668
f 679/734/669 680/733/669 682/686/670 677/685/671
f 665/752/87 668/754/87 670/745/87 666/744/87
f 690/710/672 679/709/673 678/702/674 689/695/675
f 698/661/143 667/663/143 666/744/143 697/743/143
f 671/683/676 682/686/677 681/679/678 672/682/676
f 677/685/679 676/684/680 675/703/681 678/702/679
f 669/720/144 683/719/144 684/690/144 670/745/144
f 683/719/144 685/742/144 686/687/144 684/690/144
f 685/672/144 687/669/144 688/698/144 686/701/144
f 687/669/144 690/670/682 689/695/683 688/698/144
f 674/666/684 691/665/685 692/696/686 675/703/687
f 691/668/688 693/667/143 694/697/143 692/696/689
f 693/667/143 695/735/143 696/700/143 694/699/143
f 695/735/143 698/737/143 697/689/143 696/688/143
f 701/681/690 703/680/690 702/691/690 699/694/690
f 703/680/691 681/679/692 680/717/693 704/716/693
f 672/682/694 701/681/694 700/676/694 673/675/694
f 707/693/138 709/692/138 708/749/138 705/748/138
f 709/692/695 702/691/695 704/716/695 710/751/695
f 699/694/696 707/693/696 706/678/696 700/673/696
f 621/752/141 665/752/141 667/663/141 622/662/141
f 626/718/142 669/720/142 668/754/142 624/753/142
f 661/677/141 706/678/141 705/748/141 659/747/141
f 662/746/142 708/749/142 710/751/142 663/750/142
f 621/752/12 624/753/12 668/754/12 665/752/12
s 1
f 871/755/697 1026/756/698 1021/757/699 1016/758/700 1011/759/701 1006/760/702 1001/761/703 996/762/704 991/763/705 986/764/706 981/765/707 976/766/708 971/767/709 966/768/710 961/769/711 956/770/712 951/771/713 946/772/714 941/773/715 936/774/716 931/775/717 926/776/718 921/777/719 916/778/720 911/779/721 906/780/722 901/781/723 896/782/724 891/783/725 886/784/726 881/785/727 876/786/728
f 712/787/729 717/788/730 720/789/731 715/790/732
f 715/790/732 720/789/731 719/791/733 714/792/734
f 714/793/734 719/794/733 718/795/735 713/796/736
f 713/796/736 718/795/735 716/797/714 711/798/713
f 717/799/730 722/800/737 725/801/738 720/802/731
f 720/802/731 725/801/738 724/803/739 719/804/733
f 719/805/733 724/806/739 723/807/740 718/795/735
f 718/795/735 723/807/740 721/808/715 716/797/714
f 722/809/737 727/810/741 730/811/742 725/812/738
f 725/812/738 730/811/742 729/813/743 724/814/739
f 724/815/739 729/816/743 728/817/744 723/807/740
f 723/807/740 728/817/744 726/818/716 721/808/715
f 727/819/741 732/820/745 735/821/746 730/822/742
f 730/822/742 735/821/746 734/823/747 729/824/743
f 729/825/743 734/826/747 733/827/748 728/817/744
f 728/817/744 733/827/748 731/828/717 726/818/716
f 732/829/745 737/830/749 740/831/750 735/832/746
f 735/832/746 740/831/750 739/833/751 734/834/747
f 734/835/747 739/836/751 738/837/752 733/827/748
f 733/827/748 738/837/752 736/838/718 731/828/717
f 737/830/749 742/839/753 745/840/754 740/841/750
f 740/841/750 745/840/754 744/842/755 739/843/751
f 739/844/751 744/845/755 743/846/756 738/837/752
f 738/837/752 743/846/756 741/847/719 736/838/718
f 742/839/753 747/848/757 750/849/758 745/850/754
f 745/850/754 750/849/758 749/851/759 744/852/755
f 744/853/755 749/854/759 748/855/760 743/846/756
f 743/846/756 748/855/760 746/780/720 741/847/719
f 747/856/757 752/857/761 755/858/762 750/859/758
f 750/859/758 755/858/762 754/860/763 749/861/759
f 749/862/759 754/863/763 753/864/764 748/855/760
f 748/855/760 753/864/764 751/865/721 746/780/720
f 752/857/761 757/866/765 760/867/766 755/868/762
f 755/868/762 760/867/766 759/869/767 754/870/763
f 754/871/763 759/872/767 758/873/768 753/864/764
f 753/864/764 758/873/768 756/874/722 751/865/721
f 757/866/765 762/875/769 765/876/770 760/877/766
f 760/877/766 765/876/770 764/878/771 759/879/767
f 759/880/767 764/881/771 763/882/772 758/873/768
f 758/873/768 763/882/772 761/883/723 756/874/722
f 762/875/769 767/884/773 770/885/774 765/886/770
f 765/886/770 770/885/774 769/887/775 764/888/771
f 764/889/771 769/890/775 768/891/776 763/882/772
f 763/882/772 768/891/776 766/892/724 761/883/723
f 767/893/773 772/894/777 775/895/778 770/896/774
f 770/896/774 775/895/778 774/897/779 769/898/775
f 769/899/775 774/900/779 773/901/780 768/891/776
f 768/891/776 773/901/780 771/902/725 766/892/724
f 772/903/777 777/904/781 780/905/782 775/906/778
f 775/906/778 780/905/782 779/907/783 774/908/779
f 774/909/779 779/910/783 778/911/784 773/901/780
f 773/901/780 778/911/784 776/912/726 771/902/725
f 777/913/781 782/914/785 785/915/786 780/916/782
f 780/916/782 785/915/786 784/917/787 779/918/783
f 779/919/783 784/920/787 783/921/788 778/911/784
f 778/911/784 783/921/788 781/922/727 776/912/726
f 782/914/785 787/923/789 790/924/790 785/925/786
f 785/925/786 790/924/790 789/926/791 784/927/787
f 784/928/787 789/929/791 788/930/792 783/921/788
f 783/921/788 788/930/792 786/772/728 781/922/727
f 787/923/789 792/931/793 795/932/794 790/933/790
f 790/933/790 795/932/794 794/934/795 789/935/791
f 789/936/791 794/937/795 793/938/796 788/930/792
f 788/930/792 793/938/796 791/939/697 786/772/728
f 792/940/793 797/941/797 800/942/798 795/943/794
f 795/943/794 800/942/798 799/944/799 794/945/795
f 794/946/795 799/947/799 798/948/800 793/938/796
f 793/938/796 798/948/800 796/949/698 791/939/697
f 797/950/797 802/951/801 805/952/802 800/953/798
f 800/953/798 805/952/802 804/954/803 799/955/799
f 799/956/799 804/957/803 803/958/804 798/948/800
f 798/948/800 803/958/804 801/959/699 796/949/698
f 802/951/801 807/960/805 810/961/806 805/962/802
f 805/962/802 810/961/806 809/963/807 804/964/803
f 804/965/803 809/966/807 808/967/808 803/958/804
f 803/958/804 808/967/808 806/968/700 801/959/699
f 807/969/805 812/970/809 815/971/810 810/972/806
f 810/972/806 815/971/810 814/973/811 809/974/807
f 809/975/807 814/976/811 813/977/812 808/967/808
f 808/967/808 813/977/812 811/978/701 806/968/700
f 812/979/809 817/980/813 820/981/814 815/982/810
f 815/982/810 820/981/814 819/983/815 814/984/811
f 814/985/811 819/986/815 818/987/816 813/977/812
f 813/977/812 818/987/816 816/988/817 811/978/701
f 817/989/813 822/990/818 825/991/819 820/992/814
f 820/992/814 825/991/819 824/993/820 819/994/815
f 819/995/815 824/996/820 823/997/821 818/987/816
f 818/987/816 823/997/821 821/998/822 816/988/817
f 822/999/818 827/1000/823 830/1001/824 825/1002/819
f 825/1002/819 830/1001/824 829/1003/825 824/1004/820
f 824/1005/820 829/1006/825 828/1007/826 823/997/821
f 823/997/821 828/1007/826 826/1008/827 821/998/822
f 827/1000/823 832/1009/828 835/1010/829 830/1011/824
f 830/1011/824 835/1010/829 834/1012/830 829/1013/825
f 829/1014/825 834/1015/830 833/1016/831 828/1007/826
f 828/1007/826 833/1016/831 831/763/832 826/1008/827
f 832/1017/828 837/1018/833 840/1019/834 835/1020/829
f 835/1020/829 840/1019/834 839/1021/835 834/1022/830
f 834/1023/830 839/1024/835 838/1025/836 833/1016/831
f 833/1016/831 838/1025/836 836/1026/837 831/763/832
f 837/1027/833 842/1028/838 845/1029/839 840/1030/834
f 840/1030/834 845/1029/839 844/1031/840 839/1032/835
f 839/1033/835 844/1034/840 843/1035/841 838/1025/836
f 838/1025/836 843/1035/841 841/1036/842 836/1026/837
f 842/1037/838 847/1038/843 850/1039/844 845/1040/839
f 845/1040/839 850/1039/844 849/1041/845 844/1042/840
f 844/1043/840 849/1044/845 848/1045/846 843/1035/841
f 843/1035/841 848/1045/846 846/1046/847 841/1036/842
f 847/1047/843 852/1048/848 855/1049/849 850/1050/844
f 850/1050/844 855/1049/849 854/1051/850 849/1052/845
f 849/1053/845 854/1054/850 853/1055/851 848/1045/846
f 848/1045/846 853/1055/851 851/1056/709 846/1046/847
f 852/1057/848 857/1058/852 860/1059/853 855/1060/849
f 855/1060/849 860/1059/853 859/1061/854 854/1062/850
f 854/1063/850 859/1064/854 858/1065/855 853/1055/851
f 853/1055/851 858/1065/855 856/1066/710 851/1056/709
f 857/1067/852 862/1068/856 865/1069/857 860/1070/853
f 860/1070/853 865/1069/857 864/1071/858 859/1072/854
f 859/1073/854 864/1074/858 863/1075/859 858/1065/855
f 858/1065/855 863/1075/859 861/1076/711 856/1066/710
f 862/1068/856 867/1077/860 870/1078/861 865/1079/857
f 865/1079/857 870/1078/861 869/1080/862 864/1081/858
f 864/1082/858 869/1083/862 868/1084/863 863/1075/859
f 863/1075/859 868/1084/863 866/1085/712 861/1076/711
f 867/1086/860 712/1087/729 715/1088/732 870/1089/861
f 870/1089/861 715/1088/732 714/1090/734 869/1091/862
f 869/1092/862 714/1093/734 713/796/736 868/1084/863
f 868/1084/863 713/796/736 711/798/713 866/1085/712
f 871/755/697 876/786/728 878/1094/792 873/1095/796
f 873/1095/796 878/1094/792 879/794/864 874/793/795
f 874/1096/795 879/791/864 880/1097/790 875/1098/794
f 875/1098/794 880/1097/790 877/799/789 872/1099/793
f 876/786/728 881/785/727 883/807/788 878/1094/792
f 878/1094/792 883/807/788 884/806/865 879/805/864
f 879/1100/864 884/803/865 885/1101/786 880/1102/790
f 880/1102/790 885/1101/786 882/809/785 877/788/789
f 881/785/727 886/784/726 888/1103/784 883/807/788
f 883/807/788 888/1103/784 889/816/783 884/1104/865
f 884/814/865 889/813/783 890/811/782 885/812/786
f 885/812/786 890/811/782 887/819/866 882/800/785
f 886/784/726 891/783/725 893/1105/780 888/1103/784
f 888/1103/784 893/1105/780 894/1106/779 889/825/783
f 889/824/783 894/823/779 895/1107/778 890/822/782
f 890/822/782 895/1107/778 892/829/777 887/810/866
f 891/783/725 896/782/724 898/1108/867 893/1105/780
f 893/1105/780 898/1108/867 899/836/775 894/1109/779
f 894/834/779 899/1110/775 900/1111/774 895/1112/778
f 895/1112/778 900/1111/774 897/830/868 892/820/777
f 896/782/724 901/781/723 903/846/772 898/1108/867
f 898/1108/867 903/846/772 904/845/771 899/844/775
f 899/843/775 904/842/771 905/840/770 900/841/774
f 900/841/774 905/840/770 902/839/769 897/830/868
f 901/781/723 906/780/722 908/1113/768 903/846/772
f 903/846/772 908/1113/768 909/854/767 904/853/771
f 904/852/771 909/1114/767 910/1115/766 905/850/770
f 905/850/770 910/1115/766 907/856/869 902/839/769
f 906/780/722 911/779/721 913/1116/764 908/1113/768
f 908/1113/768 913/1116/764 914/863/763 909/1117/767
f 909/861/767 914/860/763 915/1118/762 910/859/766
f 910/859/766 915/1118/762 912/857/761 907/848/869
f 911/779/721 916/778/720 918/1119/760 913/1116/764
f 913/1116/764 918/1119/760 919/872/759 914/871/763
f 914/870/763 919/1120/759 920/867/758 915/868/762
f 915/868/762 920/867/758 917/866/757 912/857/761
f 916/778/720 921/777/719 923/1121/756 918/1119/760
f 918/1119/760 923/1121/756 924/1122/755 919/880/759
f 919/879/759 924/878/755 925/876/754 920/1123/758
f 920/1123/758 925/876/754 922/875/870 917/866/757
f 921/777/719 926/776/718 928/1124/752 923/1121/756
f 923/1121/756 928/1124/752 929/1125/751 924/1126/755
f 924/888/755 929/887/751 930/1127/871 925/1128/754
f 925/1128/754 930/1127/871 927/893/872 922/875/870
f 926/776/718 931/775/717 933/1129/748 928/1124/752
f 928/1124/752 933/1129/748 934/1130/747 929/899/751
f 929/898/751 934/897/747 935/895/746 930/896/871
f 930/896/871 935/895/746 932/903/745 927/884/872
f 931/775/717 936/774/716 938/1131/744 933/1129/748
f 933/1129/748 938/1131/744 939/1132/743 934/909/747
f 934/908/747 939/1133/743 940/905/742 935/1134/746
f 935/1134/746 940/905/742 937/1135/741 932/894/745
f 936/774/716 941/773/715 943/1136/740 938/1131/744
f 938/1131/744 943/1136/740 944/1137/739 939/1138/743
f 939/918/743 944/917/739 945/1139/738 940/1140/742
f 940/1140/742 945/1139/738 942/1141/737 937/1135/741
f 941/773/715 946/772/714 948/1142/735 943/1136/740
f 943/1136/740 948/1142/735 949/1143/733 944/928/739
f 944/927/739 949/926/733 950/924/731 945/1144/738
f 945/1144/738 950/924/731 947/1145/730 942/1141/737
f 946/772/714 951/771/713 953/1146/736 948/1142/735
f 948/1142/735 953/1146/736 954/937/734 949/936/733
f 949/935/733 954/934/734 955/932/732 950/1147/731
f 950/1147/731 955/932/732 952/940/729 947/1145/730
f 951/771/713 956/770/712 958/1148/863 953/1146/736
f 953/1146/736 958/1148/863 959/1149/862 954/1150/734
f 954/1151/734 959/1152/862 960/942/861 955/943/732
f 955/943/732 960/942/861 957/950/860 952/931/729
f 956/770/712 961/769/711 963/1153/859 958/1148/863
f 958/1148/863 963/1153/859 964/957/858 959/956/862
f 959/1154/862 964/1155/858 965/1156/857 960/953/861
f 960/953/861 965/1156/857 962/1157/873 957/941/860
f 961/769/711 966/768/710 968/1158/855 963/1153/859
f 963/1153/859 968/1158/855 969/1159/854 964/965/858
f 964/964/858 969/963/854 970/1160/874 965/962/857
f 965/962/857 970/1160/874 967/969/875 962/1161/873
f 966/768/710 971/767/709 973/1162/851 968/1158/855
f 968/1158/855 973/1162/851 974/976/850 969/975/854
f 969/1163/854 974/973/850 975/1164/849 970/972/874
f 970/972/874 975/1164/849 972/979/848 967/960/875
f 971/767/709 976/766/708 978/1165/876 973/1162/851
f 973/1162/851 978/1165/876 979/986/877 974/1166/850
f 974/984/850 979/1167/877 980/981/844 975/1168/849
f 975/1168/849 980/981/844 977/989/843 972/970/848
f 976/766/708 981/765/707 983/1169/878 978/1165/876
f 978/1165/876 983/1169/878 984/996/879 979/1170/877
f 979/994/877 984/1171/879 985/991/880 980/1172/844
f 980/1172/844 985/991/880 982/999/838 977/980/843
f 981/765/707 986/764/706 988/1173/881 983/1169/878
f 983/1169/878 988/1173/881 989/1006/882 984/1005/879
f 984/1004/879 989/1003/882 990/1001/883 985/1174/880
f 985/1174/880 990/1001/883 987/1000/833 982/990/838
f 986/764/706 991/763/705 993/1016/884 988/1173/881
f 988/1173/881 993/1016/884 994/1015/885 989/1014/882
f 989/1013/882 994/1012/885 995/1175/829 990/1011/883
f 990/1011/883 995/1175/829 992/1017/828 987/1000/833
f 991/763/705 996/762/704 998/1176/886 993/1016/884
f 993/1016/884 998/1176/886 999/1177/887 994/1178/885
f 994/1022/885 999/1179/887 1000/1019/888 995/1020/829
f 995/1020/829 1000/1019/888 997/1027/823 992/1009/828
f 996/762/704 1001/761/703 1003/1180/889 998/1176/886
f 998/1176/886 1003/1180/889 1004/1034/890 999/1033/887
f 999/1032/887 1004/1031/890 1005/1181/891 1000/1030/888
f 1000/1030/888 1005/1181/891 1002/1037/892 997/1018/823
f 1001/761/703 1006/760/702 1008/1182/893 1003/1180/889
f 1003/1180/889 1008/1182/893 1009/1044/894 1004/1043/890
f 1004/1042/890 1009/1041/894 1010/1183/814 1005/1184/891
f 1005/1184/891 1010/1183/814 1007/1047/895 1002/1028/892
f 1006/760/702 1011/759/701 1013/1185/812 1008/1182/893
f 1008/1182/893 1013/1185/812 1014/1054/811 1009/1186/894
f 1009/1052/894 1014/1051/811 1015/1187/810 1010/1188/814
f 1010/1188/814 1015/1187/810 1012/1057/809 1007/1038/895
f 1011/759/701 1016/758/700 1018/1189/808 1013/1185/812
f 1013/1185/812 1018/1189/808 1019/1064/807 1014/1190/811
f 1014/1062/811 1019/1061/807 1020/1059/806 1015/1191/810
f 1015/1191/810 1020/1059/806 1017/1067/805 1012/1048/809
f 1016/758/700 1021/757/699 1023/1192/804 1018/1189/808
f 1018/1189/808 1023/1192/804 1024/1193/896 1019/1194/807
f 1019/1072/807 1024/1071/896 1025/1195/802 1020/1196/806
f 1020/1196/806 1025/1195/802 1022/1197/897 1017/1058/805
f 1021/757/699 1026/756/698 1028/1198/800 1023/1192/804
f 1023/1192/804 1028/1198/800 1029/1083/799 1024/1082/896
f 1024/1199/896 1029/1200/799 1030/1078/798 1025/1201/802
f 1025/1201/802 1030/1078/798 1027/1086/797 1022/1197/897
f 1026/756/698 871/755/697 873/1095/796 1028/1198/800
f 1028/1198/800 873/1095/796 874/1202/795 1029/1203/799
f 1029/1091/799 874/1204/795 875/1088/794 1030/1089/798
f 1030/1089/798 875/1088/794 872/1205/793 1027/1077/797
f 711/798/713 716/797/714 721/808/715 726/818/716 731/828/717 736/838/718 741/847/719 746/780/720 751/865/721 756/874/722 761/883/723 766/892/724 771/902/725 776/912/726 781/922/727 786/772/728 791/939/697 796/949/698 801/959/699 806/968/700 811/978/701 816/988/817 821/998/822 826/1008/827 831/763/832 836/1026/837 841/1036/842 846/1046/847 851/1056/709 856/1066/710 861/1076/711 866/1085/712
f 1036/1206/1 712/1087/729 867/1086/860 1031/1207/898
f 1042/1208/899 727/810/741 722/809/737 1037/1209/900
f 1046/1210/143 732/820/745 727/819/741 1042/1211/899
f 737/830/749 732/829/745 1046/1210/143 1051/1212/901
f 1055/1213/902 742/839/753 737/830/749 1051/1214/901
f 1059/1215/903 747/848/757 742/839/753 1055/1216/902
f 1063/1217/4 752/857/761 747/856/757 1059/1218/903
f 1067/1219/904 757/866/765 752/857/761 1063/1220/4
f 1072/1221/905 762/875/769 757/866/765 1067/1219/904
f 1077/1222/906 767/884/773 762/875/769 1072/1223/905
f 1077/1224/906 1081/1225/144 772/894/777 767/893/773
f 1085/1226/907 777/904/781 772/903/777 1081/1227/144
f 1089/1228/908 782/914/785 777/913/781 1085/1226/907
f 1092/1229/909 787/923/789 782/914/785 1089/1228/908
f 1093/1230/3 792/931/793 787/923/789 1092/1229/909
f 1094/1231/910 797/941/797 792/940/793 1093/1230/3
f 1033/1232/911 802/951/801 797/950/797 1094/1233/910
f 1040/1234/912 807/960/805 802/951/801 1033/1235/911
f 1044/1236/140 812/970/809 807/969/805 1040/1237/912
f 1048/1238/913 817/980/813 812/979/809 1044/1236/140
f 1052/1239/914 822/990/818 817/989/813 1048/1240/913
f 827/1000/823 822/999/818 1052/1241/914 1056/1242/915
f 1060/1243/7 832/1009/828 827/1000/823 1056/1244/915
f 1065/1245/916 837/1018/833 832/1017/828 1060/1243/7
f 1070/1246/917 842/1028/838 837/1027/833 1065/1247/916
f 1074/1248/918 847/1038/843 842/1037/838 1070/1249/917
f 1078/1250/139 852/1048/848 847/1047/843 1074/1251/918
f 1082/1252/919 857/1058/852 852/1057/848 1078/1250/139
f 1086/1253/920 862/1068/856 857/1067/852 1082/1254/919
f 1031/1255/898 867/1077/860 862/1068/856 1086/1253/920
f 1037/1256/900 722/800/737 717/799/730 1091/1257/921
f 1091/1257/921 717/788/730 712/787/729 1036/1258/1
f 1027/1077/797 872/1205/793 1087/1259/3 1080/1255/910
f 882/800/785 887/819/866 1035/1260/907 1032/1209/908
f 887/810/866 892/829/777 1039/1210/144 1035/1261/907
f 1039/1210/144 892/820/777 897/830/868 1041/1214/906
f 897/830/868 902/839/769 1045/1216/905 1041/1214/906
f 902/839/769 907/856/869 1050/1218/904 1045/1216/905
f 907/848/869 912/857/761 1053/1220/4 1050/1218/904
f 912/857/761 917/866/757 1057/1219/903 1053/1262/4
f 917/866/757 922/875/870 1061/1223/902 1057/1219/903
f 922/875/870 927/893/872 1064/1263/901 1061/1223/902
f 927/884/872 932/903/745 1068/1264/143 1064/1265/901
f 932/894/745 937/1135/741 1071/1226/899 1068/1264/143
f 937/1135/741 942/1141/737 1075/1266/900 1071/1267/899
f 942/1141/737 947/1145/730 1079/1268/921 1075/1228/900
f 947/1145/730 952/940/729 1084/1230/1 1079/1229/921
f 952/931/729 957/950/860 1088/1231/898 1084/1230/1
f 957/941/860 962/1157/873 1090/1269/920 1088/1270/898
f 962/1161/873 967/969/875 1034/1237/919 1090/1269/920
f 967/960/875 972/979/848 1038/1271/139 1034/1234/919
f 972/970/848 977/989/843 1043/1240/918 1038/1272/139
f 977/980/843 982/999/838 1047/1241/917 1043/1238/918
f 1047/1239/917 982/990/838 987/1000/833 1049/1244/916
f 987/1000/833 992/1017/828 1054/1273/7 1049/1242/916
f 992/1009/828 997/1027/823 1058/1245/915 1054/1243/7
f 997/1018/823 1002/1037/892 1062/1249/914 1058/1245/915
f 1002/1028/892 1007/1047/895 1066/1251/913 1062/1246/914
f 1007/1038/895 1012/1057/809 1069/1274/140 1066/1248/913
f 1012/1048/809 1017/1067/805 1073/1254/912 1069/1274/140
f 1017/1058/805 1022/1197/897 1076/1275/911 1073/1252/912
f 1022/1197/897 1027/1086/797 1080/1207/910 1076/1276/911
f 877/788/789 882/809/785 1032/1277/908 1083/1278/909
f 872/1099/793 877/799/789 1083/1257/909 1087/1279/3
f 1087/1279/12 1083/1257/12 1032/1277/12 1035/1260/12 1039/1210/12 1041/1214/12 1045/1216/12 1050/1218/12 1053/1220/12 1057/1219/12 1061/1223/12 1064/1263/12 1068/1264/12 1071/1226/12 1075/1266/12 1079/1268/12 1084/1230/12 1088/1231/12 1090/1269/12 1034/1237/12 1038/1271/12 1043/1240/12 1047/1241/12 1049/1244/12 1054/1273/12 1058/1245/12 1062/1249/12 1066/1251/12 1069/1274/12 1073/1254/12 1076/1275/12 1080/1207/12
f 1031/1255/12 1086/1253/12 1082/1254/12 1078/1250/12 1074/1251/12 1070/1249/12 1065/1247/12 1060/1243/12 1056/1244/12 1052/1241/12 1048/1240/12 1044/1236/12 1040/1237/12 1033/1235/12 1094/1233/12 1093/1230/12 1092/1229/12 1089/1228/12 1085/1226/12 1081/1227/12 1077/1224/12 1072/1223/12 1067/1219/12 1063/1220/12 1059/1218/12 1055/1216/12 1051/1214/12 1046/1210/12 1042/1211/12 1037/1209/12 1091/1257/12 1036/1258/12
usemtl Kabel-Schwarz
f 2928/1280/922 3021/1281/923 2741/1282/924 2751/1283/925
f 2763/1284/926 2757/1285/927 2279/1286/928 2295/1287/929
f 2305/1288/926 2281/1289/927 1819/1290/928 1822/1291/929
f 1819/1290/928 2281/1289/927 2307/1292/930 1829/1293/931
f 2933/1294/932 2931/1295/933 2749/1296/934 2747/1297/935
f 1829/1293/931 2307/1292/930 2309/1298/936 1835/1299/937
f 2806/1300/938 2893/1301/939 2833/1302/940 2766/1303/941
f 2931/1295/933 2929/1304/942 2745/1305/943 2749/1296/934
f 1849/1306/944 2311/1307/945 2313/1308/946 1851/1309/947
f 2797/1310/948 2275/1311/949 2271/1312/950 2779/1313/951
f 3021/1281/923 3019/1314/952 2743/1315/953 2741/1282/924
f 2339/1316/954 1847/1317/955 1841/1318/956 2333/1319/957
f 2287/1320/958 2303/1321/937 2769/1322/936 2783/1323/959
f 3015/1324/960 3013/1325/961 2733/1326/962 2737/1327/963
f 1855/1328/964 1857/1329/965 2317/1330/966 2319/1331/967
f 2285/1332/968 2289/1333/969 2777/1334/970 2775/1335/966
f 1865/1336/971 1859/1337/972 2323/1338/973 2325/1339/974
f 3019/1314/952 3017/1340/975 2739/1341/976 2743/1315/953
f 2283/1342/977 2291/1343/978 2773/1344/967 2771/1345/979
f 1863/1346/980 1861/1347/981 2327/1348/982 2341/1349/983
f 3017/1340/975 3015/1324/960 2737/1327/963 2739/1341/976
f 2289/1333/969 2287/1320/958 2783/1323/959 2777/1334/970
f 1853/1350/977 1855/1328/964 2319/1331/967 2321/1351/979
f 3013/1325/961 3011/1352/984 2735/1353/985 2733/1326/962
f 2338/1354/986 2335/1355/987 2238/1356/988 2421/1357/989 2419/1358/990 2423/1359/991 2403/1360/992 2399/1361/993 2395/1362/994 2385/1363/995 2383/1364/996 2381/1365/997 2377/1366/998 2363/1367/999 2349/1368/1000 2369/1369/1001 2359/1370/1002 2415/1371/1003 2417/1372/1004 2429/1373/1005 2427/1374/1006 2411/1375/1007 2413/1376/1008 2409/1377/1009 2405/1378/1010 2407/1379/1011 2235/1380/1012 2260/1381/1013 2230/1382/1014 2322/1383/1015 2320/1384/1016 2318/1385/1017 2314/1386/1018 2312/1387/1019 2310/1388/1020 2308/1389/1021 2282/1390/1022 2306/1391/1023 2326/1392/1024 2324/1393/1025 2342/1394/1026 2328/1395/1027 2332/1396/1028 2330/1397/1029 2340/1398/1030 2334/1399/1031
f 1750/1400/1032 1831/1401/1033 1887/1402/1034 1898/1403/1035
f 2727/1404/1036 2754/1405/1037 2702/1406/1038 2772/1407/1039 2774/1408/1040 2776/1409/1041 2778/1410/1042 2784/1411/1043 2770/1412/1044 2768/1413/1045 2758/1414/1046 2764/1415/1047 2788/1416/1048 2786/1417/1049 2802/1418/1050 2790/1419/1051 2794/1420/1052 2792/1421/1053 2800/1422/1054 2796/1423/1055 2798/1424/1056 2780/1425/1057 2782/1426/1058 2861/1427/1059 2859/1428/1060 2863/1429/986 2857/1430/1061 2865/1431/1062 2851/1432/1063 2853/1433/1064 2855/1434/1065 2841/1435/1066 2837/1436/1025 2821/1437/1067 2813/1438/1068 2825/1439/1069 2817/1440/1070 2877/1441/1071 2875/1442/1072 2879/1443/1073 2871/1444/1074 2873/1445/1075 2869/1446/1076 2847/1447/1077 2845/1448/1078 2844/1449/1079
f 3009/1450/1080 3007/1451/1081 2729/1452/1082 2731/1453/1083
f 2701/1454/1084 2753/1455/1085 2262/1456/1086 2227/1457/1087
f 2229/1458/1088 2259/1459/1089 1787/1460/1090 1747/1461/1087
f 1779/1462/1091 1775/1463/1092 1436/1464/1093 1426/1465/1094
f 2706/1466/1095 2723/1467/1096 2886/1468/1097 2881/1469/1098
f 2265/1470/1099 2277/1471/1100 2791/1472/1101 2793/1473/1102
f 2080/1474/1103 2077/1475/1104 1985/1476/1105 2129/1477/1106 2201/1478/1107 2199/1479/1108 2203/1480/1109 2197/1481/1110 2211/1482/1111 2209/1483/1112 2193/1484/1113 2191/1485/1114 2195/1486/1115 2189/1487/1116 2107/1488/1117 2121/1489/1118 2133/1490/1119 2141/1491/1120 2157/1492/1121 2169/1493/1122 2173/1494/1123 2177/1495/1124 2181/1496/1125 2185/1497/1126 2187/1498/1127 2131/1499/1128 1984/1500/1129 2052/1501/1130 2054/1502/1131 2056/1503/1132 2058/1504/1133 2062/1505/1134 2060/1506/1135 2064/1507/1136 2074/1508/1137 1988/1509/1138 2008/1510/1139 2000/1511/1140 2016/1512/1141 2032/1513/1142 2040/1514/1143 2048/1515/1144 2066/1516/1145 2072/1517/1146 2082/1518/1147 2076/1519/1148
f 2576/1520/1149 2997/1521/1150 2995/1522/1151 2497/1523/1152 2495/1524/1153
f 1579/1525/1154 1582/1526/1155 1584/1527/1156 1689/1528/1157 1692/1529/1158
f 2569/1530/1159 2059/1531/1160 2061/1532/1161 2565/1533/1162
f 1621/1534/1163 1613/1535/1164 2095/1536/1165 2097/1537/1166
f 2993/1538/1167 2991/1539/1168 2501/1540/1169 2503/1541/1170
f 2055/1542/1171 2053/1543/1172 2563/1544/1173 2561/1545/1174
f 1617/1546/1175 1621/1534/1163 2097/1537/1166 2101/1547/1176
f 2987/1548/1177 2985/1549/1178 2507/1550/1179 2513/1551/1180
f 2573/1552/1181 2073/1553/1182 2063/1554/1183 2567/1555/1184
f 2103/1556/1185 1623/1557/1186 1619/1558/1187 2099/1559/1188
f 2991/1539/1168 2989/1560/1189 2499/1561/1190 2501/1540/1169
f 2061/1532/1161 2057/1562/1191 2571/1563/1192 2565/1533/1162
f 2105/1564/1193 1625/1565/1194 1623/1557/1186 2103/1556/1185
f 2995/1522/1151 2993/1538/1167 2503/1541/1170 2497/1523/1152
f 2578/1566/1195 2575/1567/1196 2668/1568/1197 2691/1569/1198
f 2099/1559/1188 1619/1558/1187 1617/1546/1175 2101/1547/1176
f 2957/1570/1199 2955/1571/1200 2512/1572/1201 2533/1573/1202
f 2124/1574/1203 2122/1575/1204 2108/1576/1205 2110/1577/1206
f 2567/1555/1184 2063/1554/1183 2059/1531/1160 2569/1530/1159
f 2985/1549/1178 2983/1578/1207 2505/1579/1208 2507/1550/1179
f 2071/1580/1209 2541/1581/1210 2543/1582/1211 2081/1583/1212
f 1708/1584/1213 1714/1585/1214 1628/1586/1215 1704/1587/1216 1698/1588/1217 1687/1589/1218 1693/1590/1219 1722/1591/1220 1648/1592/1221 1650/1593/1222
f 2989/1560/1189 2987/1548/1177 2513/1551/1180 2499/1561/1190
f 2547/1594/1223 2476/1595/1224 2694/1596/1225 2690/1597/1157
f 2465/1598/1226 2468/1599/1227 2591/1600/1228 2589/1601/1229
f 2560/1602/1230 2558/1603/1231 2552/1604/1232 2550/1605/1233 2544/1606/1234 2542/1607/1235 2540/1608/1236 2537/1609/1237 2522/1610/1238 2518/1611/1239 2494/1612/1240 2484/1613/1241 2490/1614/1242 2474/1615/1243 2574/1616/1244 2568/1617/1245 2570/1618/1246 2566/1619/1247 2572/1620/1248 2562/1621/1249 2564/1622/1250 2554/1623/1251 2556/1624/1252 2579/1625/1253 2661/1626/1254 2659/1627/1255 2657/1628/1256 2655/1629/1257 2645/1630/1258 2639/1631/1259 2613/1632/1260 2609/1633/1261 2605/1634/1262 2597/1635/1263 2585/1636/1264 2669/1637/1265 2677/1638/1266 2679/1639/1267 2681/1640/1268 2683/1641/1269 2687/1642/1270 2685/1643/1271 2671/1644/1272 2675/1645/1273 2673/1646/1274 2582/1647/1275
f 2983/1578/1207 2981/1648/1276 2523/1649/1277 2505/1579/1208
f 2094/1650/1278 2092/1651/1279 2024/1652/1280 2151/1653/1281 2207/1654/1282 2205/1655/1283 2183/1656/1284 2179/1657/1285 2175/1658/1286 2171/1659/1287 2159/1660/1288 2143/1661/1289 2135/1662/1290 2123/1663/1291 2109/1664/1292 2213/1665/1293 2215/1666/1294 2111/1667/1295 2113/1668/1296 2115/1669/1297 2119/1670/1298 2117/1671/1299 2217/1672/1300 2221/1673/1301 2219/1674/1302 2149/1675/1303 2021/1676/1304 2090/1677/1305 2088/1678/1306 2086/1679/1307 2084/1680/1308 2070/1681/1309 2068/1682/1310 2049/1683/1311 2042/1684/1312 2034/1685/1313 2018/1686/1314 2002/1687/1315 2010/1688/1316 1990/1689/1317 2106/1690/1318 2104/1691/1319 2100/1692/1320 2102/1693/1321 2098/1694/1322 2096/1695/1323
f 1505/1696/1324 1513/1697/1325 1460/1698/1326 1480/1699/1327
f 2977/1700/1328 2975/1701/1329 2481/1702/1330 2487/1703/1331
f 2007/1704/1332 2489/1705/1333 2483/1706/1334 1999/1707/1335
f 1511/1708/1336 2009/1709/1337 2001/1710/1338 1507/1711/1339
f 2493/1712/1340 2015/1713/1341 1999/1707/1335 2483/1706/1334
f 2017/1714/1342 1515/1715/1343 1507/1711/1339 2001/1710/1338
f 1464/1716/1344 1509/1717/1345 1517/1718/1346 1462/1719/1347
f 2517/1720/1348 2031/1721/1349 2015/1713/1341 2493/1712/1340
f 2033/1722/1350 1519/1723/1351 1515/1715/1343 2017/1714/1342
f 1462/1719/1347 1517/1718/1346 1521/1724/1352 1486/1725/1353
f 2521/1726/1354 2039/1727/1355 2031/1721/1349 2517/1720/1348
f 2041/1728/1356 1531/1729/1357 1519/1723/1351 2033/1722/1350
f 1486/1725/1353 1521/1724/1352 1533/1730/1358 1482/1731/1359
f 2538/1732/1360 2047/1733/1361 2039/1727/1355 2521/1726/1354
f 2050/1734/1362 1535/1735/1363 1531/1729/1357 2041/1728/1356
f 1482/1731/1359 1533/1730/1358 1538/1736/1364 1484/1737/1365
f 2525/1738/1366 2967/1739/1367 2965/1740/1368 2529/1741/1369
f 2067/1742/1370 1555/1743/1371 1535/1735/1363 2050/1734/1362
f 1484/1737/1365 1538/1736/1364 1543/1744/1372 1494/1745/1373
f 2549/1746/1374 2075/1747/1375 2081/1583/1212 2543/1582/1211
f 2529/1741/1369 2965/1740/1368 2963/1748/1376 2527/1749/1377
f 2069/1750/1378 1557/1751/1379 1555/1743/1371 2067/1742/1370
f 2665/1752/1380 2546/1753/1381 2578/1566/1195 2691/1569/1198
f 2963/1748/1376 2961/1754/1382 2535/1755/1383 2527/1749/1377
f 1559/1756/1384 1561/1757/1385 1432/1758/1386 1418/1759/1387
f 2557/1760/1388 2078/1761/1389 2079/1762/1390 2551/1763/1391
f 2961/1754/1382 2959/1764/1392 2531/1765/1393 2535/1755/1383
f 1593/1766/1394 1592/1767/1395 1578/1768/1396 1694/1769/1397 1688/1770/1197
f 2053/1543/1172 2051/1771/1398 2553/1772/1399 2563/1544/1173
f 2047/1733/1361 2538/1732/1360 2539/1773/1372 2065/1774/1400
f 1615/1775/1401 1611/1776/1402 2091/1777/1403 2093/1778/1404
f 1575/1779/1405 2083/1780/1406 2085/1781/1407 1595/1782/1408
f 2491/1783/1409 2973/1784/1410 2971/1785/1411 2515/1786/1412
f 1608/1787/1413 1610/1788/1414 1713/1789/1228 1707/1790/1229
f 1584/1527/1156 1590/1791/1415 1700/1792/1416 1689/1528/1157
f 1987/1793/1417 2473/1794/1418 2489/1705/1333 2007/1704/1332
f 2631/1795/1419 2510/1796/1420 2547/1594/1223 2690/1597/1157
f 1980/1797/1421 1975/1798/1097 1810/1799/1422 1816/1800/1423
f 2779/1313/951 2271/1312/950 2273/1801/1424 2345/1802/1425 2807/1803/1426 2781/1804/1427
f 2804/1805/1428 2949/1806/1429 2947/1807/1430 2715/1808/1431 2717/1809/1432
f 2346/1810/1433 2274/1811/1434 2433/1812/1435 2440/1813/1436 2343/1814/1437
f 1857/1329/965 1851/1309/947 2313/1308/946 2317/1330/966
f 2888/1815/1438 2803/1816/1439 2718/1817/1440 2883/1818/1441
f 2795/1819/1442 2267/1820/956 2275/1311/949 2797/1310/948
f 2333/1319/957 1841/1318/956 1845/1821/949 2337/1822/1443
f 2719/1823/1444 2945/1824/1445 2943/1825/1446 2711/1826/1447
f 2799/1827/954 2269/1828/955 2267/1820/956 2795/1819/1442
f 2362/1829/1448 2348/1830/1449 2350/1831/1450 2364/1832/1451
f 2711/1826/1447 2943/1825/1446 2941/1833/1452 2713/1834/1453
f 2861/1427/1059 2782/1426/1058 2808/1835/1454 2899/1836/1455
f 2329/1837/1101 1837/1838/1100 1847/1317/955 2339/1316/954
f 2810/1839/1456 2807/1803/1426 2345/1802/1425 2344/1840/1457 2226/1841/1458 2233/1842/1459 2252/1843/1460 2249/1844/1461 2245/1845/1462 2243/1846/1463 1811/1847/1464 1814/1848/1465 1818/1849/1458 1745/1850/1459 1752/1851/1460 1833/1852/1461 1827/1853/1466 1823/1854/1467 1490/1855/1468 1470/1856/1469 2951/1857/1470 2949/1806/1429 2804/1805/1428 2805/1858/1471 2765/1859/1472 2696/1860/1473
f 2806/1300/938 2803/1816/1439 2888/1815/1438 2893/1301/939
f 1839/1861/1474 1837/1838/1100 2329/1837/1101 2331/1862/1102
f 2721/1863/1475 2939/1864/1476 2937/1865/1477 2707/1866/1478
f 2337/1822/1443 1845/1821/949 1843/1867/1479 2336/1868/1480
f 2263/1869/981 2265/1470/1099 2793/1473/1102 2789/1870/1481
f 2937/1865/1477 2935/1871/1482 2709/1872/1483 2707/1866/1478
f 2791/1472/1101 2277/1471/1100 2269/1828/955 2799/1827/954
f 1875/1873/1484 1868/1874/1485 1950/1875/1486 1916/1876/1487 1918/1877/1488 1976/1878/1489 1979/1879/1490 1908/1880/1491 1897/1881/1492 1888/1882/1493
f 2715/1808/1431 2947/1807/1430 2945/1824/1445 2719/1823/1444
f 2297/1883/1494 2299/1884/1495 2801/1885/1496 2785/1886/1497
f 1859/1337/972 1863/1346/980 2341/1349/983 2323/1338/973
f 2892/1887/1421 2760/1888/1498 2755/1889/1499 2831/1890/1500
f 2305/1288/926 1822/1291/929 1865/1336/971 2325/1339/974
f 1861/1347/981 1839/1861/1474 2331/1862/1102 2327/1348/982
f 2927/1891/1501 2930/1892/1502 2932/1893/1503 2934/1894/1504 2936/1895/1505 2938/1896/1506 2940/1897/1507 2942/1898/1508 2944/1899/1509 2946/1900/1510 2948/1901/1511 2950/1902/1512 2952/1903/1513 2954/1904/1514 2956/1905/1515 2958/1906/1516 2960/1907/1517 2962/1908/1518 2964/1909/1519 2966/1910/1520 2968/1911/1521 2970/1912/1522 2972/1913/1523 2974/1914/1524 2976/1915/1525 2978/1916/1526 2980/1917/1527 2982/1918/1528 2984/1919/1529 2986/1920/1530 2988/1921/1531 2990/1922/1532 2992/1923/1533 2994/1924/1534 2996/1925/1535 2998/1926/1536 3000/1927/1537 3002/1928/1538 3004/1929/1539 3006/1930/1540 3008/1931/1541 3010/1932/1542 3012/1933/1543 3014/1934/1544 3016/1935/1545 3018/1936/1546 3020/1937/1547 3022/1938/1548
f 2299/1884/1495 2263/1869/981 2789/1870/1481 2801/1885/1496
f 1887/1402/1034 1831/1401/1033 1825/1939/1549 1876/1940/1550
f 2709/1872/1483 2935/1871/1482 2933/1294/932 2747/1297/935
f 2814/1941/1551 2812/1942/1449 2824/1943/1552 2826/1944/1553
f 2350/1831/1450 2348/1830/1449 2366/1945/1552 2370/1946/1553
f 1874/1947/1450 1872/1948/1449 1890/1949/1552 1894/1950/1553
f 2827/1951/1554 2834/1952/1555 2894/1953/1556 2887/1954/1557 2884/1955/1558 2910/1956/1559 2860/1957/1560 2862/1958/1561 2900/1959/1562 2904/1960/1563
f 2368/1961/1564 2460/1962/1565 2412/1963/1566 2428/1964/1567
f 1900/1965/1568 1902/1966/1569 1906/1967/1570 1904/1968/1571
f 1912/1969/1572 1904/1968/1571 1906/1967/1570 1914/1970/1573
f 2850/1971/1572 2840/1972/1571 2842/1973/1574 2856/1974/1575
f 2437/1975/1489 2441/1976/1490 2388/1977/1491 2393/1978/1492 2450/1979/1493 2446/1980/1484 2408/1981/1576 2406/1982/1486 2454/1983/1487 2436/1984/1488
f 2846/1985/1486 2848/1986/1577 2912/1987/1578 2914/1988/1487
f 2356/1989/1579 2352/1990/1572 2384/1991/1573 2386/1992/1580
f 1942/1993/1581 1912/1969/1572 1914/1970/1573 1944/1994/1582
f 2854/1995/1583 2852/1996/1584 2890/1997/1585 2868/1998/1581
f 2354/1999/1585 2356/1989/1579 2386/1992/1580 2396/2000/1586
f 1922/2001/1587 1916/1876/1487 1950/1875/1486 1952/2002/1588
f 2890/1997/1585 2852/1996/1584 2866/2003/1589 2896/2004/1590
f 2400/2005/1589 2398/2006/1591 2354/1999/1585 2396/2000/1586
f 1968/2007/1589 1946/2008/1590 1948/2009/1585 1974/2010/1592
f 2896/2004/1590 2866/2003/1589 2858/2011/1593 2906/2012/1594
f 2366/1945/1552 2358/2013/1595 2360/2014/1596 2370/1946/1553
f 2906/2012/1594 2858/2011/1593 2864/2015/1597 2908/2016/1598
f 2424/2017/1599 2426/2018/1598 2402/2019/1594 2404/2020/1593
f 1970/2021/1560 1936/2022/1559 1940/2023/1598 1972/2024/1600
f 2908/2016/1598 2864/2015/1597 2860/1957/1560 2910/1956/1559
f 2406/1982/1486 2410/2025/1601 2458/2026/1578 2454/1983/1487
f 1966/2027/1602 1934/2028/1594 1946/2008/1590 1968/2007/1589
f 2870/2029/1603 2874/2030/1604 2920/2031/1565 2916/2032/1605
f 1948/2009/1585 1942/1993/1581 1944/1994/1582 1974/2010/1592
f 2404/2020/1593 2402/2019/1594 2398/2006/1591 2400/2005/1589
f 1884/2033/1448 1872/1948/1449 1874/1947/1450 1886/2034/1451
f 2598/2035/1606 2596/2036/1607 2584/2037/1608 2586/2038/1609
f 2144/2039/1610 2142/2040/1611 2134/2041/1612 2136/2042/1613
f 2202/2043/1614 2130/2044/1615 2128/2045/1616 2139/2046/1617 2148/2047/1618 2168/2048/1619 2164/2049/1620 2156/2050/1621 2150/2051/1622 2220/2052/1623
f 1734/2053/1624 1670/2054/1625 1676/2055/1626 1728/2056/1627
f 2646/2057/1628 2644/2058/1629 2638/2059/1630 2640/2060/1631
f 1740/2061/1632 1684/2062/1633 1680/2063/1634 1738/2064/1635
f 2676/2065/1625 2636/2066/1636 2634/2067/1637 2674/2068/1638
f 2222/2069/1639 2200/2070/1640 2202/2043/1614 2220/2052/1623
f 1730/2071/1641 1668/2072/1642 1686/2073/1643 1742/2074/1644
f 2136/2042/1613 2134/2041/1612 2122/1575/1204 2124/1574/1203
f 2672/2075/1626 2630/2076/1645 2636/2066/1636 2676/2065/1625
f 2118/2077/1646 2198/2078/1647 2204/2079/1648 2218/2080/1649
f 1732/2081/1637 1674/2082/1638 1670/2054/1625 1734/2053/1624
f 2198/2078/1647 2118/2077/1646 2120/2083/1650 2212/2084/1651
f 2688/2085/1643 2652/2086/1644 2654/2087/1641 2686/2088/1642
f 2212/2084/1651 2120/2083/1650 2116/2089/1652 2210/2090/1653
f 1738/2064/1635 1680/2063/1634 1682/2091/1654 1736/2092/1655
f 2684/2093/1656 2648/2094/1657 2652/2086/1644 2688/2085/1643
f 2192/2095/1658 2112/2096/1659 2216/2097/1660 2196/2098/1661
f 1742/2074/1644 1686/2073/1643 1684/2062/1633 1740/2061/1632
f 2686/2088/1642 2654/2087/1641 2630/2076/1645 2672/2075/1626
f 2210/2090/1653 2116/2089/1652 2114/2099/1662 2194/2100/1663
f 1724/2101/1664 1664/2102/1665 1666/2103/1666 1726/2104/1667
f 2680/2105/1654 2626/2106/1655 2650/2107/1635 2682/2108/1634
f 1728/2056/1627 1676/2055/1626 1668/2072/1642 1730/2071/1641
f 2678/2109/1665 2628/2110/1664 2626/2106/1655 2680/2105/1654
f 2218/2080/1649 2204/2079/1648 2200/2070/1640 2222/2069/1639
f 1642/2111/1668 1640/2112/1669 1636/2113/1670 1638/2114/1671
f 2606/2115/1668 2604/2116/1669 2596/2036/1607 2598/2035/1606
f 2194/2100/1663 2114/2099/1662 2112/2096/1659 2192/2095/1658
f 2624/2117/1672 2670/2118/1673 2586/2038/1609 2584/2037/1608
f 2190/2119/1674 2214/2120/1675 2110/1577/1206 2108/1576/1205
f 1726/2104/1667 1666/2103/1666 1634/2121/1676 1632/2122/1677
f 2610/2123/1678 2608/2124/1679 2604/2116/1669 2606/2115/1668
f 2145/2125/1680 2138/2126/1681 2125/2127/1682 2132/2128/1683 2188/2129/1684 2208/2130/1685 2152/2131/1686 2154/2132/1687 2162/2133/1688 2166/2134/1689
f 1646/2135/1690 1644/2136/1679 1640/2112/1669 1642/2111/1668
f 2614/2137/1691 2612/2138/1692 2608/2124/1679 2610/2123/1678
f 2160/2139/1693 2158/2140/1694 2142/2040/1611 2144/2039/1610
f 1662/2141/1695 1678/2142/1692 1644/2136/1679 1646/2135/1690
f 1656/2143/1696 1648/1592/1221 1722/1591/1220 1720/2144/1697
f 2640/2060/1631 2638/2059/1630 2612/2138/1692 2614/2137/1691
f 2158/2140/1694 2160/2139/1693 2172/2145/1698 2170/2146/1699
f 1696/2147/1630 1658/2148/1700 1660/2149/1701 1702/2150/1629
f 2176/2151/1702 2174/2152/1703 2170/2146/1699 2172/2145/1698
f 2616/2153/1220 2622/2154/1704 2660/2155/1696 2662/2156/1221
f 1736/2092/1655 1682/2091/1654 1664/2102/1665 1724/2101/1664
f 2642/2157/1705 2644/2058/1629 2646/2057/1628 2656/2158/1706
f 2176/2151/1702 2180/2159/1707 2178/2160/1708 2174/2152/1703
f 2182/2161/1709 2178/2160/1708 2180/2159/1707 2184/2162/1710
f 1678/2142/1692 1662/2141/1695 1658/2148/1700 1696/2147/1630
f 2682/2108/1634 2650/2107/1635 2648/2094/1657 2684/2093/1656
f 1652/2163/1711 1656/2143/1696 1720/2144/1697 1718/2164/1712
f 2622/2154/1704 2620/2165/1713 2658/2166/1711 2660/2155/1696
f 2186/2167/1714 2182/2161/1709 2184/2162/1710 2206/2168/1715
f 1660/2149/1701 1654/2169/1706 1712/2170/1716 1702/2150/1629
f 2670/2118/1673 2624/2117/1672 2628/2110/1664 2678/2109/1665
f 2188/2129/1684 2186/2167/1714 2206/2168/1715 2208/2130/1685
f 1654/2169/1706 1652/2163/1711 1718/2164/1712 1712/2170/1716
f 2620/2165/1713 2642/2157/1705 2656/2158/1706 2658/2166/1711
f 2214/2120/1675 2190/2119/1674 2196/2098/1661 2216/2097/1660
f 2581/2171/1717 2674/2068/1638 2634/2067/1637 2632/2172/1718 2689/2173/1719 2693/2174/1720 2664/2175/1721 2599/2176/1722 2594/2177/1723 2588/2178/1724
f 1691/2179/1718 1690/2180/1719 1699/2181/1725 1705/2182/1726 1630/2183/1722 1716/2184/1727 1710/2185/1724 1672/2186/1717 1674/2082/1638 1732/2081/1637
f 2840/1972/1571 2836/2187/1728 2838/2188/1569 2842/1973/1574
f 2391/2189/1554 2390/2190/1555 2444/2191/1729 2439/2192/1557 2434/2193/1558 2432/2194/1559 2420/2195/1560 2422/2196/1561 2448/2197/1562 2452/2198/1563
f 1981/2199/1729 1977/2200/1557 1938/2201/1558 1936/2022/1559 1970/2021/1560 1870/2202/1730 1878/2203/1562 1892/2204/1731 1896/2205/1554 1910/2206/1555
f 2848/1986/1577 2870/2029/1603 2916/2032/1605 2912/1987/1578
f 2410/2025/1601 2414/2207/1603 2456/2208/1605 2458/2026/1578
f 1920/2209/1605 1922/2001/1587 1952/2002/1588 1954/2210/1603
f 2850/1971/1572 2856/1974/1575 2854/1995/1583 2868/1998/1581
f 2414/2207/1603 2412/1963/1566 2460/1962/1565 2456/2208/1605
f 1924/2211/1565 1920/2209/1605 1954/2210/1603 1956/2212/1732
f 2874/2030/1604 2872/2213/1567 2918/2214/1564 2920/2031/1565
f 2426/2018/1598 2424/2017/1599 2420/2195/1560 2432/2194/1559
f 1928/2215/1564 1924/2211/1565 1956/2212/1732 1958/2216/1567
f 2872/2213/1567 2880/2217/1733 2926/2218/1734 2918/2214/1564
f 2374/2219/1734 2368/1961/1564 2428/1964/1567 2430/2220/1735
f 1926/2221/1736 1928/2215/1564 1958/2216/1567 1960/2222/1737
f 2880/2217/1733 2876/2223/1738 2922/2224/1739 2926/2218/1734
f 2372/2225/1739 2374/2219/1734 2430/2220/1735 2418/2226/1740
f 1932/2227/1739 1926/2221/1736 1960/2222/1737 1962/2228/1738
f 2876/2223/1738 2878/2229/1741 2924/2230/1742 2922/2224/1739
f 2416/2231/1741 2462/2232/1742 2372/2225/1739 2418/2226/1740
f 1930/2233/1742 1932/2227/1739 1962/2228/1738 1964/2234/1741
f 2380/2235/1571 2376/2236/1568 2378/2237/1569 2382/2238/1570
f 1972/2024/1600 1940/2023/1598 1934/2028/1594 1966/2027/1602
f 2836/2187/1728 2820/2239/1743 2822/2240/1744 2838/2188/1569
f 2376/2236/1568 2362/1829/1448 2364/1832/1451 2378/2237/1569
f 1900/1965/1568 1884/2033/1448 1886/2034/1451 1902/1966/1569
f 2878/2229/1741 2818/2241/1596 2816/2242/1745 2924/2230/1742
f 2416/2231/1741 2360/2014/1596 2358/2013/1595 2462/2232/1742
f 1882/2243/1596 1880/2244/1745 1930/2233/1742 1964/2234/1741
f 2824/1943/1552 2816/2242/1745 2818/2241/1596 2826/1944/1553
f 2352/1990/1572 2380/2235/1571 2382/2238/1570 2384/1991/1573
f 1890/1949/1552 1880/2244/1745 1882/2243/1596 1894/1950/1553
f 1935/2245/1746 1937/2246/1747 1808/2247/1748 1844/2248/1749 1846/2249/1750 1842/2250/1751 1848/2251/1752 1838/2252/1753 1840/2253/1754 1862/2254/1755 1864/2255/1756 1860/2256/1757 1866/2257/1758 1821/2258/1759 1820/2259/1760 1830/2260/1761 1836/2261/1762 1850/2262/1763 1852/2263/1764 1858/2264/1765 1856/2265/1766 1854/2266/1767 1748/2267/1768 1788/2268/1769 1771/2269/1770 1917/2270/1771 1915/2271/1772 1921/2272/1773 1919/2273/1774 1923/2274/1775 1927/2275/1776 1925/2276/1777 1931/2277/1778 1929/2278/1779 1879/2279/1780 1889/2280/1781 1871/2281/1782 1883/2282/1783 1899/2283/1784 1903/2284/1785 1911/2285/1786 1941/2286/1787 1947/2287/1788 1945/2288/1789 1933/2289/1790 1939/2290/1791
f 2225/2291/1792 2443/2292/939 2389/2293/940 2234/2294/1793
f 1759/2295/1794 1753/2296/1795 1476/2297/1796 1466/2298/1797
f 2421/1357/989 2238/1356/988 2244/2299/1798 2246/2300/1799 2447/2301/1455
f 2239/2302/1800 2241/2303/1801 2235/1380/1012 2407/1379/1011 2445/2304/1550
f 1813/2305/1802 1978/2306/1436 1982/2307/1803 1817/2308/1792
f 2291/1343/978 2285/1332/968 2775/1335/966 2773/1344/967
f 1743/2309/1804 1750/1400/1032 1898/1403/1035 1907/2310/1500
f 1751/2311/1805 1746/2312/1793 1909/2313/940 1895/2314/1806
f 1767/2315/1807 1759/2295/1794 1466/2298/1797 1458/2316/1808
f 1775/1463/1092 1765/2317/1809 1440/2318/1810 1436/1464/1093
f 1835/1299/937 2309/1298/936 2311/1307/945 1849/1306/944
f 1877/2319/1811 1828/2320/1812 1834/2321/1813 1891/2322/1814
f 1891/2322/1814 1834/2321/1813 1751/2311/1805 1895/2314/1806
f 1753/2296/1795 1757/2323/1815 1478/2324/1816 1476/2297/1796
f 2231/2325/1804 2254/2326/1032 2394/2327/1035 2387/2328/1500
f 2251/2329/1805 2234/2294/1793 2389/2293/940 2392/2330/1806
f 2259/1459/1089 2236/2331/1817 2242/2332/1818 1769/2333/1819 1772/2334/1820 1787/1460/1090
f 1747/1461/1087 1853/1350/977 2321/1351/979 2229/1458/1088
f 2295/1287/929 2301/2335/971 2787/2336/974 2763/1284/926
f 2725/2337/1821 2727/1404/1036 2844/1449/1079 2897/2338/1550
f 2343/1814/1437 2440/1813/1436 2443/2292/939 2225/2291/1792
f 2903/2339/1822 2809/2340/1823 2695/2341/1824 2828/2342/1806
f 2442/2343/1825 2438/2344/1826 2316/2345/1827 2224/2346/1828
f 2431/2347/1829 2433/1812/1435 2274/1811/1434 2272/2348/1830 2276/2349/1831 2268/2350/1832 2270/2351/1833 2278/2352/1834 2266/2353/1835 2264/2354/1836 2300/2355/1837 2298/2356/1838 2302/2357/1839 2296/2358/1840 2280/2359/1841 2294/2360/1842 2304/2361/1843 2288/2362/1844 2290/2363/1845 2286/2364/1846 2292/2365/1847 2284/2366/1848 2228/2367/1849 2261/2368/1850 2257/2369/1776 2435/2370/1851 2453/2371/1852 2457/2372/1853 2455/2373/1854 2459/2374/1855 2367/2375/1856 2373/2376/1857 2371/2377/1858 2461/2378/1859 2357/2379/1860 2365/2380/1861 2347/2381/1862 2361/2382/1863 2375/2383/1864 2379/2384/1865 2351/2385/1866 2355/2386/1867 2353/2387/1868 2397/2388/1869 2401/2389/1870 2425/2390/1871
f 2336/1868/1480 1843/1867/1479 1807/2391/1872 1811/1847/1464 2243/1846/1463 2237/2392/1873
f 2247/2393/1033 2239/2302/1800 2445/2304/1550 2449/2394/1034
f 2254/2326/1032 2247/2393/1033 2449/2394/1034 2394/2327/1035
f 2447/2301/1455 2246/2300/1799 2250/2395/1813 2451/2396/1822
f 2451/2396/1822 2250/2395/1813 2251/2329/1805 2392/2330/1806
f 2257/2369/1776 2256/2397/1874 2316/2345/1827 2438/2344/1826 2435/2370/1851
f 3005/2398/1875 3003/2399/1876 2704/2400/1877 2699/2401/1878
f 1587/2402/1879 1586/2403/1880 1598/2404/1881 1529/2405/1882 1524/2406/1883 1589/2407/1884 1583/2408/1885 1581/2409/1886 2028/2410/1887 2030/2411/1888 2038/2412/1889 2045/2413/1890 2014/2414/1891 2005/2415/1892 1995/2416/1893 1997/2417/1894 2463/2418/1895 2470/2419/1896 2477/2420/1897 2480/2421/1898 2475/2422/1899 2548/2423/1900 2953/2424/1901 2951/1857/1470 1470/1856/1469 1452/2425/1902
f 2883/1818/1441 2718/1817/1440 2716/2426/1903 2720/2427/1904 2712/2428/1905 2714/2429/1906 2722/2430/1907 2708/2431/1908 2710/2432/1909 2748/2433/1910 2750/2434/1911 2746/2435/1912 2752/2436/1913 2742/2437/1914 2744/2438/1915 2740/2439/1916 2738/2440/1917 2734/2441/1918 2736/2442/1919 2732/2443/1920 2730/2444/1921 2700/2445/1922 2703/2446/1923 2706/1466/1095 2881/1469/1098 2913/2447/1924 2911/2448/1925 2915/2449/1926 2919/2450/1927 2917/2451/1928 2925/2452/1929 2921/2453/1930 2923/2454/1931 2815/2455/1932 2823/2456/1933 2811/2457/1934 2819/2458/1935 2835/2459/1936 2839/2460/1937 2849/2461/1938 2867/2462/1939 2889/2463/1940 2895/2464/1941 2905/2465/1942 2907/2466/1943 2909/2467/1944
f 2227/1457/1087 2283/1342/977 2771/1345/979 2701/1454/1084
f 2713/1834/1453 2941/1833/1452 2939/1864/1476 2721/1863/1475
f 2886/1468/1097 2723/1467/1096 2760/1888/1498 2892/1887/1421
f 2899/1836/1455 2808/1835/1454 2809/2340/1823 2903/2339/1822
f 2753/1455/1085 2728/2468/1817 2726/2469/1945 2255/2470/1946 2258/2471/1947 2262/1456/1086
f 2293/2472/1948 2279/1286/928 2757/1285/927 2767/2473/930
f 2303/1321/937 2293/2472/1948 2767/2473/930 2769/1322/936
f 2725/2337/1821 2897/2338/1550 2901/2474/1034 2762/2475/1949
f 2301/2335/971 2297/1883/1494 2785/1886/1497 2787/2336/974
f 2735/1353/985 3011/1352/984 3009/1450/1080 2731/1453/1083
f 2820/2239/1743 2812/1942/1449 2814/1941/1551 2822/2240/1744
f 2755/1889/1499 2698/2476/1950 2830/2477/1035 2831/1890/1500
f 2704/2400/1877 3003/2399/1876 3001/2478/1951 2724/2479/1952 2705/2480/1953
f 3007/1451/1081 3005/2398/1875 2699/2401/1878 2729/1452/1082
f 2137/2481/1954 2003/2482/1955 1993/2483/1956 2126/2484/1957
f 1610/1788/1414 1527/2485/1958 1627/2486/1959 1713/1789/1228
f 1474/2487/1960 1573/2488/1961 1505/1696/1324 1480/1699/1327
f 1605/2489/1962 2089/2490/1963 2022/2491/1964 2028/2410/1887 1581/2409/1886 1580/2492/1965
f 2029/2493/1966 2027/2494/1967 2021/1676/1304 2149/1675/1303 2155/2495/1968
f 1715/2496/1969 1597/2497/1970 1585/2498/1971 1709/2499/1972
f 2089/2490/1963 1605/2489/1962 1601/2500/1973 2087/2501/1974
f 1523/2502/1975 1530/2503/1976 1629/2504/1977 1706/2505/1978
f 1527/2485/1958 1526/2506/1979 1703/2507/1380 1627/2486/1959
f 1541/2508/1980 1551/2509/1981 1406/2510/1982 1414/2511/1983
f 1557/1751/1379 2069/1750/1378 2083/1780/1406 1575/1779/1405
f 1599/2512/1955 1593/1766/1394 1688/1770/1197 1697/2513/1198
f 1613/1535/1164 1615/1775/1401 2093/1778/1404 2095/1536/1165
f 2065/1774/1400 2539/1773/1372 2541/1581/1210 2071/1580/1209
f 1629/2504/1977 1530/2503/1976 1597/2497/1970 1715/2496/1969
f 1504/2514/1984 1989/2515/1985 2009/1709/1337 1511/1708/1336
f 2575/1567/1196 2496/2516/1986 2617/2517/1987 2668/1568/1197
f 2013/2518/1975 2046/2519/1976 2167/2520/1988 2147/2521/1989
f 1625/1565/1194 2105/1564/1193 1989/2515/1985 1504/2514/1984
f 2556/1624/1252 2465/1598/1226 2589/1601/1229 2579/1625/1253
f 2051/1771/1398 1983/2522/1990 1991/2523/1991 2466/2524/1992 2555/2525/1993 2553/1772/1399
f 2485/2526/1994 2546/1753/1381 2665/1752/1380 2601/2527/1959
f 2593/2528/1995 2469/2529/1996 2464/2530/1997 2587/2531/1998
f 2043/2532/1958 2012/2533/1979 2146/2534/1999 2165/2535/2000
f 2006/2536/1415 2013/2518/1975 2147/2521/1989 2140/2537/2001
f 2026/2538/1413 2036/2539/1414 2161/2540/2002 2153/2541/2003
f 2019/2542/2004 2023/2543/2005 2091/1777/1403 1611/1776/1402 1577/2544/2006 1591/2545/2007
f 2163/2546/2008 2037/2547/1970 2029/2493/1966 2155/2495/1968
f 2515/1786/1412 2971/1785/1411 2969/2548/2009 2519/2549/2010
f 2519/2549/2010 2969/2548/2009 2967/1739/1367 2525/1738/1366
f 2167/2520/1988 2046/2519/1976 2037/2547/1970 2163/2546/2008
f 2979/2550/2011 2977/1700/1328 2487/1703/1331 2471/2551/2012
f 2481/1702/1330 2975/1701/1329 2973/1784/1410 2491/1783/1409
f 2073/1553/1182 2573/1552/1181 2473/1794/1418 1987/1793/1417
f 2959/1764/1392 2957/1570/1199 2533/1573/1202 2531/1765/1393
f 2466/2552/1992 1991/2553/1991 1994/2554/2013 2004/2555/2014 2011/2556/2015 2044/2557/2016 2035/2558/2017 2025/2559/2018 2019/2560/2004 1591/2561/2007 1594/2562/2019 1600/2563/2020 1525/2564/2021 1528/2565/2022 1609/2566/2023 1607/2567/2024 1603/2568/2025 1428/2569/2026 1492/2570/2027 2999/2571/2028 2997/2572/1150 2576/2573/1149 2577/2574/2029 2545/2575/2030 2486/2576/2031 2467/2577/2032
f 2590/2578/1213 2592/2579/1214 2602/2580/1215 2666/2581/1216 2692/2582/2033 2667/2583/1218 2618/2584/1219 2616/2153/1220 2662/2156/1221 2580/2585/1222
f 2476/1595/1224 2479/2586/2034 2663/2587/1978 2694/1596/1225
f 2479/2586/2034 2478/2588/2035 2600/2589/1977 2663/2587/1978
f 2551/1763/1391 2079/1762/1390 2075/1747/1375 2549/1746/1374
f 2724/2479/1952 3001/2478/1951 2999/2571/2028 1492/2570/2027 1488/2590/2036 1774/2591/2037 1826/2592/2038 1832/2593/2039 1749/2594/2040 1744/2595/2041 1815/2596/2042 1809/2597/2043 1769/2333/1819 2242/2332/1818 2240/2598/2044 2248/2599/2039 2253/2600/2040 2232/2601/2045 2223/2602/2046 2315/2603/2047 2255/2470/1946 2726/2469/1945 2761/2604/2048 2697/2605/2049 2756/2606/2050 2759/2607/2051
f 1997/2417/1894 1986/2608/2052 2078/1761/1389 2557/1760/1388 2559/2609/2053 2463/2418/1895
f 2468/1599/1227 2485/2526/1994 2601/2527/1959 2591/1600/1228
f 2464/2530/1997 2560/1602/1230 2582/1647/1275 2587/2531/1998
f 2600/2589/1977 2478/2588/2035 2469/2529/1996 2593/2528/1995
f 2617/2517/1987 2496/2516/1986 2498/2610/2054 2504/2611/2055 2502/2612/2056 2500/2613/2057 2514/2614/2058 2508/2615/2059 2506/2616/2060 2524/2617/2061 2472/2618/2062 2488/2619/2063 2482/2620/2064 2492/2621/2065 2516/2622/2066 2520/2623/2067 2526/2624/2068 2530/2625/2069 2528/2626/2070 2536/2627/2071 2532/2628/2072 2534/2629/2073 2511/2630/2074 2510/1796/1420 2631/1795/1419 2633/2631/2075 2635/2632/2076 2629/2633/2077 2653/2634/2078 2651/2635/2079 2647/2636/2080 2649/2637/2081 2625/2638/2082 2627/2639/2083 2623/2640/2084 2583/2641/2085 2595/2642/2086 2603/2643/2087 2607/2644/2088 2611/2645/2089 2637/2646/2090 2643/2647/2091 2641/2648/2092 2619/2649/2093 2621/2650/2094 2615/2651/2095
f 2981/1648/1276 2979/2550/2011 2471/2551/2012 2523/1649/1277
f 1343/2652/2096 1234/2653/2097 1228/2654/2098 1220/2655/2099 1319/2656/2100
f 1201/2657/2101 1199/2658/2102 3051/2659/2103 3139/2660/2104 3244/2661/2105 3243/2662/2106 3242/2663/2107 3241/2664/2108 3132/2665/2109 3129/2666/2110 3130/2667/2111
f 1207/2668/2112 3052/2669/2113 3055/2670/892 1209/2671/2114
f 1211/2672/2115 3057/2673/2116 3059/2674/2117 1213/2675/2118
f 1340/2676/2119 1213/2675/2118 3059/2674/2117 3061/2677/2120
f 3061/2677/2120 3063/2678/2121 1332/2679/2122 1334/2680/2123 1340/2676/2119
f 1216/2681/2124 1171/2682/2125 1308/2683/2126 1336/2684/2127 1338/2685/2128
f 1172/2686/2129 3083/2670/2130 3085/2669/2131 1173/2687/2132
f 1184/2688/2133 1173/2687/2132 3085/2669/2131 3164/2689/2134 3220/2690/2135 3219/2691/2136 3218/2692/2137 3217/2693/2138 3146/2694/2139 3147/2695/2140 3148/2696/2141 1185/2697/2142
f 1186/2698/2143 3149/2699/2144 3150/2700/2145 3152/2701/2146 3212/2702/2147 3211/2703/2148 3210/2704/2149 3209/2705/2150 3160/2706/2151 3087/2659/2152 1174/2707/2153 1188/2708/2154
f 1176/2709/2155 3091/2710/2156 3093/2711/2157 1218/2712/2158
f 1280/2713/2159 1217/2714/2160 1314/2715/2161 1323/2716/2162
f 1318/2717/2163 1314/2715/2161 1217/2714/2160 1316/2718/2164 1192/2719/2165
f 2843/2720/1485 2846/1985/1486 2914/1988/1487 2882/2721/1488 2885/2722/1489 2891/2723/1490 2832/2724/1491 2829/2725/1492 2902/2726/1493 2898/2727/1484
f 1793/2728/2166 1795/2729/2167 1408/2730/2168 1412/2731/2169
f 1332/2679/2122 3063/2678/2121 3065/2732/2170 1325/2733/2171
f 3233/2734/2172 3025/2735/2173 3131/2736/2174 3248/2737/2175
f 3124/2738/2176 3128/2739/2177 3129/2740/2110 3132/2741/2109 3024/2742/2178 3028/2743/2179 3126/2744/2180
f 3253/2745/2181 3125/2746/2182 3027/2747/2183 3228/2748/2184
f 3146/2749/2139 3033/2750/2185 3031/2751/2186 3152/2752/2146 3150/2753/2145 3165/2754/2187 3167/2755/2188 3147/2756/2140
f 3224/2757/2189 3201/2758/2190 3034/2759/2191 3145/2760/2192
f 3197/2761/2193 3029/2762/2194 3032/2763/2195 3208/2764/2196
f 3182/2765/2197 3100/2766/2198 3035/2767/2199 3178/2768/2200
f 1185/2769/2142 3148/2770/2141 3168/2771/2201
f 1203/2772/2202 1201/2773/2101 3130/2774/2111 3127/2775/2203
f 1209/2671/2114 3055/2670/892 3057/2673/2116 1211/2672/2115
f 3052/2669/2113 1207/2668/2112 1205/2776/2204 3123/2777/2205 3124/2778/2176 3126/2779/2180 3252/2780/2206 3251/2781/2207 3250/2782/2208 3249/2783/2209 3142/2689/2210
f 3107/2784/2211 3103/2785/2212 3104/2786/2213 3105/2787/2214
f 3119/2788/2215 1113/2789/2216 1167/2790/2217 1112/2791/2218 1107/2792/2219 1162/2793/2220 1158/2794/2221 3117/2795/2222 3036/2796/2223 3102/2797/2224
f 3140/2798/2225 3050/2799/2226 3048/2800/2227 3046/2801/2228 3044/2802/2229 3042/2803/2230 3040/2804/2231 3039/2805/2232 3108/2806/2233 3117/2795/2222 1158/2794/2221 1154/2807/2234 1150/2808/2235 1146/2809/2236 1141/2810/2237 1136/2811/2238 1132/2812/2239 1128/2813/2240 1124/2814/2241 1120/2815/2242 1114/2816/2243 1119/2817/2235 1123/2818/2236 1125/2819/2237 1130/2820/2238 1134/2821/2239 1138/2822/2240 1142/2823/2241 1145/2824/2244 1149/2825/2245 3113/2826/2246 3111/2827/2247 3064/2828/2248 3062/2829/2249 3060/2830/2250 3058/2831/2251 3056/2832/2252 3054/2833/2253 3053/2834/2254 3144/2835/2255 3138/2836/2256 3134/2837/2257
f 3117/2795/2222 3108/2806/2233 3109/2838/2258 3115/2839/2259
f 3179/2840/2260 3037/2841/2261 3116/2842/2262 3169/2843/2263
f 1256/2844/2264 3109/2845/2258 3038/2846/2265 1258/2847/2266
f 1258/2847/2266 3038/2846/2265 3041/2848/2267 1252/2849/2268
f 1254/2850/2269 1252/2849/2268 3041/2848/2267 3043/2851/2270 1298/2852/2271
f 1197/2853/2272 3049/2854/838 3051/2659/2103 1199/2658/2102
f 1297/2855/2273 1192/2719/2165 1316/2718/2164 1301/2856/2274
f 1176/2857/2155 1218/2858/2158 1279/2859/2275 1281/2860/901 1250/2861/2276
f 1290/2862/2277 1288/2863/2278 1300/2864/2279 1306/2865/2280
f 1249/2866/2281 1321/2867/2282 1300/2864/2279 1288/2863/2278
f 3105/2868/2214 3104/2869/2213 1327/2870/2283 3191/2871/2284
f 1295/2872/2285 1309/2873/2286 1303/2874/2286 1308/2683/2126 1171/2682/2125 1172/2875/2129 1178/2876/2287 1182/2877/2288
f 1289/2878/2289 1245/2879/2290 1177/2880/2291 1180/2881/2292 1175/2882/2293 1176/2857/2155 1250/2861/2276 1287/2883/2294
f 1241/2884/2295 1294/2885/2296 1278/2886/2297 1374/2887/2298
f 1247/2888/2299 3072/2889/2300 3075/2890/2301 1260/2891/2302
f 3066/2892/2303 3069/2893/2304 3172/2894/2305 3188/2895/2306
f 1215/2896/2307 1345/2897/2308 1344/2898/2309 1214/2899/2310 1286/2900/2311
f 1216/2901/2124 3079/2902/2312 3081/2903/2313 1171/2904/2125
f 1302/2905/2314 3095/2906/2315 3097/2907/2316 1262/2908/2317 1264/2909/2318
f 1388/2910/2319 1382/2911/2320 1364/2912/2321 1361/2913/2322 1386/2914/2323 1384/2915/2324 1390/2916/2325
f 1325/2733/2171 3065/2732/2170 3110/2917/2326 1270/2918/2327
f 1354/2919/2328 1304/2920/2329 1310/2921/2330 1356/2922/2331
f 1350/2923/2332 1337/2924/2333 1307/2925/2334 1351/2926/2335
f 1331/2927/2336 1295/2872/2285 1182/2877/2288
f 1356/2922/2331 1310/2921/2330 1296/2928/2337 1357/2929/2338
f 1324/2930/2339 1271/2931/2340 1274/2932/2341 1326/2933/2342 1238/2934/2343 1329/2935/2344 1328/2936/2345 1248/2937/2346 1261/2938/2347 1268/2939/2348 1335/2940/2349 1333/2941/2350
f 3043/2851/2270 3045/2942/2351 1193/2943/2352 1298/2852/2271
f 1297/2855/2273 1301/2856/2274 1265/2944/2353 1255/2945/2354
f 1195/2946/2355 3047/2947/2356 3049/2854/838 1197/2853/2272
f 1348/2948/2357 1339/2949/2358 1337/2924/2333 1350/2923/2332
f 3115/2950/2259 3109/2951/2258 1256/2952/2264 3170/2953/2359
f 1249/2866/2281 1282/2954/2360 1312/2955/2361 1321/2867/2282
f 3097/2907/2316 3099/2956/2362 1283/2957/2363 1262/2908/2317
f 1171/2904/2125 3081/2903/2313 3083/2670/2130 1172/2686/2129
f 1218/2712/2158 3093/2711/2157 3095/2906/2315 1302/2905/2314 1315/2958/2364
f 1283/2957/2363 3099/2956/2362 3121/2845/2365 1239/2844/2366
f 1442/2959/2367 1547/2960/2368 1550/2961/2369 1587/2402/1879 1452/2425/1902
f 1273/2962/2370 1286/2900/2311 1214/2899/2310 1341/2963/2371
f 3107/2784/2211 3070/2964/2372 3068/2965/2373 3113/2826/2246 1149/2825/2245 1152/2966/2374 1156/2967/2375 1163/2968/2376 1159/2969/2377 1108/2970/2378
f 3114/2971/2379 3067/2972/2380 3187/2973/2381 3185/2974/2382
f 1237/2975/2383 1257/2976/2384 1259/2977/2385 1253/2978/2386 1255/2945/2354 1265/2944/2353 1263/2979/2387 1284/2980/2388 1240/2981/2389 1251/2982/2390 1269/2983/2391 1266/2984/2392
f 1245/2879/2290 1242/2985/2393 1177/2880/2291
f 1278/2886/2297 1276/2986/2394 1376/2987/2395 1374/2887/2298
f 3071/2972/2396 3106/2971/2397 3190/2974/2398 3173/2973/2399
f 1335/2940/2349 1268/2939/2348 1273/2962/2370 1341/2963/2371
f 3079/2902/2312 1216/2901/2124 1285/2988/2400 1272/2989/2401 3077/2990/2402
f 3121/2991/2365 3118/2992/2403 3175/2993/2404 1239/2994/2366
f 3104/2917/2213 3072/2889/2300 1247/2888/2299 1327/2918/2283
f 1205/2995/2204 1203/2772/2202 3127/2775/2203 3123/2996/2205
f 1378/2997/2405 1235/2998/2406 1360/2999/2407 1330/3000/2408
f 1363/3001/2409 1224/3002/2410 1226/3003/2411 1229/3004/2412 1367/3005/2413 1395/3006/2414 1387/3007/2415
f 3180/3008/2416 3179/3009/2260 3169/3010/2263 3171/3011/2417 1237/3012/2383 1266/3013/2392
f 1183/3014/2418 1187/3015/2419 1189/3016/2420 1190/3017/2421 1179/3018/2422 1181/3019/2423
f 1180/2881/2292 1177/2880/2291 1182/2877/2288 1178/2876/2287 1179/3018/2422 1190/3017/2421
f 1241/2884/2295 1246/3020/2424 1292/3021/2425 1294/2885/2296
f 1399/3022/2426 1391/3023/2427 1385/3024/2428 1393/3025/2429
f 1393/3025/2429 1385/3024/2428 1387/3007/2415 1395/3006/2414
f 1397/3026/2430 1389/3027/2431 1391/3023/2427 1399/3022/2426
f 1189/3016/2420 1174/3028/2153 1175/2882/2293 1180/2881/2292 1190/3017/2421
f 1188/3029/2154 1174/3028/2153 1189/3016/2420 1187/3015/2419
f 1181/3019/2423 1173/3030/2132 1184/3031/2133 1183/3014/2418
f 1179/3018/2422 1178/2876/2287 1172/2875/2129 1173/3030/2132 1181/3019/2423
f 3216/3032/2432 3193/3033/2433 3153/3034/2434 3161/3035/2435
f 1174/2707/2153 3087/2659/2152 3089/3036/2436 1175/3037/2293
f 3166/3038/2437 3149/3039/2144 1186/3040/2143
f 1185/2769/2142 3168/2771/2201 3166/3038/2437 1186/3040/2143 1188/3029/2154 1187/3015/2419 1183/3014/2418 1184/3031/2133
f 1175/3037/2293 3089/3036/2436 3091/2710/2156 1176/2709/2155
f 1400/3041/2438 1372/3042/2439 1243/3043/2440 1379/3044/2441
f 1376/2987/2395 1276/2986/2394 1365/3045/2442 1381/3046/2443
f 1379/3044/2441 1243/3043/2440 1235/2998/2406 1378/2997/2405
f 3110/3047/2326 3112/3048/2444 3184/3049/2445 1270/3050/2327
f 1182/2877/2288 1177/2880/2291 1242/2985/2393 1373/3051/2446 1375/3052/2447 1383/3053/2448 1401/3054/2449 1380/3055/2450 1377/3056/2451 1331/2927/2336
f 3075/2890/2301 3077/2990/2402 1272/2989/2401 1267/3057/2452 1260/2891/2302
f 1357/2929/2338 1296/2928/2337 1330/3000/2408 1360/2999/2407
f 1307/2925/2334 1304/2920/2329 1354/2919/2328 1351/2926/2335
f 1398/3058/2453 1392/3059/2454 1394/3060/2455 1369/3061/2456 1370/3062/2457 1402/3063/2458 1396/3064/2459
f 1389/3027/2431 1397/3026/2430 1401/3054/2449 1383/3053/2448
f 1282/2954/2360 1280/2713/2159 1323/2716/2162 1312/2955/2361
f 1246/3020/2424 1290/2862/2277 1306/2865/2280 1292/3021/2425
f 1225/3065/2460 1223/3066/2461 1221/3067/2462 1227/3068/2463 1443/3069/2464 1445/3070/2465 1409/3071/2466 1403/3072/2467 1423/3073/2468
f 1785/3074/2469 1781/3075/2470 1410/3076/2471 1446/3077/2472
f 1561/1757/1385 1563/3078/2473 1448/3079/2474 1432/1758/1386
f 1703/2507/1380 1526/2506/1979 1599/2512/1955 1697/2513/1198
f 1430/3080/2475 1805/3081/2476 1783/3082/2477 1438/3083/2478
f 1553/3084/2479 1547/2960/2368 1442/2959/2367 1434/3085/2480
f 1595/1782/1408 2085/1781/1407 2087/2501/1974 1601/2500/1973
f 2151/1653/1281 2024/1652/1280 2020/3086/2481 2026/2538/1413 2153/2541/2003
f 1571/3087/2482 1569/3088/2483 1468/3089/2484 1456/3090/2485
f 1825/1939/1549 1773/3091/2486 1755/3092/2487 1867/3093/2488 1876/1940/1550
f 2057/1562/1191 2055/1542/1171 2561/1545/1174 2571/1563/1192
f 1869/3094/2489 1764/3095/2490 1824/3096/2491 1828/2320/1812 1877/2319/1811
f 1791/3097/2492 1805/3081/2476 1430/3080/2475 1420/3098/2493
f 1408/2730/2168 1795/2729/2167 1791/3097/2492 1420/3098/2493
f 1649/3099/2494 1540/3100/2495 1604/3101/2481 1608/1787/1413 1707/1790/1229
f 1585/2498/1971 1588/3102/2496 1549/3103/2497 1671/3104/2498 1709/2499/1972
f 1567/3105/2499 1573/2488/1961 1474/2487/1960 1472/3106/2500
f 1700/1792/1416 1590/1791/1415 1523/2502/1975 1706/2505/1978
f 1761/3107/2501 1767/2315/1807 1458/2316/1808 1454/3108/2502
f 1817/2308/1792 1982/2307/1803 1909/2313/940 1746/2312/1793
f 2146/2534/1999 2012/2533/1979 2003/2482/1955 2137/2481/1954
f 1802/3109/2503 1799/3110/2504 1764/3095/2490 1869/3094/2489 1969/3111/2505 1971/3112/2506 1965/3113/2507 1967/3114/2508 1973/3115/2509 1943/3116/2510 1913/3117/2511 1905/3118/2512 1901/3119/2513 1885/3120/2514 1873/3121/2515 1893/3122/2516 1881/3123/2517 1963/3124/2518 1961/3125/2519 1959/3126/2520 1957/3127/2521 1955/3128/2522 1953/3129/2523 1951/3130/2524 1949/3131/2525 1867/3093/2488 1755/3092/2487 1758/3132/2526 1754/3133/2527 1760/3134/2528 1768/3135/2529 1762/3136/2530 1766/3137/2531 1776/3138/2532 1780/3139/2533 1778/3140/2534 1790/3141/2535 1782/3142/2536 1786/3143/2537 1784/3144/2538 1806/3145/2539 1792/3146/2540 1796/3147/2541 1794/3148/2542 1804/3149/2543 1798/3150/2544
f 2036/2539/1414 2043/2532/1958 2165/2535/2000 2161/2540/2002
f 1562/3151/2545 1560/3152/2546 1540/3100/2495 1649/3099/2494 1647/3153/2547 1655/3154/2548 1651/3155/2549 1653/3156/2550 1659/3157/2551 1657/3158/2552 1661/3159/2553 1645/3160/2554 1641/3161/2555 1637/3162/2556 1633/3163/2557 1665/3164/2558 1663/3165/2559 1681/3166/2560 1679/3167/2561 1683/3168/2562 1685/3169/2563 1667/3170/2564 1675/3171/2565 1669/3172/2566 1673/3173/2567 1671/3104/2498 1549/3103/2497 1548/3174/2568 1554/3175/2569 1546/3176/2570 1552/3177/2571 1542/3178/2572 1544/3179/2573 1537/3180/2574 1534/3181/2575 1522/3182/2576 1518/3183/2577 1510/3184/2578 1514/3185/2579 1506/3186/2580 1574/3187/2581 1568/3188/2582 1570/3189/2583 1572/3190/2584 1566/3191/2585 1564/3192/2586
f 1757/2323/1815 1756/3193/2587 1774/2591/2037 1488/2590/2036 1478/2324/1816
f 1513/1697/1325 1509/1717/1345 1464/1716/1344 1460/1698/1326
f 1603/3194/2025 1539/3195/2588 1559/1756/1384 1418/1759/1387 1428/3196/2026
f 1996/3197/2589 2006/2536/1415 2140/2537/2001 2127/3198/2590
f 1980/1797/1421 1816/1800/1423 1743/2309/1804 1907/2310/1500
f 1789/3199/2591 1777/3200/2592 1416/3201/2593 1424/3202/2594 1404/3203/2595
f 1233/3204/2596 1230/3205/2597 1225/3065/2460 1423/3073/2468 1415/3206/2598 1425/3207/2599 1435/3208/2600 1439/3209/2601 1453/3210/2602 1457/3211/2603 1465/3212/2604 1475/3213/2605 1477/3214/2606 1487/3215/2607 1491/3216/2608 1427/3217/2609 1417/3218/2610 1431/3219/2611 1447/3220/2612 1449/3221/2613 1455/3222/2614 1467/3223/2615 1471/3224/2616 1473/3225/2617 1479/3226/2618 1459/3227/2619 1463/3228/2620 1461/3229/2621 1485/3230/2622 1481/3231/2623 1483/3232/2624 1493/3233/2625 1413/3234/2626 1405/3235/2627 1421/3236/2628 1433/3237/2629 1441/3238/2630 1451/3239/2631 1469/3240/2632 1489/3241/2633 1495/3242/2634 1497/3243/2635 1499/3244/2636 1501/3245/2637 1411/3246/2638 1407/3247/2639 1419/3248/2640 1429/3249/2641 1437/3250/2642 1443/3069/2464 1227/3068/2463
f 1494/1745/1373 1543/1744/1372 1541/2508/1980 1414/2511/1983
f 1777/3200/2592 1779/1462/1091 1426/1465/1094 1416/3201/2593
f 1771/2269/1770 1770/3251/2643 1810/1799/1422 1975/1798/1097 1917/2270/1771
f 1450/3252/2644 1565/3253/2645 1571/3087/2482 1456/3090/2485
f 1765/2317/1809 1761/3107/2501 1454/3108/2502 1440/2318/1810
f 1468/3089/2484 1569/3088/2483 1567/3105/2499 1472/3106/2500
f 1813/2305/1802 1812/3254/2646 1808/2247/1748 1937/2246/1747 1978/2306/1436
f 1496/3255/2647 1800/3256/2648 1801/3257/2649 1498/3258/2650
f 1498/3258/2650 1801/3257/2649 1797/3259/2651 1500/3260/2652
f 1545/3261/2653 1553/3084/2479 1434/3085/2480 1422/3262/2654
f 1783/3082/2477 1785/3074/2469 1446/3077/2472 1444/3263/2655 1438/3083/2478
f 1502/3264/2656 1803/3265/2657 1793/2728/2166 1412/2731/2169
f 1551/2509/1981 1545/3261/2653 1422/3262/2654 1406/2510/1982
f 1563/3078/2473 1565/3253/2645 1450/3252/2644 1448/3079/2474
f 1490/1855/1468 1823/1854/1467 1763/3266/2658 1800/3256/2648 1496/3255/2647
f 1500/3260/2652 1797/3259/2651 1803/3265/2657 1502/3264/2656
f 1368/3267/2659 1231/3268/2660 1232/3269/2661 1342/3270/2662 1346/3271/2663 1347/3272/2664 1349/3273/2665 1352/3274/2666 1353/3275/2667 1355/3276/2668 1358/3277/2669 1359/3278/2670 1236/3279/2671 1244/3280/2672 1371/3281/2673
f 1275/3282/2674 1277/3283/2675 1293/3284/2676 1291/3285/2677 1305/3286/2678 1299/3287/2679 1320/3288/2680 1311/3289/2681 1322/3290/2682 1313/3291/2683 1317/3292/2684 1219/3293/2685 1222/3294/2686 1362/3295/2687 1366/3296/2688
f 3120/2842/2689 3101/2841/2690 3181/2840/2691 3176/2843/2692
f 1215/2896/2307 1339/2949/2358 1348/2948/2357 1345/2897/2308
f 1191/3297/2693 1192/3298/2165 1193/3299/2352
f 1212/3300/2694 1213/3301/2118 1214/3302/2310
f 1219/3303/2685 1220/2655/2099 1221/3067/2462
f 1222/3304/2686 1223/3066/2461 1224/3002/2410
f 1229/3004/2412 1230/3205/2597 1231/3268/2660
f 1232/3269/2661 1233/3204/2596 1234/2653/2097
f 1317/3305/2684 1318/3306/2163 1319/2656/2100
f 1342/3270/2662 1343/2652/2096 1344/3307/2309
f 1361/3308/2322 1362/3309/2687 1363/3001/2409
f 1364/2912/2321 1365/3045/2442 1366/3296/2688
f 1367/3005/2413 1368/3267/2659 1369/3310/2456
f 1370/3311/2457 1371/3281/2673 1372/3312/2439
f 1381/3313/2443 1382/3314/2320 1383/3053/2448
f 1400/3315/2438 1401/3054/2449 1402/3316/2458
f 1211/3317/2115 1213/3301/2118 1212/3300/2694 1210/3318/2695
f 1209/3319/2114 1211/3317/2115 1210/3318/2695 1208/3320/2696
f 1207/3321/2112 1209/3319/2114 1208/3320/2696 1206/3322/2697
f 1205/2995/2204 1207/3321/2112 1206/3322/2697 1204/3323/2698
f 1203/2772/2202 1205/2995/2204 1204/3323/2698 1202/3324/2699
f 1201/2773/2101 1203/2772/2202 1202/3324/2699 1200/3325/2700
f 1199/3326/2102 1201/2773/2101 1200/3325/2700 1198/3327/2701
f 1197/3328/2272 1199/3326/2102 1198/3327/2701 1196/3329/2702
f 1195/3330/2355 1197/3328/2272 1196/3329/2702 1194/3331/2703
f 1193/3299/2352 1195/3330/2355 1194/3331/2703 1191/3297/2693
f 1221/3067/2462 1223/3066/2461 1222/3304/2686 1219/3303/2685
f 1223/3066/2461 1225/3065/2460 1226/3003/2411 1224/3002/2410
f 1225/3065/2460 1230/3205/2597 1229/3004/2412 1226/3003/2411
f 1232/3269/2661 1231/3268/2660 1230/3205/2597 1233/3204/2596
f 1228/2654/2098 1234/2653/2097 1233/3204/2596 1227/3068/2463
f 1220/2655/2099 1228/2654/2098 1227/3068/2463 1221/3067/2462
f 3189/3332/2704 3188/3333/2306 3172/3334/2305 3174/3335/2705 1238/3336/2343 1326/3337/2342
f 1256/3338/2264 1258/3339/2266 1259/3340/2385 1257/3341/2384
f 1258/3339/2266 1252/3342/2268 1253/3343/2386 1259/3340/2385
f 1252/3342/2268 1254/3344/2269 1255/3345/2354 1253/3343/2386
f 1264/3346/2318 1262/3347/2317 1263/3348/2387 1265/3349/2353
f 1262/3347/2317 1283/3350/2363 1284/3351/2388 1263/3348/2387
f 1283/3350/2363 1239/3352/2366 1240/3353/2389 1284/3351/2388
f 3177/3354/2706 3176/3355/2692 3181/3356/2691 3183/3357/2707 1269/3358/2391 1251/3359/2390
f 3183/3357/2707 3182/3360/2197 3178/3361/2200 3180/3008/2416 1266/3013/2392 1269/3358/2391
f 1270/3362/2327 3184/3363/2445 3186/3364/2708 1274/3365/2341 1271/3366/2340
f 3171/3011/2417 3170/3367/2359 1256/3338/2264 1257/3341/2384 1237/3012/2383
f 1302/3368/2314 1264/3346/2318 1265/3349/2353 1301/3369/2274
f 1376/3370/2395 1381/3313/2443 1383/3053/2448 1375/3052/2447
f 1317/3292/2684 1313/3291/2683 1314/2715/2161 1318/2717/2163
f 1313/3291/2683 1322/3290/2682 1323/2716/2162 1314/2715/2161
f 1281/2860/2709 1279/2859/2275 1280/3371/2710 1282/3372/2711
f 1322/3290/2682 1311/3289/2681 1312/2955/2361 1323/2716/2162
f 1250/2861/2712 1281/2860/2709 1282/3372/2711 1249/3373/2713
f 1311/3289/2681 1320/3288/2680 1321/2867/2282 1312/2955/2361
f 1320/3288/2680 1299/3287/2679 1300/2864/2279 1321/2867/2282
f 1218/2858/2158 1315/3374/2364 1316/3375/2164 1217/3376/2160
f 1289/2878/2289 1287/2883/2714 1288/3377/2715 1290/3378/2716
f 1299/3287/2679 1305/3286/2678 1306/2865/2280 1300/2864/2279
f 1216/2681/2124 1338/2685/2128 1339/3379/2358 1215/3380/2307
f 1305/3286/2678 1291/3285/2677 1292/3021/2425 1306/2865/2280
f 1242/2985/2393 1245/2879/2290 1246/3381/2424 1241/3382/2295
f 1291/3285/2677 1293/3284/2676 1294/2885/2296 1292/3021/2425
f 1293/3284/2676 1277/3283/2675 1278/2886/2297 1294/2885/2296
f 1277/3283/2675 1275/3282/2674 1276/2986/2394 1278/2886/2297
f 1325/3383/2171 1270/3362/2327 1271/3366/2340 1324/3384/2339
f 3186/3364/2708 3185/3385/2382 3187/3386/2381 3189/3332/2704 1326/3337/2342 1274/3365/2341
f 3192/3387/2717 3191/3388/2284 1327/3389/2283 1328/3390/2345 1329/3391/2344
f 3174/3335/2705 3173/3392/2399 3190/3393/2398 3192/3387/2717 1329/3391/2344 1238/3336/2343
f 1239/3352/2366 3175/3394/2404 3177/3354/2706 1251/3359/2390 1240/3353/2389
f 1327/3389/2283 1247/3395/2299 1248/3396/2346 1328/3390/2345
f 1247/3395/2299 1260/3397/2302 1261/3398/2347 1248/3396/2346
f 1260/3397/2302 1267/3399/2452 1268/3400/2348 1261/3398/2347
f 1334/3401/2123 1332/3402/2122 1333/3403/2350 1335/3404/2349
f 1332/3402/2122 1325/3383/2171 1324/3384/2339 1333/3403/2350
f 1267/3399/2452 1272/3405/2401 1273/3406/2370 1268/3400/2348
f 1213/3301/2118 1340/3407/2119 1341/3408/2371 1214/3302/2310
f 1191/3297/2693 1319/2656/2100 1318/3306/2163 1192/3298/2165
f 1346/3271/2663 1342/3270/2662 1344/3307/2309 1345/3409/2308
f 1298/3410/2271 1193/3299/2352 1192/3298/2165 1297/3411/2273
f 1347/3272/2664 1346/3271/2663 1345/3409/2308 1348/3412/2357
f 1338/2685/2128 1336/2684/2127 1337/3413/2718 1339/3379/2358
f 1349/3273/2665 1347/3272/2664 1348/3412/2357 1350/3414/2332
f 1285/3415/2400 1216/2681/2124 1215/3380/2307 1286/3416/2311
f 1352/3274/2666 1349/3273/2665 1350/3414/2332 1351/3417/2335
f 1308/2683/2719 1303/2874/2720 1304/3418/2721 1307/3419/2722
f 1353/3275/2667 1352/3274/2666 1351/3417/2335 1354/3420/2328
f 1343/2652/2096 1212/3300/2694 1214/3302/2310 1344/3307/2309
f 1303/2874/2720 1309/2873/2723 1310/3421/2724 1304/3418/2721
f 1355/3276/2668 1353/3275/2667 1354/3420/2328 1356/3422/2331
f 1309/2873/2723 1295/2872/2285 1296/3423/2725 1310/3421/2724
f 1358/3277/2669 1355/3276/2668 1356/3422/2331 1357/3424/2338
f 1378/3425/2405 1330/3426/2408 1331/2927/2336 1377/3056/2451
f 1359/3278/2670 1358/3277/2669 1357/3424/2338 1360/3427/2407
f 1236/3279/2671 1359/3278/2670 1360/3427/2407 1235/3428/2406
f 1244/3280/2672 1236/3279/2671 1235/3428/2406 1243/3429/2440
f 1340/3407/2119 1334/3401/2123 1335/3404/2349 1341/3408/2371
f 1254/3344/2269 1298/3410/2271 1297/3411/2273 1255/3345/2354
f 1272/3405/2401 1285/3415/2400 1286/3416/2311 1273/3406/2370
f 1315/3374/2364 1302/3368/2314 1301/3369/2274 1316/3375/2164
f 1234/2653/2097 1343/2652/2096 1342/3270/2662 1232/3269/2661
f 1319/2656/2100 1220/2655/2099 1219/3303/2685 1317/3305/2684
f 1366/3296/2688 1362/3295/2687 1361/2913/2322 1364/2912/2321
f 1395/3006/2414 1367/3005/2413 1369/3310/2456 1394/3430/2455
f 1368/3267/2659 1371/3281/2673 1370/3311/2457 1369/3310/2456
f 1231/3268/2660 1368/3267/2659 1367/3005/2413 1229/3004/2412
f 1362/3309/2687 1222/3304/2686 1224/3002/2410 1363/3001/2409
f 1275/3282/2674 1366/3296/2688 1365/3045/2442 1276/2986/2394
f 1371/3281/2673 1244/3280/2672 1243/3429/2440 1372/3312/2439
f 1279/2859/2275 1218/2858/2158 1217/3376/2160 1280/3371/2710
f 1336/2684/2127 1308/2683/2719 1307/3419/2722 1337/3413/2718
f 1287/2883/2714 1250/2861/2712 1249/3373/2713 1288/3377/2715
f 1374/3431/2298 1376/3370/2395 1375/3052/2447 1373/3051/2446
f 1400/3315/2438 1379/3432/2441 1380/3055/2450 1401/3054/2449
f 1295/2872/2285 1331/2927/2336 1330/3426/2408 1296/3423/2725
f 1379/3432/2441 1378/3425/2405 1377/3056/2451 1380/3055/2450
f 1396/3433/2459 1402/3316/2458 1401/3054/2449 1397/3026/2430
f 1382/3314/2320 1388/3434/2319 1389/3027/2431 1383/3053/2448
f 1388/3434/2319 1390/3435/2325 1391/3023/2427 1389/3027/2431
f 1398/3436/2453 1396/3433/2459 1397/3026/2430 1399/3022/2426
f 1390/3435/2325 1384/3437/2324 1385/3024/2428 1391/3023/2427
f 1392/3438/2454 1398/3436/2453 1399/3022/2426 1393/3025/2429
f 1384/3437/2324 1386/3439/2323 1387/3007/2415 1385/3024/2428
f 1394/3430/2455 1392/3438/2454 1393/3025/2429 1395/3006/2414
f 1245/2879/2290 1289/2878/2289 1290/3378/2716 1246/3381/2424
f 1381/3046/2443 1365/3045/2442 1364/2912/2321 1382/2911/2320
f 1363/3001/2409 1387/3007/2415 1386/3439/2323 1361/3308/2322
f 1372/3042/2439 1400/3041/2438 1402/3063/2458 1370/3062/2457
f 1241/3382/2295 1374/3431/2298 1373/3051/2446 1242/2985/2393
f 1193/2943/2352 3045/2942/2351 3047/2947/2356 1195/2946/2355
f 1403/3072/2467 1409/3071/2466 1410/3440/2471 1404/3441/2595
f 1415/3206/2598 1423/3073/2468 1424/3442/2594 1416/3443/2593
f 1423/3073/2468 1403/3072/2467 1404/3441/2595 1424/3442/2594
f 1425/3207/2599 1415/3206/2598 1416/3443/2593 1426/3444/1094
f 1435/3208/2600 1425/3207/2599 1426/3444/1094 1436/3445/1093
f 1439/3209/2601 1435/3208/2600 1436/3445/1093 1440/3446/1810
f 1453/3210/2602 1439/3209/2601 1440/3446/1810 1454/3447/2502
f 1457/3211/2603 1453/3210/2602 1454/3447/2502 1458/3448/1808
f 1465/3212/2604 1457/3211/2603 1458/3448/1808 1466/3449/1797
f 1475/3213/2605 1465/3212/2604 1466/3449/1797 1476/3450/1796
f 1477/3214/2606 1475/3213/2605 1476/3450/1796 1478/3451/1816
f 1487/3215/2607 1477/3214/2606 1478/3451/1816 1488/3452/2036
f 1491/3216/2608 1487/3215/2607 1488/3452/2036 1492/3453/2027
f 1427/3217/2609 1491/3216/2608 1492/3453/2027 1428/3454/2026
f 1417/3218/2610 1427/3217/2609 1428/3454/2026 1418/3455/1387
f 1431/3219/2611 1417/3218/2610 1418/3455/1387 1432/3456/1386
f 1447/3220/2612 1431/3219/2611 1432/3456/1386 1448/3457/2474
f 1449/3221/2613 1447/3220/2612 1448/3457/2474 1450/3458/2644
f 1455/3222/2614 1449/3221/2613 1450/3458/2644 1456/3459/2485
f 1467/3223/2615 1455/3222/2614 1456/3459/2485 1468/3460/2484
f 1471/3224/2616 1467/3223/2615 1468/3460/2484 1472/3461/2500
f 1473/3225/2617 1471/3224/2616 1472/3461/2500 1474/3462/1960
f 1479/3226/2618 1473/3225/2617 1474/3462/1960 1480/3463/1327
f 1459/3227/2619 1479/3226/2618 1480/3463/1327 1460/3464/1326
f 1463/3228/2620 1459/3227/2619 1460/3464/1326 1464/3465/1344
f 1461/3229/2621 1463/3228/2620 1464/3465/1344 1462/3466/1347
f 1485/3230/2622 1461/3229/2621 1462/3466/1347 1486/3467/1353
f 1481/3231/2623 1485/3230/2622 1486/3467/1353 1482/3468/1359
f 1483/3232/2624 1481/3231/2623 1482/3468/1359 1484/3469/1365
f 1493/3233/2625 1483/3232/2624 1484/3469/1365 1494/3470/1373
f 1413/3234/2626 1493/3233/2625 1494/3470/1373 1414/3471/1983
f 1405/3235/2627 1413/3234/2626 1414/3471/1983 1406/3472/1982
f 1421/3236/2628 1405/3235/2627 1406/3472/1982 1422/3473/2654
f 1433/3237/2629 1421/3236/2628 1422/3473/2654 1434/3474/2480
f 1441/3238/2630 1433/3237/2629 1434/3474/2480 1442/3475/2367
f 1451/3239/2631 1441/3238/2630 1442/3475/2367 1452/3476/1902
f 1469/3240/2632 1451/3239/2631 1452/3476/1902 1470/3477/1469
f 1489/3241/2633 1469/3240/2632 1470/3477/1469 1490/3478/1468
f 1495/3242/2634 1489/3241/2633 1490/3478/1468 1496/3479/2647
f 1497/3243/2635 1495/3242/2634 1496/3479/2647 1498/3480/2650
f 1499/3244/2636 1497/3243/2635 1498/3480/2650 1500/3481/2652
f 1501/3245/2637 1499/3244/2636 1500/3481/2652 1502/3482/2656
f 1411/3246/2638 1501/3245/2637 1502/3482/2656 1412/3483/2169
f 1407/3247/2639 1411/3246/2638 1412/3483/2169 1408/3484/2168
f 1419/3248/2640 1407/3247/2639 1408/3484/2168 1420/3485/2493
f 1429/3249/2641 1419/3248/2640 1420/3485/2493 1430/3486/2475
f 1437/3250/2642 1429/3249/2641 1430/3486/2475 1438/3487/2478
f 1445/3070/2465 1443/3069/2464 1444/3488/2655 1446/3489/2472
f 1443/3069/2464 1437/3250/2642 1438/3487/2478 1444/3488/2655
f 1409/3071/2466 1445/3070/2465 1446/3489/2472 1410/3440/2471
f 1781/3075/2470 1789/3199/2591 1404/3203/2595 1410/3076/2471
f 1638/2114/1671 1636/2113/1670 1632/2122/1677 1634/2121/1676
f 1524/3490/1883 1529/3491/1882 1530/2503/1976 1523/2502/1975
f 1528/3492/2022 1525/3493/2021 1526/2506/1979 1527/2485/1958
f 1538/3494/1364 1533/3495/1358 1534/3181/2575 1537/3180/2574
f 1533/3495/1358 1521/3496/1352 1522/3182/2576 1534/3181/2575
f 1521/3496/1352 1517/3497/1346 1518/3183/2577 1522/3182/2576
f 1517/3497/1346 1509/3498/1345 1510/3184/2578 1518/3183/2577
f 1509/3498/1345 1513/3499/1325 1514/3185/2579 1510/3184/2578
f 1513/3499/1325 1505/3500/1324 1506/3186/2580 1514/3185/2579
f 1505/3500/1324 1573/3501/1961 1574/3187/2581 1506/3186/2580
f 1573/3501/1961 1567/3502/2499 1568/3188/2582 1574/3187/2581
f 1567/3502/2499 1569/3503/2483 1570/3189/2583 1568/3188/2582
f 1569/3503/2483 1571/3504/2482 1572/3190/2584 1570/3189/2583
f 1571/3504/2482 1565/3505/2645 1566/3191/2585 1572/3190/2584
f 1565/3505/2645 1563/3506/2473 1564/3192/2586 1566/3191/2585
f 1563/3506/2473 1561/3507/1385 1562/3151/2545 1564/3192/2586
f 1561/3507/1385 1559/3508/1384 1560/3152/2546 1562/3151/2545
f 1559/3508/1384 1539/3509/2588 1540/3100/2495 1560/3152/2546
f 1550/3510/2369 1547/3511/2368 1548/3174/2568 1549/3103/2497
f 1547/3511/2368 1553/3512/2479 1554/3175/2569 1548/3174/2568
f 1553/3512/2479 1545/3513/2653 1546/3176/2570 1554/3175/2569
f 1545/3513/2653 1551/3514/1981 1552/3177/2571 1546/3176/2570
f 1551/3514/1981 1541/3515/1980 1542/3178/2572 1552/3177/2571
f 1541/3515/1980 1543/3516/1372 1544/3179/2573 1542/3178/2572
f 1543/3516/1372 1538/3494/1364 1537/3180/2574 1544/3179/2573
f 1594/3517/2019 1591/3518/2007 1592/1767/1395 1593/1766/1394
f 1591/3518/2007 1577/3519/2006 1578/1768/1396 1592/1767/1395
f 1580/3520/1965 1581/3521/1886 1582/1526/1155 1579/1525/1154
f 1581/3521/1886 1583/3522/1885 1584/1527/1156 1582/1526/1155
f 1583/3522/1885 1589/3523/1884 1590/1791/1415 1584/1527/1156
f 1600/3524/2020 1594/3517/2019 1593/1766/1394 1599/2512/1955
f 1589/3523/1884 1524/3490/1883 1523/2502/1975 1590/1791/1415
f 1525/3493/2021 1600/3524/2020 1599/2512/1955 1526/2506/1979
f 1539/3509/2588 1603/3525/2025 1604/3101/2481 1540/3100/2495
f 1603/3525/2025 1607/3526/2024 1608/1787/1413 1604/3101/2481
f 1586/3527/1880 1587/3528/1879 1588/3102/2496 1585/2498/1971
f 1587/3528/1879 1550/3510/2369 1549/3103/2497 1588/3102/2496
f 1598/3529/1881 1586/3527/1880 1585/2498/1971 1597/2497/1970
f 1607/3526/2024 1609/3530/2023 1610/1788/1414 1608/1787/1413
f 1529/3491/1882 1598/3529/1881 1597/2497/1970 1530/2503/1976
f 1609/3530/2023 1528/3492/2022 1527/2485/1958 1610/1788/1414
f 1504/3531/1984 1511/3532/1336 1512/3533/2726 1503/3534/2727
f 1511/3532/1336 1507/3535/1339 1508/3536/2728 1512/3533/2726
f 1507/3535/1339 1515/3537/1343 1516/3538/2729 1508/3536/2728
f 1515/3537/1343 1519/3539/1351 1520/3540/2730 1516/3538/2729
f 1519/3539/1351 1531/3541/1357 1532/3542/2731 1520/3540/2730
f 1531/3541/1357 1535/3543/1363 1536/3544/2732 1532/3542/2731
f 1535/3543/1363 1555/3545/1371 1556/3546/2733 1536/3544/2732
f 1555/3545/1371 1557/3547/1379 1558/3548/2734 1556/3546/2733
f 1557/3547/1379 1575/3549/1405 1576/3550/2735 1558/3548/2734
f 1575/3549/1405 1595/3551/1408 1596/3552/2736 1576/3550/2735
f 1595/3551/1408 1601/3553/1973 1602/3554/2737 1596/3552/2736
f 1601/3553/1973 1605/3555/1962 1606/3556/2738 1602/3554/2737
f 1605/3555/1962 1580/3520/1965 1579/1525/1154 1606/3556/2738
f 1577/3519/2006 1611/3557/1402 1612/3558/2739 1578/1768/1396
f 1611/3557/1402 1615/3559/1401 1616/3560/2740 1612/3558/2739
f 1615/3559/1401 1613/3561/1164 1614/3562/2741 1616/3560/2740
f 1613/3561/1164 1621/3563/1163 1622/3564/2742 1614/3562/2741
f 1621/3563/1163 1617/3565/1175 1618/3566/2743 1622/3564/2742
f 1617/3565/1175 1619/3567/1187 1620/3568/2744 1618/3566/2743
f 1619/3567/1187 1623/3569/1186 1624/3570/2745 1620/3568/2744
f 1623/3569/1186 1625/3571/1194 1626/3572/2746 1624/3570/2745
f 1625/3571/1194 1504/3531/1984 1503/3534/2727 1626/3572/2746
f 1706/2505/1978 1629/2504/1977 1630/3573/1722 1705/3574/1726
f 1629/2504/1977 1715/2496/1969 1716/3575/1727 1630/3573/1722
f 1700/1792/1416 1706/2505/1978 1705/3574/1726 1699/3576/1725
f 1692/1529/1158 1689/1528/1157 1690/3577/1719 1691/3578/1718
f 1689/1528/1157 1700/1792/1416 1699/3576/1725 1690/3577/1719
f 1715/2496/1969 1709/2499/1972 1710/3579/1724 1716/3575/1727
f 1709/2499/1972 1671/3104/2498 1672/3580/1717 1710/3579/1724
f 1671/3104/2498 1673/3173/2567 1674/3581/1638 1672/3580/1717
f 1731/3582/2747 1692/1529/1158 1691/3578/1718 1732/3583/1637
f 1673/3173/2567 1669/3172/2566 1670/3584/1625 1674/3581/1638
f 1733/3585/2748 1731/3582/2747 1732/3583/1637 1734/3586/1624
f 1669/3172/2566 1675/3171/2565 1676/3587/1626 1670/3584/1625
f 1727/3588/2749 1733/3585/2748 1734/3586/1624 1728/3589/1627
f 1675/3171/2565 1667/3170/2564 1668/3590/1642 1676/3587/1626
f 1729/3591/2750 1727/3588/2749 1728/3589/1627 1730/3592/1641
f 1667/3170/2564 1685/3169/2563 1686/3593/1643 1668/3590/1642
f 1741/3594/2751 1729/3591/2750 1730/3592/1641 1742/3595/1644
f 1685/3169/2563 1683/3168/2562 1684/3596/1633 1686/3593/1643
f 1739/3597/2752 1741/3594/2751 1742/3595/1644 1740/3598/1632
f 1683/3168/2562 1679/3167/2561 1680/3599/1634 1684/3596/1633
f 1737/3600/2753 1739/3597/2752 1740/3598/1632 1738/3601/1635
f 1679/3167/2561 1681/3166/2560 1682/3602/1654 1680/3599/1634
f 1735/3603/2754 1737/3600/2753 1738/3601/1635 1736/3604/1655
f 1681/3166/2560 1663/3165/2559 1664/3605/1665 1682/3602/1654
f 1723/3606/2755 1735/3603/2754 1736/3604/1655 1724/3607/1664
f 1663/3165/2559 1665/3164/2558 1666/3608/1666 1664/3605/1665
f 1725/3609/2756 1723/3606/2755 1724/3607/1664 1726/3610/1667
f 1665/3164/2558 1633/3163/2557 1634/3611/1676 1666/3608/1666
f 1631/3612/2757 1725/3609/2756 1726/3610/1667 1632/3613/1677
f 1635/3614/2758 1631/3612/2757 1632/3613/1677 1636/3615/1670
f 1633/3163/2557 1637/3162/2556 1638/3616/1671 1634/3611/1676
f 1639/3617/2759 1635/3614/2758 1636/3615/1670 1640/3618/1669
f 1637/3162/2556 1641/3161/2555 1642/3619/1668 1638/3616/1671
f 1643/3620/2760 1639/3617/2759 1640/3618/1669 1644/3621/1679
f 1641/3161/2555 1645/3160/2554 1646/3622/1690 1642/3619/1668
f 1677/3623/2761 1643/3620/2760 1644/3621/1679 1678/3624/1692
f 1645/3160/2554 1661/3159/2553 1662/3625/1695 1646/3622/1690
f 1661/3159/2553 1657/3158/2552 1658/3626/1700 1662/3625/1695
f 1695/3627/2762 1677/3623/2761 1678/3624/1692 1696/3628/1630
f 1657/3158/2552 1659/3157/2551 1660/3629/1701 1658/3626/1700
f 1701/3630/2763 1695/3627/2762 1696/3628/1630 1702/3631/1629
f 1659/3157/2551 1653/3156/2550 1654/3632/1706 1660/3629/1701
f 1711/3633/2764 1701/3630/2763 1702/3631/1629 1712/3634/1716
f 1653/3156/2550 1651/3155/2549 1652/3635/1711 1654/3632/1706
f 1717/3636/2765 1711/3633/2764 1712/3634/1716 1718/3637/1712
f 1651/3155/2549 1655/3154/2548 1656/3638/1696 1652/3635/1711
f 1719/3639/2766 1717/3636/2765 1718/3637/1712 1720/3640/1697
f 1655/3154/2548 1647/3153/2547 1648/3641/1221 1656/3638/1696
f 1721/3642/2767 1719/3639/2766 1720/3640/1697 1722/3643/1220
f 1694/1769/1397 1721/3642/2767 1722/3643/1220 1693/3644/1219
f 1647/3153/2547 1649/3099/2494 1650/3645/1222 1648/3641/1221
f 1649/3099/2494 1707/1790/1229 1708/3646/1213 1650/3645/1222
f 1688/1770/1197 1694/1769/1397 1693/3644/1219 1687/3647/1218
f 1707/1790/1229 1713/1789/1228 1714/3648/1214 1708/3646/1213
f 1713/1789/1228 1627/2486/1959 1628/3649/1215 1714/3648/1214
f 1627/2486/1959 1703/2507/1380 1704/3650/1216 1628/3649/1215
f 1703/2507/1380 1697/2513/1198 1698/3651/1217 1704/3650/1216
f 1697/2513/1198 1688/1770/1197 1687/3647/1218 1698/3651/1217
f 1602/3554/2737 1606/3556/2738 1579/1525/1154 1692/1529/1158 1731/3582/2747 1733/3585/2748 1727/3588/2749 1729/3591/2750 1741/3594/2751 1739/3597/2752 1737/3600/2753 1735/3603/2754 1723/3606/2755 1725/3609/2756 1631/3612/2757 1635/3614/2758 1639/3617/2759 1643/3620/2760 1677/3623/2761 1695/3627/2762 1701/3630/2763 1711/3633/2764 1717/3636/2765 1719/3639/2766 1721/3642/2767 1694/1769/1397 1578/1768/1396 1612/3558/2739 1616/3560/2740 1614/3562/2741 1622/3564/2742 1618/3566/2743 1620/3568/2744 1624/3570/2745 1626/3572/2746 1503/3534/2727 1512/3533/2726 1508/3536/2728 1516/3538/2729 1520/3540/2730 1532/3542/2731 1536/3544/2732 1556/3546/2733 1558/3548/2734 1576/3550/2735 1596/3552/2736
f 1752/3652/1460 1745/3653/1459 1746/2312/1793 1751/2311/1805
f 1744/3654/2041 1749/3655/2040 1750/1400/1032 1743/2309/1804
f 1800/3656/2648 1763/3657/2658 1764/3095/2490 1799/3110/2504
f 1756/3658/2587 1757/3659/1815 1758/3132/2526 1755/3092/2487
f 1757/3659/1815 1753/3660/1795 1754/3133/2527 1758/3132/2526
f 1753/3660/1795 1759/3661/1794 1760/3134/2528 1754/3133/2527
f 1759/3661/1794 1767/3662/1807 1768/3135/2529 1760/3134/2528
f 1767/3662/1807 1761/3663/2501 1762/3136/2530 1768/3135/2529
f 1761/3663/2501 1765/3664/1809 1766/3137/2531 1762/3136/2530
f 1765/3664/1809 1775/3665/1092 1776/3138/2532 1766/3137/2531
f 1775/3665/1092 1779/3666/1091 1780/3139/2533 1776/3138/2532
f 1779/3666/1091 1777/3667/2592 1778/3140/2534 1780/3139/2533
f 1777/3667/2592 1789/3668/2591 1790/3141/2535 1778/3140/2534
f 1789/3668/2591 1781/3669/2470 1782/3142/2536 1790/3141/2535
f 1781/3669/2470 1785/3670/2469 1786/3143/2537 1782/3142/2536
f 1785/3670/2469 1783/3671/2477 1784/3144/2538 1786/3143/2537
f 1783/3671/2477 1805/3672/2476 1806/3145/2539 1784/3144/2538
f 1805/3672/2476 1791/3673/2492 1792/3146/2540 1806/3145/2539
f 1791/3673/2492 1795/3674/2167 1796/3147/2541 1792/3146/2540
f 1795/3674/2167 1793/3675/2166 1794/3148/2542 1796/3147/2541
f 1793/3675/2166 1803/3676/2657 1804/3149/2543 1794/3148/2542
f 1803/3676/2657 1797/3677/2651 1798/3150/2544 1804/3149/2543
f 1797/3677/2651 1801/3678/2649 1802/3109/2503 1798/3150/2544
f 1801/3678/2649 1800/3656/2648 1799/3110/2504 1802/3109/2503
f 1814/3679/1465 1811/3680/1464 1812/3254/2646 1813/2305/1802
f 1811/3680/1464 1807/3681/1872 1808/2247/1748 1812/3254/2646
f 1772/3682/1820 1769/3683/1819 1770/3251/2643 1771/2269/1770
f 1769/3683/1819 1809/3684/2043 1810/1799/1422 1770/3251/2643
f 1809/3684/2043 1815/3685/2042 1816/1800/1423 1810/1799/1422
f 1818/3686/1458 1814/3679/1465 1813/2305/1802 1817/2308/1792
f 1815/3685/2042 1744/3654/2041 1743/2309/1804 1816/1800/1423
f 1745/3653/1459 1818/3686/1458 1817/2308/1792 1746/2312/1793
f 1774/3687/2037 1756/3658/2587 1755/3092/2487 1773/3091/2486
f 1763/3657/2658 1823/3688/1467 1824/3096/2491 1764/3095/2490
f 1823/3688/1467 1827/3689/1466 1828/2320/1812 1824/3096/2491
f 1826/3690/2038 1774/3687/2037 1773/3091/2486 1825/1939/1549
f 1827/3689/1466 1833/3691/1461 1834/2321/1813 1828/2320/1812
f 1832/3692/2039 1826/3690/2038 1825/1939/1549 1831/1401/1033
f 1749/3655/2040 1832/3692/2039 1831/1401/1033 1750/1400/1032
f 1833/3691/1461 1752/3652/1460 1751/2311/1805 1834/2321/1813
f 1822/3693/929 1819/3694/928 1820/2259/1760 1821/2258/1759
f 1819/3694/928 1829/3695/931 1830/2260/1761 1820/2259/1760
f 1829/3695/931 1835/3696/937 1836/2261/1762 1830/2260/1761
f 1835/3696/937 1849/3697/944 1850/2262/1763 1836/2261/1762
f 1849/3697/944 1851/3698/947 1852/2263/1764 1850/2262/1763
f 1851/3698/947 1857/3699/965 1858/2264/1765 1852/2263/1764
f 1857/3699/965 1855/3700/964 1856/2265/1766 1858/2264/1765
f 1855/3700/964 1853/3701/977 1854/2266/1767 1856/2265/1766
f 1853/3701/977 1747/3702/1087 1748/2267/1768 1854/2266/1767
f 1747/3702/1087 1787/3703/1090 1788/2268/1769 1748/2267/1768
f 1787/3703/1090 1772/3682/1820 1771/2269/1770 1788/2268/1769
f 1807/3681/1872 1843/3704/1479 1844/2248/1749 1808/2247/1748
f 1843/3704/1479 1845/3705/949 1846/2249/1750 1844/2248/1749
f 1845/3705/949 1841/3706/956 1842/2250/1751 1846/2249/1750
f 1841/3706/956 1847/3707/955 1848/2251/1752 1842/2250/1751
f 1847/3707/955 1837/3708/1100 1838/2252/1753 1848/2251/1752
f 1837/3708/1100 1839/3709/1474 1840/2253/1754 1838/2252/1753
f 1839/3709/1474 1861/3710/981 1862/2254/1755 1840/2253/1754
f 1861/3710/981 1863/3711/980 1864/2255/1756 1862/2254/1755
f 1863/3711/980 1859/3712/972 1860/2256/1757 1864/2255/1756
f 1859/3712/972 1865/3713/971 1866/2257/1758 1860/2256/1757
f 1865/3713/971 1822/3693/929 1821/2258/1759 1866/2257/1758
f 1883/2282/1783 1871/2281/1782 1872/3714/1449 1884/3715/1448
f 1873/3121/2515 1885/3120/2514 1886/3716/1451 1874/3717/1450
f 1899/2283/1784 1883/2282/1783 1884/3715/1448 1900/3718/1568
f 1885/3120/2514 1901/3119/2513 1902/3719/1569 1886/3716/1451
f 1901/3119/2513 1905/3118/2512 1906/3720/1570 1902/3719/1569
f 1903/2284/1785 1899/2283/1784 1900/3718/1568 1904/3721/1571
f 1911/2285/1786 1903/2284/1785 1904/3721/1571 1912/3722/1572
f 1905/3118/2512 1913/3117/2511 1914/3723/1573 1906/3720/1570
f 1941/2286/1787 1911/2285/1786 1912/3722/1572 1942/3724/1581
f 1913/3117/2511 1943/3116/2510 1944/3725/1582 1914/3723/1573
f 1947/2287/1788 1941/2286/1787 1942/3724/1581 1948/3726/1585
f 1943/3116/2510 1973/3115/2509 1974/3727/1592 1944/3725/1582
f 1945/2288/1789 1947/2287/1788 1948/3726/1585 1946/3728/1590
f 1973/3115/2509 1967/3114/2508 1968/3729/1589 1974/3727/1592
f 1933/2289/1790 1945/2288/1789 1946/3728/1590 1934/3730/1594
f 1967/3114/2508 1965/3113/2507 1966/3731/1602 1968/3729/1589
f 1939/2290/1791 1933/2289/1790 1934/3730/1594 1940/3732/1598
f 1965/3113/2507 1971/3112/2506 1972/3733/1600 1966/3731/1602
f 1935/2245/1746 1939/2290/1791 1940/3732/1598 1936/3734/1559
f 1971/3112/2506 1969/3111/2505 1970/3735/1560 1972/3733/1600
f 1978/2306/1436 1937/2246/1747 1938/3736/1558 1977/3737/1557
f 1937/2246/1747 1935/2245/1746 1936/3734/1559 1938/3736/1558
f 1969/3111/2505 1869/3094/2489 1870/3738/1730 1970/3735/1560
f 1869/3094/2489 1877/2319/1811 1878/3739/1562 1870/3738/1730
f 1982/2307/1803 1978/2306/1436 1977/3737/1557 1981/3740/1729
f 1877/2319/1811 1891/2322/1814 1892/3741/1731 1878/3739/1562
f 1891/2322/1814 1895/2314/1806 1896/3742/1554 1892/3741/1731
f 1895/2314/1806 1909/2313/940 1910/3743/1555 1896/3742/1554
f 1909/2313/940 1982/2307/1803 1981/3740/1729 1910/3743/1555
f 1898/1403/1035 1887/1402/1034 1888/3744/1493 1897/3745/1492
f 1980/1797/1421 1907/2310/1500 1908/3746/1491 1979/3747/1490
f 1907/2310/1500 1898/1403/1035 1897/3745/1492 1908/3746/1491
f 1876/1940/1550 1867/3093/2488 1868/3748/1485 1875/3749/1484
f 1867/3093/2488 1949/3131/2525 1950/3750/1486 1868/3748/1485
f 1915/2271/1772 1917/2270/1771 1918/3751/1488 1916/3752/1487
f 1917/2270/1771 1975/1798/1097 1976/3753/1489 1918/3751/1488
f 1975/1798/1097 1980/1797/1421 1979/3747/1490 1976/3753/1489
f 1887/1402/1034 1876/1940/1550 1875/3749/1484 1888/3744/1493
f 1921/2272/1773 1915/2271/1772 1916/3752/1487 1922/3754/1587
f 1949/3131/2525 1951/3130/2524 1952/3755/1588 1950/3750/1486
f 1919/2273/1774 1921/2272/1773 1922/3754/1587 1920/3756/1605
f 1951/3130/2524 1953/3129/2523 1954/3757/1603 1952/3755/1588
f 1923/2274/1775 1919/2273/1774 1920/3756/1605 1924/3758/1565
f 1953/3129/2523 1955/3128/2522 1956/3759/1732 1954/3757/1603
f 1927/2275/1776 1923/2274/1775 1924/3758/1565 1928/3760/1564
f 1955/3128/2522 1957/3127/2521 1958/3761/1567 1956/3759/1732
f 1925/2276/1777 1927/2275/1776 1928/3760/1564 1926/3762/1736
f 1957/3127/2521 1959/3126/2520 1960/3763/1737 1958/3761/1567
f 1931/2277/1778 1925/2276/1777 1926/3762/1736 1932/3764/1739
f 1959/3126/2520 1961/3125/2519 1962/3765/1738 1960/3763/1737
f 1929/2278/1779 1931/2277/1778 1932/3764/1739 1930/3766/1742
f 1961/3125/2519 1963/3124/2518 1964/3767/1741 1962/3765/1738
f 1879/2279/1780 1929/2278/1779 1930/3766/1742 1880/3768/1745
f 1963/3124/2518 1881/3123/2517 1882/3769/1596 1964/3767/1741
f 1889/2280/1781 1879/2279/1780 1880/3768/1745 1890/3770/1552
f 1881/3123/2517 1893/3122/2516 1894/3771/1553 1882/3769/1596
f 1871/2281/1782 1889/2280/1781 1890/3770/1552 1872/3714/1449
f 1893/3122/2516 1873/3121/2515 1874/3717/1450 1894/3771/1553
f 2442/2343/1825 2224/2346/1828 2231/2325/1804 2387/2328/1500
f 2014/3772/1891 2045/3773/1890 2046/2519/1976 2013/2518/1975
f 2044/3774/2016 2011/3775/2015 2012/2533/1979 2043/2532/1958
f 2050/3776/1362 2041/3777/1356 2042/1684/1312 2049/1683/1311
f 2041/3777/1356 2033/3778/1350 2034/1685/1313 2042/1684/1312
f 2033/3778/1350 2017/3779/1342 2018/1686/1314 2034/1685/1313
f 2017/3779/1342 2001/3780/1338 2002/1687/1315 2018/1686/1314
f 2001/3780/1338 2009/3781/1337 2010/1688/1316 2002/1687/1315
f 2009/3781/1337 1989/3782/1985 1990/1689/1317 2010/1688/1316
f 1989/3782/1985 2105/3783/1193 2106/1690/1318 1990/1689/1317
f 2105/3783/1193 2103/3784/1185 2104/1691/1319 2106/1690/1318
f 2103/3784/1185 2099/3785/1188 2100/1692/1320 2104/1691/1319
f 2099/3785/1188 2101/3786/1176 2102/1693/1321 2100/1692/1320
f 2101/3786/1176 2097/3787/1166 2098/1694/1322 2102/1693/1321
f 2097/3787/1166 2095/3788/1165 2096/1695/1323 2098/1694/1322
f 2095/3788/1165 2093/3789/1404 2094/1650/1278 2096/1695/1323
f 2093/3789/1404 2091/3790/1403 2092/1651/1279 2094/1650/1278
f 2091/3790/1403 2023/3791/2005 2024/1652/1280 2092/1651/1279
f 2022/3792/1964 2089/3793/1963 2090/1677/1305 2021/1676/1304
f 2089/3793/1963 2087/3794/1974 2088/1678/1306 2090/1677/1305
f 2087/3794/1974 2085/3795/1407 2086/1679/1307 2088/1678/1306
f 2085/3795/1407 2083/3796/1406 2084/1680/1308 2086/1679/1307
f 2083/3796/1406 2069/3797/1378 2070/1681/1309 2084/1680/1308
f 2069/3797/1378 2067/3798/1370 2068/1682/1310 2070/1681/1309
f 2067/3798/1370 2050/3776/1362 2049/1683/1311 2068/1682/1310
f 1991/3799/1991 1983/3800/1990 1984/1500/1129 1992/3801/2768
f 1986/3802/2052 1997/3803/1894 1998/3804/2769 1985/1476/1105
f 1995/3805/1893 2005/3806/1892 2006/2536/1415 1996/3197/2589
f 2004/3807/2014 1994/3808/2013 1993/2483/1956 2003/2482/1955
f 2005/3806/1892 2014/3772/1891 2013/2518/1975 2006/2536/1415
f 2011/3775/2015 2004/3807/2014 2003/2482/1955 2012/2533/1979
f 2028/3809/1887 2022/3792/1964 2021/1676/1304 2027/2494/1967
f 2023/3791/2005 2019/3810/2004 2020/3086/2481 2024/1652/1280
f 2019/3810/2004 2025/3811/2018 2026/2538/1413 2020/3086/2481
f 2030/3812/1888 2028/3809/1887 2027/2494/1967 2029/2493/1966
f 2025/3811/2018 2035/3813/2017 2036/2539/1414 2026/2538/1413
f 2038/3814/1889 2030/3812/1888 2029/2493/1966 2037/2547/1970
f 2045/3773/1890 2038/3814/1889 2037/2547/1970 2046/2519/1976
f 2035/3813/2017 2044/3774/2016 2043/2532/1958 2036/2539/1414
f 2078/3815/1389 1986/3802/2052 1985/1476/1105 2077/1475/1104
f 1983/3800/1990 2051/3816/1398 2052/1501/1130 1984/1500/1129
f 2051/3816/1398 2053/3817/1172 2054/1502/1131 2052/1501/1130
f 2053/3817/1172 2055/3818/1171 2056/1503/1132 2054/1502/1131
f 2055/3818/1171 2057/3819/1191 2058/1504/1133 2056/1503/1132
f 2057/3819/1191 2061/3820/1161 2062/1505/1134 2058/1504/1133
f 2061/3820/1161 2059/3821/1160 2060/1506/1135 2062/1505/1134
f 2059/3821/1160 2063/3822/1183 2064/1507/1136 2060/1506/1135
f 2063/3822/1183 2073/3823/1182 2074/1508/1137 2064/1507/1136
f 2073/3823/1182 1987/3824/1417 1988/1509/1138 2074/1508/1137
f 1987/3824/1417 2007/3825/1332 2008/1510/1139 1988/1509/1138
f 2007/3825/1332 1999/3826/1335 2000/1511/1140 2008/1510/1139
f 1999/3826/1335 2015/3827/1341 2016/1512/1141 2000/1511/1140
f 2015/3827/1341 2031/3828/1349 2032/1513/1142 2016/1512/1141
f 2031/3828/1349 2039/3829/1355 2040/1514/1143 2032/1513/1142
f 2039/3829/1355 2047/3830/1361 2048/1515/1144 2040/1514/1143
f 2047/3830/1361 2065/3831/1400 2066/1516/1145 2048/1515/1144
f 2065/3831/1400 2071/3832/1209 2072/1517/1146 2066/1516/1145
f 2071/3832/1209 2081/3833/1212 2082/1518/1147 2072/1517/1146
f 2081/3833/1212 2075/3834/1375 2076/1519/1148 2082/1518/1147
f 2075/3834/1375 2079/3835/1390 2080/1474/1103 2076/1519/1148
f 2079/3835/1390 2078/3815/1389 2077/1475/1104 2080/1474/1103
f 2140/2537/2001 2147/2521/1989 2148/3836/1618 2139/3837/1617
f 2147/2521/1989 2167/2520/1988 2168/3838/1619 2148/3836/1618
f 2167/2520/1988 2163/2546/2008 2164/3839/1620 2168/3838/1619
f 2201/1478/1107 2129/1477/1106 2130/3840/1615 2202/3841/1614
f 2129/1477/1106 2127/3198/2590 2128/3842/1616 2130/3840/1615
f 2127/3198/2590 2140/2537/2001 2139/3837/1617 2128/3842/1616
f 2163/2546/2008 2155/2495/1968 2156/3843/1621 2164/3839/1620
f 2155/2495/1968 2149/1675/1303 2150/3844/1622 2156/3843/1621
f 2149/1675/1303 2219/1674/1302 2220/3845/1623 2150/3844/1622
f 2199/1479/1108 2201/1478/1107 2202/3841/1614 2200/3846/1640
f 2219/1674/1302 2221/1673/1301 2222/3847/1639 2220/3845/1623
f 2203/1480/1109 2199/1479/1108 2200/3846/1640 2204/3848/1648
f 2221/1673/1301 2217/1672/1300 2218/3849/1649 2222/3847/1639
f 2197/1481/1110 2203/1480/1109 2204/3848/1648 2198/3850/1647
f 2217/1672/1300 2117/1671/1299 2118/3851/1646 2218/3849/1649
f 2117/1671/1299 2119/1670/1298 2120/3852/1650 2118/3851/1646
f 2211/1482/1111 2197/1481/1110 2198/3850/1647 2212/3853/1651
f 2119/1670/1298 2115/1669/1297 2116/3854/1652 2120/3852/1650
f 2209/1483/1112 2211/1482/1111 2212/3853/1651 2210/3855/1653
f 2115/1669/1297 2113/1668/1296 2114/3856/1662 2116/3854/1652
f 2193/1484/1113 2209/1483/1112 2210/3855/1653 2194/3857/1663
f 2113/1668/1296 2111/1667/1295 2112/3858/1659 2114/3856/1662
f 2191/1485/1114 2193/1484/1113 2194/3857/1663 2192/3859/1658
f 2111/1667/1295 2215/1666/1294 2216/3860/1660 2112/3858/1659
f 2195/1486/1115 2191/1485/1114 2192/3859/1658 2196/3861/1661
f 2189/1487/1116 2195/1486/1115 2196/3861/1661 2190/3862/1674
f 2215/1666/1294 2213/1665/1293 2214/3863/1675 2216/3860/1660
f 2213/1665/1293 2109/1664/1292 2110/3864/1206 2214/3863/1675
f 2107/1488/1117 2189/1487/1116 2190/3862/1674 2108/3865/1205
f 2121/1489/1118 2107/1488/1117 2108/3865/1205 2122/3866/1204
f 2109/1664/1292 2123/1663/1291 2124/3867/1203 2110/3864/1206
f 2133/1490/1119 2121/1489/1118 2122/3866/1204 2134/3868/1612
f 2123/1663/1291 2135/1662/1290 2136/3869/1613 2124/3867/1203
f 2141/1491/1120 2133/1490/1119 2134/3868/1612 2142/3870/1611
f 2135/1662/1290 2143/1661/1289 2144/3871/1610 2136/3869/1613
f 2157/1492/1121 2141/1491/1120 2142/3870/1611 2158/3872/1694
f 2143/1661/1289 2159/1660/1288 2160/3873/1693 2144/3871/1610
f 2159/1660/1288 2171/1659/1287 2172/3874/1698 2160/3873/1693
f 2169/1493/1122 2157/1492/1121 2158/3872/1694 2170/3875/1699
f 2173/1494/1123 2169/1493/1122 2170/3875/1699 2174/3876/1703
f 2171/1659/1287 2175/1658/1286 2176/3877/1702 2172/3874/1698
f 2175/1658/1286 2179/1657/1285 2180/3878/1707 2176/3877/1702
f 2177/1495/1124 2173/1494/1123 2174/3876/1703 2178/3879/1708
f 2181/1496/1125 2177/1495/1124 2178/3879/1708 2182/3880/1709
f 2179/1657/1285 2183/1656/1284 2184/3881/1710 2180/3878/1707
f 2185/1497/1126 2181/1496/1125 2182/3880/1709 2186/3882/1714
f 2183/1656/1284 2205/1655/1283 2206/3883/1715 2184/3881/1710
f 2187/1498/1127 2185/1497/1126 2186/3882/1714 2188/3884/1684
f 2205/1655/1283 2207/1654/1282 2208/3885/1685 2206/3883/1715
f 2126/2484/1957 2131/1499/1128 2132/3886/1683 2125/3887/1682
f 2131/1499/1128 2187/1498/1127 2188/3884/1684 2132/3886/1683
f 2207/1654/1282 2151/1653/1281 2152/3888/1686 2208/3885/1685
f 2151/1653/1281 2153/2541/2003 2154/3889/1687 2152/3888/1686
f 2146/2534/1999 2137/2481/1954 2138/3890/1681 2145/3891/1680
f 2137/2481/1954 2126/2484/1957 2125/3887/1682 2138/3890/1681
f 2153/2541/2003 2161/2540/2002 2162/3892/1688 2154/3889/1687
f 2161/2540/2002 2165/2535/2000 2166/3893/1689 2162/3892/1688
f 2165/2535/2000 2146/2534/1999 2145/3891/1680 2166/3893/1689
f 2232/3894/2045 2253/3895/2040 2254/2326/1032 2231/2325/1804
f 2252/3896/1460 2233/3897/1459 2234/2294/1793 2251/2329/1805
f 2336/3898/1480 2237/3899/1873 2238/1356/988 2335/1355/987
f 2236/3900/1817 2259/3901/1089 2260/1381/1013 2235/1380/1012
f 2259/3901/1089 2229/3902/1088 2230/1382/1014 2260/1381/1013
f 2229/3902/1088 2321/3903/979 2322/1383/1015 2230/1382/1014
f 2321/3903/979 2319/3904/967 2320/1384/1016 2322/1383/1015
f 2319/3904/967 2317/3905/966 2318/1385/1017 2320/1384/1016
f 2317/3905/966 2313/3906/946 2314/1386/1018 2318/1385/1017
f 2313/3906/946 2311/3907/945 2312/1387/1019 2314/1386/1018
f 2311/3907/945 2309/3908/936 2310/1388/1020 2312/1387/1019
f 2309/3908/936 2307/3909/930 2308/1389/1021 2310/1388/1020
f 2307/3909/930 2281/3910/927 2282/1390/1022 2308/1389/1021
f 2281/3910/927 2305/3911/926 2306/1391/1023 2282/1390/1022
f 2305/3911/926 2325/3912/974 2326/1392/1024 2306/1391/1023
f 2325/3912/974 2323/3913/973 2324/1393/1025 2326/1392/1024
f 2323/3913/973 2341/3914/983 2342/1394/1026 2324/1393/1025
f 2341/3914/983 2327/3915/982 2328/1395/1027 2342/1394/1026
f 2327/3915/982 2331/3916/1102 2332/1396/1028 2328/1395/1027
f 2331/3916/1102 2329/3917/1101 2330/1397/1029 2332/1396/1028
f 2329/3917/1101 2339/3918/954 2340/1398/1030 2330/1397/1029
f 2339/3918/954 2333/3919/957 2334/1399/1031 2340/1398/1030
f 2333/3919/957 2337/3920/1443 2338/1354/986 2334/1399/1031
f 2337/3920/1443 2336/3898/1480 2335/1355/987 2338/1354/986
f 2258/3921/1947 2255/3922/1946 2256/2397/1874 2257/2369/1776
f 2255/3922/1946 2315/3923/2047 2316/2345/1827 2256/2397/1874
f 2344/3924/1457 2345/3925/1425 2346/1810/1433 2343/1814/1437
f 2345/3925/1425 2273/3926/1424 2274/1811/1434 2346/1810/1433
f 2315/3923/2047 2223/3927/2046 2224/2346/1828 2316/2345/1827
f 2226/3928/1458 2344/3924/1457 2343/1814/1437 2225/2291/1792
f 2223/3927/2046 2232/3894/2045 2231/2325/1804 2224/2346/1828
f 2233/3897/1459 2226/3928/1458 2225/2291/1792 2234/2294/1793
f 2242/3929/1818 2236/3900/1817 2235/1380/1012 2241/2303/1801
f 2237/3899/1873 2243/3930/1463 2244/2299/1798 2238/1356/988
f 2243/3930/1463 2245/3931/1462 2246/2300/1799 2244/2299/1798
f 2240/3932/2044 2242/3929/1818 2241/2303/1801 2239/2302/1800
f 2245/3931/1462 2249/3933/1461 2250/2395/1813 2246/2300/1799
f 2248/3934/2039 2240/3932/2044 2239/2302/1800 2247/2393/1033
f 2253/3895/2040 2248/3934/2039 2247/2393/1033 2254/2326/1032
f 2249/3933/1461 2252/3896/1460 2251/2329/1805 2250/2395/1813
f 2262/3935/1086 2258/3921/1947 2257/2369/1776 2261/2368/1850
f 2273/3926/1424 2271/3936/950 2272/2348/1830 2274/1811/1434
f 2271/3936/950 2275/3937/949 2276/2349/1831 2272/2348/1830
f 2275/3937/949 2267/3938/956 2268/2350/1832 2276/2349/1831
f 2267/3938/956 2269/3939/955 2270/2351/1833 2268/2350/1832
f 2269/3939/955 2277/3940/1100 2278/2352/1834 2270/2351/1833
f 2277/3940/1100 2265/3941/1099 2266/2353/1835 2278/2352/1834
f 2265/3941/1099 2263/3942/981 2264/2354/1836 2266/2353/1835
f 2263/3942/981 2299/3943/1495 2300/2355/1837 2264/2354/1836
f 2299/3943/1495 2297/3944/1494 2298/2356/1838 2300/2355/1837
f 2297/3944/1494 2301/3945/971 2302/2357/1839 2298/2356/1838
f 2301/3945/971 2295/3946/929 2296/2358/1840 2302/2357/1839
f 2295/3946/929 2279/3947/928 2280/2359/1841 2296/2358/1840
f 2279/3947/928 2293/3948/1948 2294/2360/1842 2280/2359/1841
f 2293/3948/1948 2303/3949/937 2304/2361/1843 2294/2360/1842
f 2303/3949/937 2287/3950/958 2288/2362/1844 2304/2361/1843
f 2287/3950/958 2289/3951/969 2290/2363/1845 2288/2362/1844
f 2289/3951/969 2285/3952/968 2286/2364/1846 2290/2363/1845
f 2285/3952/968 2291/3953/978 2292/2365/1847 2286/2364/1846
f 2291/3953/978 2283/3954/977 2284/2366/1848 2292/2365/1847
f 2283/3954/977 2227/3955/1087 2228/2367/1849 2284/2366/1848
f 2227/3955/1087 2262/3935/1086 2261/2368/1850 2228/2367/1849
f 2361/2382/1863 2347/2381/1862 2348/3956/1449 2362/3957/1448
f 2349/1368/1000 2363/1367/999 2364/3958/1451 2350/3959/1450
f 2375/2383/1864 2361/2382/1863 2362/3957/1448 2376/3960/1568
f 2363/1367/999 2377/1366/998 2378/3961/1569 2364/3958/1451
f 2379/2384/1865 2375/2383/1864 2376/3960/1568 2380/3962/1571
f 2377/1366/998 2381/1365/997 2382/3963/1570 2378/3961/1569
f 2351/2385/1866 2379/2384/1865 2380/3962/1571 2352/3964/1572
f 2381/1365/997 2383/1364/996 2384/3965/1573 2382/3963/1570
f 2355/2386/1867 2351/2385/1866 2352/3964/1572 2356/3966/1579
f 2383/1364/996 2385/1363/995 2386/3967/1580 2384/3965/1573
f 2353/2387/1868 2355/2386/1867 2356/3966/1579 2354/3968/1585
f 2385/1363/995 2395/1362/994 2396/3969/1586 2386/3967/1580
f 2397/2388/1869 2353/2387/1868 2354/3968/1585 2398/3970/1591
f 2395/1362/994 2399/1361/993 2400/3971/1589 2396/3969/1586
f 2401/2389/1870 2397/2388/1869 2398/3970/1591 2402/3972/1594
f 2399/1361/993 2403/1360/992 2404/3973/1593 2400/3971/1589
f 2425/2390/1871 2401/2389/1870 2402/3972/1594 2426/3974/1598
f 2403/1360/992 2423/1359/991 2424/3975/1599 2404/3973/1593
f 2423/1359/991 2419/1358/990 2420/3976/1560 2424/3975/1599
f 2431/2347/1829 2425/2390/1871 2426/3974/1598 2432/3977/1559
f 2440/1813/1436 2433/1812/1435 2434/3978/1558 2439/3979/1557
f 2433/1812/1435 2431/2347/1829 2432/3977/1559 2434/3978/1558
f 2419/1358/990 2421/1357/989 2422/3980/1561 2420/3976/1560
f 2421/1357/989 2447/2301/1455 2448/3981/1562 2422/3980/1561
f 2392/2330/1806 2389/2293/940 2390/3982/1555 2391/3983/1554
f 2389/2293/940 2443/2292/939 2444/3984/1729 2390/3982/1555
f 2443/2292/939 2440/1813/1436 2439/3979/1557 2444/3984/1729
f 2447/2301/1455 2451/2396/1822 2452/3985/1563 2448/3981/1562
f 2451/2396/1822 2392/2330/1806 2391/3983/1554 2452/3985/1563
f 2394/2327/1035 2449/2394/1034 2450/3986/1493 2393/3987/1492
f 2442/2343/1825 2387/2328/1500 2388/3988/1491 2441/3989/1490
f 2387/2328/1500 2394/2327/1035 2393/3987/1492 2388/3988/1491
f 2438/2344/1826 2442/2343/1825 2441/3989/1490 2437/3990/1489
f 2449/2394/1034 2445/2304/1550 2446/3991/1484 2450/3986/1493
f 2445/2304/1550 2407/1379/1011 2408/3992/1576 2446/3991/1484
f 2407/1379/1011 2405/1378/1010 2406/3993/1486 2408/3992/1576
f 2453/2371/1852 2435/2370/1851 2436/3994/1488 2454/3995/1487
f 2435/2370/1851 2438/2344/1826 2437/3990/1489 2436/3994/1488
f 2405/1378/1010 2409/1377/1009 2410/3996/1601 2406/3993/1486
f 2457/2372/1853 2453/2371/1852 2454/3995/1487 2458/3997/1578
f 2409/1377/1009 2413/1376/1008 2414/3998/1603 2410/3996/1601
f 2455/2373/1854 2457/2372/1853 2458/3997/1578 2456/3999/1605
f 2413/1376/1008 2411/1375/1007 2412/4000/1566 2414/3998/1603
f 2459/2374/1855 2455/2373/1854 2456/3999/1605 2460/4001/1565
f 2367/2375/1856 2459/2374/1855 2460/4001/1565 2368/4002/1564
f 2411/1375/1007 2427/1374/1006 2428/4003/1567 2412/4000/1566
f 2373/2376/1857 2367/2375/1856 2368/4002/1564 2374/4004/1734
f 2427/1374/1006 2429/1373/1005 2430/4005/1735 2428/4003/1567
f 2371/2377/1858 2373/2376/1857 2374/4004/1734 2372/4006/1739
f 2429/1373/1005 2417/1372/1004 2418/4007/1740 2430/4005/1735
f 2461/2378/1859 2371/2377/1858 2372/4006/1739 2462/4008/1742
f 2417/1372/1004 2415/1371/1003 2416/4009/1741 2418/4007/1740
f 2415/1371/1003 2359/1370/1002 2360/4010/1596 2416/4009/1741
f 2357/2379/1860 2461/2378/1859 2462/4008/1742 2358/4011/1595
f 2365/2380/1861 2357/2379/1860 2358/4011/1595 2366/4012/1552
f 2359/1370/1002 2369/1369/1001 2370/4013/1553 2360/4010/1596
f 2347/2381/1862 2365/2380/1861 2366/4012/1552 2348/3956/1449
f 2369/1369/1001 2349/1368/1000 2350/3959/1450 2370/4013/1553
f 2830/2477/1035 2698/2476/1950 2762/2475/1949 2901/2474/1034
f 2480/4014/1898 2477/4015/1897 2478/2588/2035 2479/2586/2034
f 2486/4016/2031 2545/4017/2030 2546/1753/1381 2485/2526/1994
f 2538/4018/1360 2521/4019/1354 2522/1610/1238 2537/1609/1237
f 2521/4019/1354 2517/4020/1348 2518/1611/1239 2522/1610/1238
f 2517/4020/1348 2493/4021/1340 2494/1612/1240 2518/1611/1239
f 2493/4021/1340 2483/4022/1334 2484/1613/1241 2494/1612/1240
f 2483/4022/1334 2489/4023/1333 2490/1614/1242 2484/1613/1241
f 2489/4023/1333 2473/4024/1418 2474/1615/1243 2490/1614/1242
f 2473/4024/1418 2573/4025/1181 2574/1616/1244 2474/1615/1243
f 2573/4025/1181 2567/4026/1184 2568/1617/1245 2574/1616/1244
f 2567/4026/1184 2569/4027/1159 2570/1618/1246 2568/1617/1245
f 2569/4027/1159 2565/4028/1162 2566/1619/1247 2570/1618/1246
f 2565/4028/1162 2571/4029/1192 2572/1620/1248 2566/1619/1247
f 2571/4029/1192 2561/4030/1174 2562/1621/1249 2572/1620/1248
f 2561/4030/1174 2563/4031/1173 2564/1622/1250 2562/1621/1249
f 2563/4031/1173 2553/4032/1399 2554/1623/1251 2564/1622/1250
f 2553/4032/1399 2555/4033/1993 2556/1624/1252 2554/1623/1251
f 2559/4034/2053 2557/4035/1388 2558/1603/1231 2560/1602/1230
f 2557/4035/1388 2551/4036/1391 2552/1604/1232 2558/1603/1231
f 2551/4036/1391 2549/4037/1374 2550/1605/1233 2552/1604/1232
f 2549/4037/1374 2543/4038/1211 2544/1606/1234 2550/1605/1233
f 2543/4038/1211 2541/4039/1210 2542/1607/1235 2544/1606/1234
f 2541/4039/1210 2539/4040/1372 2540/1608/1236 2542/1607/1235
f 2539/4040/1372 2538/4018/1360 2537/1609/1237 2540/1608/1236
f 2576/4041/1149 2495/4042/1153 2496/2516/1986 2575/1567/1196
f 2548/4043/1900 2475/4044/1899 2476/1595/1224 2547/1594/1223
f 2475/4044/1899 2480/4014/1898 2479/2586/2034 2476/1595/1224
f 2545/4017/2030 2577/4045/2029 2578/1566/1195 2546/1753/1381
f 2466/4046/1992 2467/4047/2032 2468/1599/1227 2465/1598/1226
f 2470/4048/1896 2463/4049/1895 2464/2530/1997 2469/2529/1996
f 2467/4047/2032 2486/4016/2031 2485/2526/1994 2468/1599/1227
f 2477/4015/1897 2470/4048/1896 2469/2529/1996 2478/2588/2035
f 2512/4050/1201 2509/4051/2770 2510/1796/1420 2511/2630/2074
f 2495/4042/1153 2497/4052/1152 2498/2610/2054 2496/2516/1986
f 2497/4052/1152 2503/4053/1170 2504/2611/2055 2498/2610/2054
f 2503/4053/1170 2501/4054/1169 2502/2612/2056 2504/2611/2055
f 2501/4054/1169 2499/4055/1190 2500/2613/2057 2502/2612/2056
f 2499/4055/1190 2513/4056/1180 2514/2614/2058 2500/2613/2057
f 2513/4056/1180 2507/4057/1179 2508/2615/2059 2514/2614/2058
f 2507/4057/1179 2505/4058/1208 2506/2616/2060 2508/2615/2059
f 2505/4058/1208 2523/4059/1277 2524/2617/2061 2506/2616/2060
f 2523/4059/1277 2471/4060/2012 2472/2618/2062 2524/2617/2061
f 2471/4060/2012 2487/4061/1331 2488/2619/2063 2472/2618/2062
f 2487/4061/1331 2481/4062/1330 2482/2620/2064 2488/2619/2063
f 2481/4062/1330 2491/4063/1409 2492/2621/2065 2482/2620/2064
f 2491/4063/1409 2515/4064/1412 2516/2622/2066 2492/2621/2065
f 2515/4064/1412 2519/4065/2010 2520/2623/2067 2516/2622/2066
f 2519/4065/2010 2525/4066/1366 2526/2624/2068 2520/2623/2067
f 2525/4066/1366 2529/4067/1369 2530/2625/2069 2526/2624/2068
f 2529/4067/1369 2527/4068/1377 2528/2626/2070 2530/2625/2069
f 2527/4068/1377 2535/4069/1383 2536/2627/2071 2528/2626/2070
f 2535/4069/1383 2531/4070/1393 2532/2628/2072 2536/2627/2071
f 2531/4070/1393 2533/4071/1202 2534/2629/2073 2532/2628/2072
f 2533/4071/1202 2512/4050/1201 2511/2630/2074 2534/2629/2073
f 2555/4033/1993 2466/4046/1992 2465/1598/1226 2556/1624/1252
f 2600/2589/1977 2593/2528/1995 2594/4072/1723 2599/4073/1722
f 2694/1596/1225 2663/2587/1978 2664/4074/1721 2693/4075/1720
f 2663/2587/1978 2600/2589/1977 2599/4073/1722 2664/4074/1721
f 2582/1647/1275 2673/1646/1274 2674/4076/1638 2581/4077/1717
f 2633/2631/2075 2631/1795/1419 2632/4078/1718 2634/4079/1637
f 2631/1795/1419 2690/1597/1157 2689/4080/1719 2632/4078/1718
f 2690/1597/1157 2694/1596/1225 2693/4075/1720 2689/4080/1719
f 2593/2528/1995 2587/2531/1998 2588/4081/1724 2594/4072/1723
f 2587/2531/1998 2582/1647/1275 2581/4077/1717 2588/4081/1724
f 2635/2632/2076 2633/2631/2075 2634/4079/1637 2636/4082/1636
f 2673/1646/1274 2675/1645/1273 2676/4083/1625 2674/4076/1638
f 2629/2633/2077 2635/2632/2076 2636/4082/1636 2630/4084/1645
f 2675/1645/1273 2671/1644/1272 2672/4085/1626 2676/4083/1625
f 2653/2634/2078 2629/2633/2077 2630/4084/1645 2654/4086/1641
f 2671/1644/1272 2685/1643/1271 2686/4087/1642 2672/4085/1626
f 2651/2635/2079 2653/2634/2078 2654/4086/1641 2652/4088/1644
f 2685/1643/1271 2687/1642/1270 2688/4089/1643 2686/4087/1642
f 2647/2636/2080 2651/2635/2079 2652/4088/1644 2648/4090/1657
f 2687/1642/1270 2683/1641/1269 2684/4091/1656 2688/4089/1643
f 2649/2637/2081 2647/2636/2080 2648/4090/1657 2650/4092/1635
f 2683/1641/1269 2681/1640/1268 2682/4093/1634 2684/4091/1656
f 2625/2638/2082 2649/2637/2081 2650/4092/1635 2626/4094/1655
f 2681/1640/1268 2679/1639/1267 2680/4095/1654 2682/4093/1634
f 2627/2639/2083 2625/2638/2082 2626/4094/1655 2628/4096/1664
f 2679/1639/1267 2677/1638/1266 2678/4097/1665 2680/4095/1654
f 2623/2640/2084 2627/2639/2083 2628/4096/1664 2624/4098/1672
f 2677/1638/1266 2669/1637/1265 2670/4099/1673 2678/4097/1665
f 2669/1637/1265 2585/1636/1264 2586/4100/1609 2670/4099/1673
f 2583/2641/2085 2623/2640/2084 2624/4098/1672 2584/4101/1608
f 2595/2642/2086 2583/2641/2085 2584/4101/1608 2596/4102/1607
f 2585/1636/1264 2597/1635/1263 2598/4103/1606 2586/4100/1609
f 2603/2643/2087 2595/2642/2086 2596/4102/1607 2604/4104/1669
f 2597/1635/1263 2605/1634/1262 2606/4105/1668 2598/4103/1606
f 2607/2644/2088 2603/2643/2087 2604/4104/1669 2608/4106/1679
f 2605/1634/1262 2609/1633/1261 2610/4107/1678 2606/4105/1668
f 2611/2645/2089 2607/2644/2088 2608/4106/1679 2612/4108/1692
f 2609/1633/1261 2613/1632/1260 2614/4109/1691 2610/4107/1678
f 2637/2646/2090 2611/2645/2089 2612/4108/1692 2638/4110/1630
f 2613/1632/1260 2639/1631/1259 2640/4111/1631 2614/4109/1691
f 2643/2647/2091 2637/2646/2090 2638/4110/1630 2644/4112/1629
f 2639/1631/1259 2645/1630/1258 2646/4113/1628 2640/4111/1631
f 2641/2648/2092 2643/2647/2091 2644/4112/1629 2642/4114/1705
f 2645/1630/1258 2655/1629/1257 2656/4115/1706 2646/4113/1628
f 2619/2649/2093 2641/2648/2092 2642/4114/1705 2620/4116/1713
f 2655/1629/1257 2657/1628/1256 2658/4117/1711 2656/4115/1706
f 2621/2650/2094 2619/2649/2093 2620/4116/1713 2622/4118/1704
f 2657/1628/1256 2659/1627/1255 2660/4119/1696 2658/4117/1711
f 2615/2651/2095 2621/2650/2094 2622/4118/1704 2616/4120/1220
f 2659/1627/1255 2661/1626/1254 2662/4121/1221 2660/4119/1696
f 2668/1568/1197 2617/2517/1987 2618/4122/1219 2667/4123/1218
f 2617/2517/1987 2615/2651/2095 2616/4120/1220 2618/4122/1219
f 2661/1626/1254 2579/1625/1253 2580/4124/1222 2662/4121/1221
f 2579/1625/1253 2589/1601/1229 2590/4125/1213 2580/4124/1222
f 2589/1601/1229 2591/1600/1228 2592/4126/1214 2590/4125/1213
f 2591/1600/1228 2601/2527/1959 2602/4127/1215 2592/4126/1214
f 2601/2527/1959 2665/1752/1380 2666/4128/1216 2602/4127/1215
f 2665/1752/1380 2691/1569/1198 2692/4129/2033 2666/4128/1216
f 2691/1569/1198 2668/1568/1197 2667/4123/1218 2692/4129/2033
f 2463/4049/1895 2559/4034/2053 2560/1602/1230 2464/2530/1997
f 2509/4051/2770 2548/4043/1900 2547/1594/1223 2510/1796/1420
f 2577/4045/2029 2576/4041/1149 2575/1567/1196 2578/1566/1195
f 2955/1571/1200 2953/2424/1901 2548/2423/1900 2509/4130/2770 2512/1572/1201
f 2696/4131/1473 2765/4132/1472 2766/1303/941 2695/2341/1824
f 2756/4133/2050 2697/4134/2049 2698/2476/1950 2755/1889/1499
f 2728/4135/1817 2753/4136/1085 2754/1405/1037 2727/1404/1036
f 2753/4136/1085 2701/4137/1084 2702/1406/1038 2754/1405/1037
f 2701/4137/1084 2771/4138/979 2772/1407/1039 2702/1406/1038
f 2771/4138/979 2773/4139/967 2774/1408/1040 2772/1407/1039
f 2773/4139/967 2775/4140/966 2776/1409/1041 2774/1408/1040
f 2775/4140/966 2777/4141/970 2778/1410/1042 2776/1409/1041
f 2777/4141/970 2783/4142/959 2784/1411/1043 2778/1410/1042
f 2783/4142/959 2769/4143/936 2770/1412/1044 2784/1411/1043
f 2769/4143/936 2767/4144/930 2768/1413/1045 2770/1412/1044
f 2767/4144/930 2757/4145/927 2758/1414/1046 2768/1413/1045
f 2757/4145/927 2763/4146/926 2764/1415/1047 2758/1414/1046
f 2763/4146/926 2787/4147/974 2788/1416/1048 2764/1415/1047
f 2787/4147/974 2785/4148/1497 2786/1417/1049 2788/1416/1048
f 2785/4148/1497 2801/4149/1496 2802/1418/1050 2786/1417/1049
f 2801/4149/1496 2789/4150/1481 2790/1419/1051 2802/1418/1050
f 2789/4150/1481 2793/4151/1102 2794/1420/1052 2790/1419/1051
f 2793/4151/1102 2791/4152/1101 2792/1421/1053 2794/1420/1052
f 2791/4152/1101 2799/4153/954 2800/1422/1054 2792/1421/1053
f 2799/4153/954 2795/4154/1442 2796/1423/1055 2800/1422/1054
f 2795/4154/1442 2797/4155/948 2798/1424/1056 2796/1423/1055
f 2797/4155/948 2779/4156/951 2780/1425/1057 2798/1424/1056
f 2779/4156/951 2781/4157/1427 2782/1426/1058 2780/1425/1057
f 2804/4158/1428 2717/4159/1432 2718/1817/1440 2803/1816/1439
f 2724/4160/1952 2759/4161/2051 2760/1888/1498 2723/1467/1096
f 2759/4161/2051 2756/4133/2050 2755/1889/1499 2760/1888/1498
f 2765/4132/1472 2805/4162/1471 2806/1300/938 2766/1303/941
f 2726/4163/1945 2728/4135/1817 2727/1404/1036 2725/2337/1821
f 2781/4157/1427 2807/4164/1426 2808/1835/1454 2782/1426/1058
f 2697/4134/2049 2761/4165/2048 2762/2475/1949 2698/2476/1950
f 2810/4166/1456 2696/4131/1473 2695/2341/1824 2809/2340/1823
f 2704/4167/1877 2705/4168/1953 2706/1466/1095 2703/2446/1923
f 2717/4159/1432 2715/4169/1431 2716/2426/1903 2718/1817/1440
f 2715/4169/1431 2719/4170/1444 2720/2427/1904 2716/2426/1903
f 2719/4170/1444 2711/4171/1447 2712/2428/1905 2720/2427/1904
f 2711/4171/1447 2713/4172/1453 2714/2429/1906 2712/2428/1905
f 2713/4172/1453 2721/4173/1475 2722/2430/1907 2714/2429/1906
f 2721/4173/1475 2707/4174/1478 2708/2431/1908 2722/2430/1907
f 2707/4174/1478 2709/4175/1483 2710/2432/1909 2708/2431/1908
f 2709/4175/1483 2747/4176/935 2748/2433/1910 2710/2432/1909
f 2747/4176/935 2749/4177/934 2750/2434/1911 2748/2433/1910
f 2749/4177/934 2745/4178/943 2746/2435/1912 2750/2434/1911
f 2745/4178/943 2751/4179/925 2752/2436/1913 2746/2435/1912
f 2751/4179/925 2741/4180/924 2742/2437/1914 2752/2436/1913
f 2741/4180/924 2743/4181/953 2744/2438/1915 2742/2437/1914
f 2743/4181/953 2739/4182/976 2740/2439/1916 2744/2438/1915
f 2739/4182/976 2737/4183/963 2738/2440/1917 2740/2439/1916
f 2737/4183/963 2733/4184/962 2734/2441/1918 2738/2440/1917
f 2733/4184/962 2735/4185/985 2736/2442/1919 2734/2441/1918
f 2735/4185/985 2731/4186/1083 2732/2443/1920 2736/2442/1919
f 2731/4186/1083 2729/4187/1082 2730/2444/1921 2732/2443/1920
f 2729/4187/1082 2699/4188/1878 2700/2445/1922 2730/2444/1921
f 2699/4188/1878 2704/4167/1877 2703/2446/1923 2700/2445/1922
f 2705/4168/1953 2724/4160/1952 2723/1467/1096 2706/1466/1095
f 2819/2458/1935 2811/2457/1934 2812/4189/1449 2820/4190/1743
f 2813/1438/1068 2821/1437/1067 2822/4191/1744 2814/4192/1551
f 2835/2459/1936 2819/2458/1935 2820/4190/1743 2836/4193/1728
f 2821/1437/1067 2837/1436/1025 2838/4194/1569 2822/4191/1744
f 2839/2460/1937 2835/2459/1936 2836/4193/1728 2840/4195/1571
f 2837/1436/1025 2841/1435/1066 2842/4196/1574 2838/4194/1569
f 2849/2461/1938 2839/2460/1937 2840/4195/1571 2850/4197/1572
f 2841/1435/1066 2855/1434/1065 2856/4198/1575 2842/4196/1574
f 2855/1434/1065 2853/1433/1064 2854/4199/1583 2856/4198/1575
f 2867/2462/1939 2849/2461/1938 2850/4197/1572 2868/4200/1581
f 2853/1433/1064 2851/1432/1063 2852/4201/1584 2854/4199/1583
f 2889/2463/1940 2867/2462/1939 2868/4200/1581 2890/4202/1585
f 2851/1432/1063 2865/1431/1062 2866/4203/1589 2852/4201/1584
f 2895/2464/1941 2889/2463/1940 2890/4202/1585 2896/4204/1590
f 2865/1431/1062 2857/1430/1061 2858/4205/1593 2866/4203/1589
f 2905/2465/1942 2895/2464/1941 2896/4204/1590 2906/4206/1594
f 2857/1430/1061 2863/1429/986 2864/4207/1597 2858/4205/1593
f 2907/2466/1943 2905/2465/1942 2906/4206/1594 2908/4208/1598
f 2863/1429/986 2859/1428/1060 2860/4209/1560 2864/4207/1597
f 2909/2467/1944 2907/2466/1943 2908/4208/1598 2910/4210/1559
f 2888/1815/1438 2883/1818/1441 2884/4211/1558 2887/4212/1557
f 2883/1818/1441 2909/2467/1944 2910/4210/1559 2884/4211/1558
f 2859/1428/1060 2861/1427/1059 2862/4213/1561 2860/4209/1560
f 2861/1427/1059 2899/1836/1455 2900/4214/1562 2862/4213/1561
f 2828/2342/1806 2833/1302/940 2834/4215/1555 2827/4216/1554
f 2833/1302/940 2893/1301/939 2894/4217/1556 2834/4215/1555
f 2893/1301/939 2888/1815/1438 2887/4212/1557 2894/4217/1556
f 2899/1836/1455 2903/2339/1822 2904/4218/1563 2900/4214/1562
f 2903/2339/1822 2828/2342/1806 2827/4216/1554 2904/4218/1563
f 2807/4164/1426 2810/4166/1456 2809/2340/1823 2808/1835/1454
f 2830/2477/1035 2901/2474/1034 2902/4219/1493 2829/4220/1492
f 2892/1887/1421 2831/1890/1500 2832/4221/1491 2891/4222/1490
f 2831/1890/1500 2830/2477/1035 2829/4220/1492 2832/4221/1491
f 2844/1449/1079 2845/1448/1078 2846/4223/1486 2843/4224/1485
f 2913/2447/1924 2881/1469/1098 2882/4225/1488 2914/4226/1487
f 2881/1469/1098 2886/1468/1097 2885/4227/1489 2882/4225/1488
f 2886/1468/1097 2892/1887/1421 2891/4222/1490 2885/4227/1489
f 2901/2474/1034 2897/2338/1550 2898/4228/1484 2902/4219/1493
f 2897/2338/1550 2844/1449/1079 2843/4224/1485 2898/4228/1484
f 2845/1448/1078 2847/1447/1077 2848/4229/1577 2846/4223/1486
f 2911/2448/1925 2913/2447/1924 2914/4226/1487 2912/4230/1578
f 2847/1447/1077 2869/1446/1076 2870/4231/1603 2848/4229/1577
f 2915/2449/1926 2911/2448/1925 2912/4230/1578 2916/4232/1605
f 2869/1446/1076 2873/1445/1075 2874/4233/1604 2870/4231/1603
f 2919/2450/1927 2915/2449/1926 2916/4232/1605 2920/4234/1565
f 2873/1445/1075 2871/1444/1074 2872/4235/1567 2874/4233/1604
f 2917/2451/1928 2919/2450/1927 2920/4234/1565 2918/4236/1564
f 2871/1444/1074 2879/1443/1073 2880/4237/1733 2872/4235/1567
f 2925/2452/1929 2917/2451/1928 2918/4236/1564 2926/4238/1734
f 2879/1443/1073 2875/1442/1072 2876/4239/1738 2880/4237/1733
f 2921/2453/1930 2925/2452/1929 2926/4238/1734 2922/4240/1739
f 2875/1442/1072 2877/1441/1071 2878/4241/1741 2876/4239/1738
f 2923/2454/1931 2921/2453/1930 2922/4240/1739 2924/4242/1742
f 2877/1441/1071 2817/1440/1070 2818/4243/1596 2878/4241/1741
f 2815/2455/1932 2923/2454/1931 2924/4242/1742 2816/4244/1745
f 2823/2456/1933 2815/2455/1932 2816/4244/1745 2824/4245/1552
f 2817/1440/1070 2825/1439/1069 2826/4246/1553 2818/4243/1596
f 2811/2457/1934 2823/2456/1933 2824/4245/1552 2812/4189/1449
f 2825/1439/1069 2813/1438/1068 2814/4192/1551 2826/4246/1553
f 2761/4165/2048 2726/4163/1945 2725/2337/1821 2762/2475/1949
f 2805/4162/1471 2804/4158/1428 2803/1816/1439 2806/1300/938
f 2695/2341/1824 2766/1303/941 2833/1302/940 2828/2342/1806
f 2928/1280/922 2929/1304/942 2930/1892/1502 2927/1891/1501
f 2929/1304/942 2931/1295/933 2932/1893/1503 2930/1892/1502
f 2931/1295/933 2933/1294/932 2934/1894/1504 2932/1893/1503
f 2933/1294/932 2935/1871/1482 2936/1895/1505 2934/1894/1504
f 2935/1871/1482 2937/1865/1477 2938/1896/1506 2936/1895/1505
f 2937/1865/1477 2939/1864/1476 2940/1897/1507 2938/1896/1506
f 2939/1864/1476 2941/1833/1452 2942/1898/1508 2940/1897/1507
f 2941/1833/1452 2943/1825/1446 2944/1899/1509 2942/1898/1508
f 2943/1825/1446 2945/1824/1445 2946/1900/1510 2944/1899/1509
f 2945/1824/1445 2947/1807/1430 2948/1901/1511 2946/1900/1510
f 2947/1807/1430 2949/1806/1429 2950/1902/1512 2948/1901/1511
f 2949/1806/1429 2951/1857/1470 2952/1903/1513 2950/1902/1512
f 2951/1857/1470 2953/2424/1901 2954/4247/1514 2952/1903/1513
f 2953/2424/1901 2955/1571/1200 2956/4248/1515 2954/4247/1514
f 2955/1571/1200 2957/1570/1199 2958/4249/1516 2956/4248/1515
f 2957/1570/1199 2959/1764/1392 2960/4250/1517 2958/4249/1516
f 2959/1764/1392 2961/1754/1382 2962/4251/1518 2960/4250/1517
f 2961/1754/1382 2963/1748/1376 2964/4252/1519 2962/4251/1518
f 2963/1748/1376 2965/1740/1368 2966/4253/1520 2964/4252/1519
f 2965/1740/1368 2967/1739/1367 2968/4254/1521 2966/4253/1520
f 2967/1739/1367 2969/2548/2009 2970/4255/1522 2968/4254/1521
f 2969/2548/2009 2971/1785/1411 2972/4256/1523 2970/4255/1522
f 2971/1785/1411 2973/1784/1410 2974/4257/1524 2972/4256/1523
f 2973/1784/1410 2975/1701/1329 2976/4258/1525 2974/4257/1524
f 2975/1701/1329 2977/1700/1328 2978/4259/1526 2976/4258/1525
f 2977/1700/1328 2979/2550/2011 2980/4260/1527 2978/4259/1526
f 2979/2550/2011 2981/1648/1276 2982/4261/1528 2980/4260/1527
f 2981/1648/1276 2983/1578/1207 2984/4262/1529 2982/4261/1528
f 2983/1578/1207 2985/1549/1178 2986/4263/1530 2984/4262/1529
f 2985/1549/1178 2987/1548/1177 2988/4264/1531 2986/4263/1530
f 2987/1548/1177 2989/1560/1189 2990/4265/1532 2988/4264/1531
f 2989/1560/1189 2991/1539/1168 2992/4266/1533 2990/4265/1532
f 2991/1539/1168 2993/1538/1167 2994/4267/1534 2992/4266/1533
f 2993/1538/1167 2995/1522/1151 2996/4268/1535 2994/4267/1534
f 2995/1522/1151 2997/1521/1150 2998/4269/1536 2996/4268/1535
f 2997/2572/1150 2999/2571/2028 3000/1927/1537 2998/1926/1536
f 2999/2571/2028 3001/2478/1951 3002/1928/1538 3000/1927/1537
f 3001/2478/1951 3003/2399/1876 3004/1929/1539 3002/1928/1538
f 3003/2399/1876 3005/2398/1875 3006/1930/1540 3004/1929/1539
f 3005/2398/1875 3007/1451/1081 3008/1931/1541 3006/1930/1540
f 3007/1451/1081 3009/1450/1080 3010/1932/1542 3008/1931/1541
f 3009/1450/1080 3011/1352/984 3012/1933/1543 3010/1932/1542
f 3011/1352/984 3013/1325/961 3014/1934/1544 3012/1933/1543
f 3013/1325/961 3015/1324/960 3016/1935/1545 3014/1934/1544
f 3015/1324/960 3017/1340/975 3018/1936/1546 3016/1935/1545
f 3017/1340/975 3019/1314/952 3020/1937/1547 3018/1936/1546
f 3019/1314/952 3021/1281/923 3022/1938/1548 3020/1937/1547
f 3021/1281/923 2928/1280/922 2927/1891/1501 3022/1938/1548
f 2929/1304/942 2928/1280/922 2751/1283/925 2745/1305/943
f 3023/4270/2771 3024/2742/2178 3025/4271/2173
f 3026/4272/2772 3027/4273/2183 3028/2743/2179
f 3029/4274/2194 3030/4275/2773 3031/2751/2186
f 3032/4276/2195 3033/2750/2185 3034/4277/2191
f 3035/4278/2199 3036/2796/2223 3037/4279/2261
f 3066/4280/2303 3067/4281/2380 3068/2965/2373
f 3069/4282/2304 3070/2964/2372 3071/4283/2396
f 3100/4284/2198 3101/4285/2690 3102/2797/2224
f 3105/2787/2214 3106/4286/2397 3107/2784/2211
f 3112/4287/2444 3113/2826/2246 3114/4288/2379
f 3115/2839/2259 3116/4289/2262 3117/2795/2222
f 3118/4290/2403 3119/2788/2215 3120/4291/2689
f 3133/4292/2774 3134/2837/2257 3135/4293/2775
f 3136/4294/2776 3137/4295/2777 3138/2836/2256
f 3139/4296/2104 3140/2798/2225 3141/4297/2778
f 3142/4298/2210 3143/4299/2779 3144/2835/2255
f 3153/4300/2434 3154/4301/2780 3155/4302/2781
f 3156/4303/2782 3157/4304/2783 3158/4305/2784
f 3159/4306/2785 3160/4307/2151 3161/4308/2435
f 3162/4309/2786 3163/4310/2787 3164/4311/2134
f 3169/3010/2263 3170/3367/2359 3171/3011/2417
f 3172/3334/2305 3173/3392/2399 3174/3335/2705
f 3175/3394/2404 3176/3355/2692 3177/3354/2706
f 3178/3361/2200 3179/3009/2260 3180/3008/2416
f 3181/3356/2691 3182/3360/2197 3183/3357/2707
f 3184/3363/2445 3185/3385/2382 3186/3364/2708
f 3187/3386/2381 3188/3333/2306 3189/3332/2704
f 3190/3393/2398 3191/3388/2284 3192/3387/2717
f 3028/2743/2179 3024/2742/2178 3023/4270/2771 3026/4272/2772
f 3031/2751/2186 3033/2750/2185 3032/4276/2195 3029/4274/2194
f 3041/4312/2267 3038/4313/2265 3039/2805/2232 3040/2804/2231
f 3043/4314/2270 3041/4312/2267 3040/2804/2231 3042/2803/2230
f 3045/4315/2351 3043/4314/2270 3042/2803/2230 3044/2802/2229
f 3047/4316/2356 3045/4315/2351 3044/2802/2229 3046/2801/2228
f 3049/4317/838 3047/4316/2356 3046/2801/2228 3048/2800/2227
f 3051/4318/2103 3049/4317/838 3048/2800/2227 3050/2799/2226
f 3055/4319/892 3052/4320/2113 3053/2834/2254 3054/2833/2253
f 3057/4321/2116 3055/4319/892 3054/2833/2253 3056/2832/2252
f 3059/4322/2117 3057/4321/2116 3056/2832/2252 3058/2831/2251
f 3061/4323/2120 3059/4322/2117 3058/2831/2251 3060/2830/2250
f 3063/4324/2121 3061/4323/2120 3060/2830/2250 3062/2829/2249
f 3065/4325/2170 3063/4324/2121 3062/2829/2249 3064/2828/2248
f 3069/4282/2304 3066/4280/2303 3068/2965/2373 3070/2964/2372
f 3075/4326/2301 3072/4327/2300 3073/4328/2788 3074/4329/2789
f 3077/4330/2402 3075/4326/2301 3074/4329/2789 3076/4331/2790
f 3079/4332/2312 3077/4330/2402 3076/4331/2790 3078/4333/2791
f 3081/4334/2313 3079/4332/2312 3078/4333/2791 3080/4335/2792
f 3083/4336/2130 3081/4334/2313 3080/4335/2792 3082/4337/2793
f 3085/4338/2131 3083/4336/2130 3082/4337/2793 3084/4339/2794
f 3089/4340/2436 3087/4341/2152 3086/4342/2795 3088/4343/2796
f 3091/4344/2156 3089/4340/2436 3088/4343/2796 3090/4345/2797
f 3093/4346/2157 3091/4344/2156 3090/4345/2797 3092/4347/2798
f 3095/4348/2315 3093/4346/2157 3092/4347/2798 3094/4349/2799
f 3097/4350/2316 3095/4348/2315 3094/4349/2799 3096/4351/2800
f 3099/4352/2362 3097/4350/2316 3096/4351/2800 3098/4353/2801
f 3035/4278/2199 3100/4284/2198 3102/2797/2224 3036/2796/2223
f 3122/4354/2802 3119/2788/2215 3118/4290/2403 3121/4355/2365
f 3111/2827/2247 3113/2826/2246 3112/4287/2444 3110/4356/2326
f 3036/2796/2223 3117/2795/2222 3116/4289/2262 3037/4279/2261
f 3108/2806/2233 3039/2805/2232 3038/4313/2265 3109/2838/2258
f 3064/2828/2248 3111/2827/2247 3110/4356/2326 3065/4325/2170
f 3113/2826/2246 3068/2965/2373 3067/4281/2380 3114/4288/2379
f 3070/2964/2372 3107/2784/2211 3106/4286/2397 3071/4283/2396
f 3103/2785/2212 3073/4328/2788 3072/4327/2300 3104/2786/2213
f 3098/4353/2801 3122/4354/2802 3121/4355/2365 3099/4352/2362
f 3119/2788/2215 3102/2797/2224 3101/4285/2690 3120/4291/2689
f 3123/2996/2205 3127/2775/2203 3128/2739/2177 3124/2738/2176
f 3127/2775/2203 3130/2774/2111 3129/2740/2110 3128/2739/2177
f 3131/4357/2174 3025/4271/2173 3024/2742/2178 3132/2741/2109
f 3027/4273/2183 3125/4358/2182 3126/2744/2180 3028/2743/2179
f 3228/2748/2184 3027/2747/2183 3026/4359/2772 3229/4360/2803
f 3236/4361/2804 3133/4362/2774 3135/4363/2775 3237/4364/2805
f 3134/2837/2257 3138/2836/2256 3137/4295/2777 3135/4293/2775
f 3244/4365/2105 3139/4366/2104 3141/4367/2778 3245/4368/2806
f 3140/2798/2225 3134/2837/2257 3133/4292/2774 3141/4297/2778
f 3252/4369/2206 3126/4370/2180 3125/2746/2182 3253/2745/2181
f 3138/2836/2256 3144/2835/2255 3143/4299/2779 3136/4294/2776
f 3145/4371/2192 3034/4277/2191 3033/2750/2185 3146/2749/2139
f 3030/4275/2773 3151/4372/2807 3152/2752/2146 3031/2751/2186
f 3196/4373/2808 3030/4374/2773 3029/2762/2194 3197/2761/2193
f 3204/4375/2809 3156/4376/2782 3158/4377/2784 3205/4378/2810
f 3157/4304/2783 3155/4302/2781 3154/4301/2780 3158/4305/2784
f 3155/4302/2781 3159/4306/2785 3161/4308/2435 3153/4300/2434
f 3212/4379/2147 3152/4380/2146 3151/4381/2807 3213/4382/2811
f 3162/4309/2786 3157/4304/2783 3156/4303/2782 3163/4310/2787
f 3220/4383/2135 3164/4384/2134 3163/4385/2787 3221/4386/2812
f 3050/2799/2226 3140/2798/2225 3139/4296/2104 3051/4318/2103
f 3144/2835/2255 3053/2834/2254 3052/4320/2113 3142/4298/2210
f 3084/4339/2794 3162/4309/2786 3164/4311/2134 3085/4338/2131
f 3159/4306/2785 3086/4342/2795 3087/4341/2152 3160/4307/2151
f 3167/2755/2188 3165/2754/2187 3166/3038/2437 3168/2771/2201
f 3149/3039/2144 3166/3038/2437 3165/2754/2187 3150/2753/2145
f 3168/2771/2201 3148/2770/2141 3147/2756/2140 3167/2755/2188
f 3169/4387/2263 3116/4388/2262 3115/2950/2259 3170/2953/2359
f 3178/2768/2200 3035/2767/2199 3037/4389/2261 3179/4390/2260
f 3187/4391/2381 3067/4392/2380 3066/2892/2303 3188/2895/2306
f 3071/4393/2396 3173/4394/2399 3172/2894/2305 3069/2893/2304
f 3105/2868/2214 3191/2871/2284 3190/4395/2398 3106/4396/2397
f 3120/4397/2689 3176/4398/2692 3175/2993/2404 3118/2992/2403
f 3100/2766/2198 3182/2765/2197 3181/4399/2691 3101/4400/2690
f 3114/4401/2379 3185/4402/2382 3184/3049/2445 3112/3048/2444
f 3229/4360/2803 3026/4359/2772 3023/4403/2771 3240/4404/2813
f 3146/4405/2139 3217/4406/2138 3224/2757/2189 3145/2760/2192
f 3217/4406/2138 3218/4407/2137 3223/4408/2814 3224/2757/2189
f 3218/4407/2137 3219/4409/2136 3222/4410/2815 3223/4408/2814
f 3219/4409/2136 3220/4383/2135 3221/4386/2812 3222/4410/2815
f 3160/4411/2151 3209/4412/2150 3216/3032/2432 3161/3035/2435
f 3209/4412/2150 3210/4413/2149 3215/4414/2816 3216/3032/2432
f 3210/4413/2149 3211/4415/2148 3214/4416/2817 3215/4414/2816
f 3211/4417/2148 3212/4379/2147 3213/4382/2811 3214/4418/2817
f 3034/2759/2191 3201/2758/2190 3208/2764/2196 3032/2763/2195
f 3201/2758/2190 3202/4419/2190 3207/4420/2196 3208/2764/2196
f 3202/4419/2190 3203/4421/2190 3206/4422/2196 3207/4420/2196
f 3203/4421/2190 3204/4375/2809 3205/4378/2810 3206/4422/2196
f 3153/3034/2434 3193/3033/2433 3200/4423/2818 3154/4424/2780
f 3193/3033/2433 3194/4425/2808 3199/4426/2193 3200/4423/2818
f 3194/4425/2808 3195/4427/2808 3198/4428/2193 3199/4426/2193
f 3195/4429/2808 3196/4373/2808 3197/2761/2193 3198/4430/2193
f 3151/4381/2807 3030/4374/2773 3196/4373/2808 3213/4382/2811
f 3213/4382/2811 3196/4373/2808 3195/4429/2808 3214/4418/2817
f 3214/4416/2817 3195/4427/2808 3194/4425/2808 3215/4414/2816
f 3215/4414/2816 3194/4425/2808 3193/3033/2433 3216/3032/2432
f 3154/4424/2780 3200/4423/2818 3205/4378/2810 3158/4377/2784
f 3200/4423/2818 3199/4426/2193 3206/4422/2196 3205/4378/2810
f 3199/4426/2193 3198/4428/2193 3207/4431/2196 3206/4422/2196
f 3198/4430/2193 3197/2761/2193 3208/2764/2196 3207/4420/2196
f 3163/4385/2787 3156/4376/2782 3204/4375/2809 3221/4386/2812
f 3221/4386/2812 3204/4375/2809 3203/4421/2190 3222/4410/2815
f 3222/4410/2815 3203/4421/2190 3202/4419/2190 3223/4408/2814
f 3223/4408/2814 3202/4419/2190 3201/2758/2190 3224/2757/2189
f 3137/4432/2777 3232/4433/2819 3237/4364/2805 3135/4363/2775
f 3232/4433/2819 3231/4434/2803 3238/4435/2813 3237/4364/2805
f 3231/4434/2803 3230/4436/2820 3239/4437/2813 3238/4435/2813
f 3230/4438/2820 3229/4360/2803 3240/4404/2813 3239/4439/2813
f 3142/4440/2210 3249/4441/2209 3256/4442/2821 3143/4443/2779
f 3249/4441/2209 3250/4444/2208 3255/4445/2822 3256/4442/2821
f 3250/4444/2208 3251/4446/2207 3254/4447/2823 3255/4445/2822
f 3251/4446/2207 3252/4369/2206 3253/2745/2181 3254/4447/2823
f 3132/4448/2109 3241/4449/2108 3248/2737/2175 3131/2736/2174
f 3241/4449/2108 3242/4450/2107 3247/4451/2824 3248/2737/2175
f 3242/4452/2107 3243/4453/2106 3246/4454/2825 3247/4455/2824
f 3243/4453/2106 3244/4365/2105 3245/4368/2806 3246/4454/2825
f 3025/2735/2173 3233/2734/2172 3240/4404/2813 3023/4403/2771
f 3233/2734/2172 3234/4456/2172 3239/4439/2813 3240/4404/2813
f 3234/4457/2172 3235/4458/2172 3238/4435/2813 3239/4437/2813
f 3235/4458/2172 3236/4361/2804 3237/4364/2805 3238/4435/2813
f 3136/4459/2776 3225/4460/2826 3232/4433/2819 3137/4432/2777
f 3225/4460/2826 3226/4461/2184 3231/4434/2803 3232/4433/2819
f 3226/4461/2184 3227/4462/2184 3230/4438/2820 3231/4434/2803
f 3227/4462/2184 3228/2748/2184 3229/4360/2803 3230/4438/2820
f 3143/4443/2779 3256/4442/2821 3225/4460/2826 3136/4459/2776
f 3256/4442/2821 3255/4445/2822 3226/4461/2184 3225/4460/2826
f 3255/4445/2822 3254/4447/2823 3227/4462/2184 3226/4461/2184
f 3254/4447/2823 3253/2745/2181 3228/2748/2184 3227/4462/2184
f 3133/4362/2774 3236/4361/2804 3245/4368/2806 3141/4367/2778
f 3236/4361/2804 3235/4458/2172 3246/4454/2825 3245/4368/2806
f 3235/4458/2172 3234/4457/2172 3247/4455/2824 3246/4454/2825
f 3234/4456/2172 3233/2734/2172 3248/2737/2175 3247/4451/2824
f 3261/4463/2827 3155/4302/2781 3157/4304/2783 3263/4464/2828
s 0
f 1103/4465/6 1100/4466/6 1096/4467/6 1106/4468/6
f 3274/4469/3 1102/4470/3 1104/4471/3 3272/4472/3
f 1095/4473/2829 1097/4474/2829 1096/4467/2829
f 1098/4475/57 1100/4476/57 1099/4477/57
f 1101/4478/2830 1103/4465/2830 1102/4479/2830
f 1104/4480/2831 1106/4468/2831 1105/4481/2831
f 1096/4467/102 1100/4466/102 1098/4482/102 1095/4473/102
f 1100/4466/99 1103/4465/99 1101/4478/99 1099/4483/99
f 1103/4465/101 1106/4468/101 1104/4480/101 1102/4479/101
f 1097/4474/104 1105/4481/104 1106/4468/104 1096/4467/104
f 3266/4484/140 1101/4485/140 1102/4470/140 3274/4469/140
f 3264/4486/7 1099/4477/7 1101/4485/7 3266/4484/7 3262/4487/7
f 3268/4488/1 1095/4489/1 1098/4475/1 3270/4490/1
s 1
f 2129/1477/1106 1985/1476/1105 1998/3804/2769
f 1996/3197/2589 2127/3198/2590 2129/1477/1106
f 1998/4491/2769 1996/4492/2589 2129/4493/1106
s 0
f 3270/4490/139 1098/4475/139 1099/4477/139 3264/4486/139
f 3260/4494/143 1097/4495/143 1095/4489/143 3268/4488/143
s 1
f 1991/2523/1991 1992/4496/2768 1993/4497/1956
f 1994/3808/2013 1991/3799/1991 1993/2483/1956
f 1995/2416/1893 1996/4492/2589 1998/4491/2769
f 1997/3803/1894 1995/3805/1893 1998/3804/2769
f 2131/1499/1128 2126/2484/1957 1993/2483/1956
f 1992/3801/2768 1984/1500/1129 2131/1499/1128
f 1993/2483/1956 1992/3801/2768 2131/1499/1128
f 3265/4498/2832 3261/4463/2827 3262/4499/2833 3266/4500/2834
f 3261/4463/2827 3263/4464/2828 3264/4501/2835 3262/4499/2833
f 3269/4502/2836 3267/4503/2802 3268/4504/2837 3270/4505/2838
f 3263/4464/2828 3269/4502/2836 3270/4505/2838 3264/4501/2835
f 3267/4503/2802 3259/4506/2839 3260/4507/2840 3268/4504/2837
f 3257/4508/2841 3271/4509/2212 3272/4510/2842 3258/4511/2843
f 3273/4512/2844 3265/4498/2832 3266/4500/2834 3274/4513/2845
f 3271/4509/2212 3273/4512/2844 3274/4513/2845 3272/4510/2842
s 0
f 3272/4472/144 1104/4471/144 1105/4514/144 3258/4515/144
f 3295/4516/1 3277/4517/1 3281/4518/1 3300/4519/1 3298/4520/1
f 3291/4521/4 3258/4515/4 1105/4514/4 1097/4522/4 3260/4494/4 3299/4523/4 3283/4524/4 3285/4525/4
f 3290/4526/3 3284/4527/3 3279/4528/3 3289/4529/3 3293/4530/3
f 3282/4531/6 3276/4532/6 3280/4533/6 3286/4534/6
s 1
f 3292/4535/2846 3257/4508/2841 3258/4511/2843 3291/4536/2847
f 3259/4506/2839 3267/4503/2802 3269/4502/2836 3263/4464/2828 3157/4304/2783 3162/4309/2786 3084/4339/2794 3082/4337/2793 3080/4335/2792 3078/4333/2791 3076/4331/2790 3074/4329/2789 3073/4328/2788 3103/2785/2212 3107/2784/2211 1108/2970/2378 1111/4537/2848 1115/4538/2849 1117/4539/2850 1121/4540/2851 1126/4541/2852 1129/4542/2853 1133/4543/2854 1137/4544/2855 1140/4545/2856 1144/4546/2857 1147/4547/2858 1151/4548/2859 1155/4549/2860 1160/4550/2861 1169/4551/2862 1168/4552/2863 1165/4553/2864 1161/4554/2848 1157/4555/2849 1153/4556/2850 1148/4557/2851 1143/4558/2852 1139/4559/2853 1135/4560/2854 1131/4561/2855 1127/4562/2856 1122/4563/2857 1118/4564/2858 1113/2789/2216 3119/2788/2215 3122/4354/2802 3098/4353/2801 3096/4351/2800 3094/4349/2799 3092/4347/2798 3090/4345/2797 3088/4343/2796 3086/4342/2795 3159/4306/2785 3155/4302/2781 3261/4463/2827 3265/4498/2832 3273/4512/2844 3271/4509/2212 3257/4508/2841 3292/4535/2846 3288/4565/2865 3296/4566/2866 3297/4567/2867
f 3260/4507/2840 3259/4506/2839 3297/4567/2867 3299/4568/2868
s 0
f 3275/4569/58 3276/4532/58 3277/4517/58
f 3278/4570/2831 3279/4528/2831 3280/4533/2831
f 3281/4518/2869 3282/4531/2869 3283/4524/2869
f 3284/4527/2870 3285/4525/2870 3286/4534/2870
s 1
f 3287/4571/2871 3288/4565/2865 3289/4572/2872
s 0
f 3294/4573/2873 3295/4574/2873 3296/4566/2873
f 3280/4533/104 3276/4532/104 3275/4569/104 3278/4570/104
f 3281/4518/102 3277/4517/102 3276/4532/102 3282/4531/102
f 3279/4528/101 3284/4527/101 3286/4534/101 3280/4533/101
f 3285/4525/104 3283/4524/104 3282/4531/104 3286/4534/104
f 3291/4521/144 3285/4525/144 3284/4527/144 3290/4526/144
f 3278/4570/144 3287/4575/144 3289/4529/144 3279/4528/144
s 1
f 3288/4565/2865 3292/4535/2846 3293/4576/2874 3289/4572/2872
f 3292/4535/2846 3291/4536/2847 3290/4577/2875 3293/4576/2874
s 0
f 3294/4578/143 3275/4569/143 3277/4517/143 3295/4516/143
f 3283/4524/143 3299/4523/143 3300/4519/143 3281/4518/143
s 1
f 3299/4568/2868 3297/4567/2867 3298/4579/2876 3300/4580/2877
f 3297/4567/2867 3296/4566/2866 3295/4574/102 3298/4579/2876
f 3296/4566/2866 3288/4565/2865 3287/4571/2871 3294/4573/104
s 0
f 3287/4575/4 3278/4570/4 3275/4569/4 3294/4578/4
s 1
f 1163/2968/2376 1156/2967/2375 3350/2967/2878 3357/2968/2879
f 1131/4561/2855 1135/4560/2854 3329/4560/2880 3325/4561/2881
f 1149/2825/2245 1145/2824/2244 3339/2824/2882 3343/2825/2883
f 1111/4537/2848 1108/2970/2378 3302/2970/2884 3305/4537/2885
f 1135/4560/2854 1139/4559/2853 3333/4559/2886 3329/4560/2880
f 1152/2966/2374 1149/2825/2245 3343/2825/2883 3346/2966/2887
f 1115/4538/2849 1111/4537/2848 3305/4537/2885 3309/4538/2888
f 1139/4559/2853 1143/4558/2852 3337/4558/2889 3333/4559/2886
f 1156/2967/2375 1152/2966/2374 3346/2966/2887 3350/2967/2878
f 1117/4539/2850 1115/4538/2849 3309/4538/2888 3311/4539/2890
f 1143/4558/2852 1148/4557/2851 3342/4557/2891 3337/4558/2889
f 1108/2970/2378 1159/2969/2377 3353/2969/2892 3302/2970/2884
f 1121/4540/2851 1117/4539/2850 3311/4539/2890 3315/4540/2893
f 1148/4557/2851 1153/4556/2850 3347/4556/2894 3342/4557/2891
f 1159/2969/2377 1163/2968/2376 3357/2968/2879 3353/2969/2892
f 1126/4541/2852 1121/4540/2851 3315/4540/2893 3320/4541/2895
f 1157/4555/2849 1161/4554/2848 3355/4554/2896 3351/4555/2888
f 1129/4542/2853 1126/4541/2852 3320/4541/2895 3323/4542/2897
f 1161/4554/2848 1165/4553/2864 3359/4553/2884 3355/4554/2896
f 1133/4543/2854 1129/4542/2853 3323/4542/2897 3327/4543/2880
f 1165/4553/2864 1168/4552/2863 3362/4552/2892 3359/4553/2884
f 1137/4544/2855 1133/4543/2854 3327/4543/2880 3331/4544/2881
f 1153/4556/2850 1157/4555/2849 3351/4555/2888 3347/4556/2894
f 1168/4552/2863 1169/4551/2862 3363/4551/2898 3362/4552/2892
f 1140/4545/2856 1137/4544/2855 3331/4544/2881 3334/4545/2899
f 1169/4551/2862 1170/4581/2900 3364/4581/2878 3363/4551/2898
f 1144/4546/2857 1140/4545/2856 3334/4545/2899 3338/4546/2901
f 1170/4581/2900 1109/4582/2902 3303/4582/2903 3364/4581/2878
f 1147/4547/2858 1144/4546/2857 3338/4546/2901 3341/4547/2904
f 1109/4582/2902 1116/4583/2905 3310/4583/2906 3303/4582/2903
f 1151/4548/2859 1147/4547/2858 3341/4547/2904 3345/4548/2907
f 1116/4583/2905 1120/2815/2242 3314/2815/2882 3310/4583/2906
f 1155/4549/2860 1151/4548/2859 3345/4548/2907 3349/4549/2908
f 1120/2815/2242 1124/2814/2241 3318/2814/2909 3314/2815/2882
f 1160/4550/2861 1155/4549/2860 3349/4549/2908 3354/4550/2910
f 1124/2814/2241 1128/2813/2240 3322/2813/2911 3318/2814/2909
f 1164/4584/2912 1160/4550/2861 3354/4550/2910 3358/4584/2913
f 1128/2813/2240 1132/2812/2239 3326/2812/2914 3322/2813/2911
f 1166/4585/2915 1164/4584/2912 3358/4584/2913 3360/4585/2916
f 1132/2812/2239 1136/2811/2238 3330/2811/2917 3326/2812/2914
f 1110/4586/2918 1166/4585/2915 3360/4585/2916 3304/4586/2919
f 1136/2811/2238 1141/2810/2237 3335/2810/2920 3330/2811/2917
f 1114/2816/2243 1110/4586/2918 3304/4586/2919 3308/2816/2921
f 1141/2810/2237 1146/2809/2236 3340/2809/2922 3335/2810/2920
f 1119/2817/2235 1114/2816/2243 3308/2816/2921 3313/2817/2923
f 1146/2809/2236 1150/2808/2235 3344/2808/2924 3340/2809/2922
f 1123/2818/2236 1119/2817/2235 3313/2817/2923 3317/2818/2925
f 1150/2808/2235 1154/2807/2234 3348/2807/2926 3344/2808/2924
f 1125/2819/2237 1123/2818/2236 3317/2818/2925 3319/2819/2927
f 1154/2807/2234 1158/2794/2221 3352/2794/2919 3348/2807/2926
f 1107/2792/2219 1112/2791/2218 3306/2791/2928 3301/2792/2913
f 1130/2820/2238 1125/2819/2237 3319/2819/2927 3324/2820/2929
f 1158/2794/2221 1162/2793/2220 3356/2793/2916 3352/2794/2919
f 1113/2789/2216 1118/4564/2858 3312/4564/2930 3307/2789/2907
f 1134/2821/2239 1130/2820/2238 3324/2820/2929 3328/2821/2914
f 1162/2793/2220 1107/2792/2219 3301/2792/2913 3356/2793/2916
f 1118/4564/2858 1122/4563/2857 3316/4563/2931 3312/4564/2930
f 1138/2822/2240 1134/2821/2239 3328/2821/2914 3332/2822/2932
f 1167/2790/2217 1113/2789/2216 3307/2789/2907 3361/2790/2908
f 1122/4563/2857 1127/4562/2856 3321/4562/2899 3316/4563/2931
f 1142/2823/2241 1138/2822/2240 3332/2822/2932 3336/2823/2933
f 1112/2791/2218 1167/2790/2217 3361/2790/2908 3306/2791/2928
f 1127/4562/2856 1131/4561/2855 3325/4561/2881 3321/4562/2899
f 1145/2824/2244 1142/2823/2241 3336/2823/2933 3339/2824/2882
f 3301/2792/2913 3306/2791/2928 3361/2790/2908 3307/2789/2907 3312/4564/2930 3316/4563/2931 3321/4562/2899 3325/4561/2881 3329/4560/2880 3333/4559/2886 3337/4558/2889 3342/4557/2891 3347/4556/2894 3351/4555/2888 3355/4554/2896 3359/4553/2884 3362/4552/2892 3363/4551/2898 3364/4581/2878 3303/4582/2903 3310/4583/2906 3314/2815/2882 3318/2814/2909 3322/2813/2911 3326/2812/2914 3330/2811/2917 3335/2810/2920 3340/2809/2922 3344/2808/2924 3348/2807/2926 3352/2794/2919 3356/2793/2916
f 3357/2968/2879 3350/2967/2878 3346/2966/2887 3343/2825/2883 3339/2824/2882 3336/2823/2933 3332/2822/2932 3328/2821/2914 3324/2820/2929 3319/2819/2927 3317/2818/2925 3313/2817/2923 3308/2816/2921 3304/4586/2919 3360/4585/2916 3358/4584/2913 3354/4550/2910 3349/4549/2908 3345/4548/2907 3341/4547/2904 3338/4546/2901 3334/4545/2899 3331/4544/2881 3327/4543/2880 3323/4542/2897 3320/4541/2895 3315/4540/2893 3311/4539/2890 3309/4538/2888 3305/4537/2885 3302/2970/2884 3353/2969/2892
f 1114/2816/2243 1120/2815/2242 1116/4583/2905 1109/4582/2902 1170/4581/2900 1169/4551/2862 1160/4550/2861 1164/4584/2912 1166/4585/2915 1110/4586/2918
f 3473/4587/2934 3466/4588/2935 3721/4589/2936 3730/4590/2937
f 3423/4591/2938 3415/4592/2939 3672/4593/2940 3680/4594/2941
f 3451/4595/2942 3443/4596/2943 3700/4597/2944 3708/4598/2945
f 3469/4599/2946 3367/4600/2947 3624/4601/2948 3726/4602/2949
f 3433/4603/2950 3423/4591/2938 3680/4594/2941 3690/4604/2951
f 3459/4605/2952 3451/4595/2942 3708/4598/2945 3716/4606/2953
f 3486/4607/2954 3375/4608/2955 3632/4609/2956 3741/4610/2957
f 3432/4611/2958 3440/4612/2959 3695/4613/2960 3687/4614/2961
f 3466/4588/2935 3457/4615/2962 3714/4616/2963 3721/4589/2936
f 3391/4617/2964 3383/4618/2965 3640/4619/2966 3648/4620/2967
f 3440/4612/2959 3446/4621/2968 3701/4622/2969 3695/4613/2960
f 3373/4623/2970 3368/4624/2971 3495/4624/2972 3502/4623/2973
f 3395/4625/2959 3387/4626/2968 3644/4627/2969 3652/4628/2960
f 3450/4629/2965 3456/4630/2974 3711/4631/2975 3705/4632/2966
f 3472/4633/2955 3480/4634/2976 3735/4635/2977 3727/4636/2956
f 3405/4637/2958 3395/4625/2959 3652/4628/2960 3662/4638/2961
f 3475/4639/2978 3467/4640/2979 3724/4641/2980 3732/4642/2981
f 3413/4643/2982 3405/4637/2958 3662/4638/2961 3670/4644/2983
f 3480/4634/2976 3484/4645/2978 3739/4646/2981 3735/4635/2977
f 3412/4647/2938 3420/4648/2939 3675/4649/2940 3667/4650/2941
f 3489/4651/2984 3487/4652/2946 3744/4653/2949 3746/4654/2985
f 3420/4648/2939 3428/4655/2986 3683/4656/2987 3675/4649/2940
f 3467/4640/2979 3459/4605/2952 3716/4606/2953 3724/4641/2980
f 3491/4657/2988 3489/4651/2984 3746/4654/2985 3748/4658/2989
f 3428/4655/2986 3436/4659/2990 3691/4660/2991 3683/4656/2987
f 3493/4661/2992 3504/4608/2993 3759/4609/2994 3750/4662/2995
f 3443/4596/2943 3433/4603/2950 3690/4604/2951 3700/4597/2944
f 3383/4618/2965 3369/4663/2974 3626/4664/2975 3640/4619/2966
f 3442/4665/2964 3450/4629/2965 3705/4632/2966 3697/4666/2967
f 3492/4667/2996 3370/4668/2997 3497/4668/2998 3619/4667/2999
f 3457/4615/2962 3447/4669/3000 3704/4670/3001 3714/4616/2963
f 3386/4671/2962 3394/4672/3000 3649/4673/3001 3641/4674/2963
f 3456/4630/2974 3463/4675/2988 3720/4676/2989 3711/4631/2975
f 3394/4672/3000 3404/4677/3002 3659/4678/3003 3649/4673/3001
f 3463/4675/2988 3478/4679/2984 3733/4680/2985 3720/4676/2989
f 3402/4681/2950 3412/4647/2938 3667/4650/2941 3657/4682/2951
f 3481/4683/2947 3473/4587/2934 3730/4590/2937 3738/4684/3004
f 3410/4685/3005 3418/4686/3006 3673/4687/3007 3665/4688/3008
f 3487/4652/2946 3481/4683/2947 3738/4684/3004 3744/4653/2949
f 3418/4686/3006 3426/4689/2982 3681/4690/2983 3673/4687/3007
f 3372/4691/2979 3380/4692/2952 3635/4693/2953 3627/4694/2980
f 3426/4689/2982 3432/4611/2958 3687/4614/2961 3681/4690/2983
f 3374/4695/2934 3382/4696/2935 3637/4697/2936 3629/4698/2937
f 3436/4659/2990 3442/4665/2964 3697/4666/2967 3691/4660/2991
f 3382/4696/2935 3386/4671/2962 3641/4674/2963 3637/4697/2936
f 3446/4621/2968 3454/4699/3009 3709/4700/3010 3701/4622/2969
f 3399/4701/2990 3391/4617/2964 3648/4620/2967 3656/4702/2991
f 3454/4699/3009 3462/4703/2954 3717/4704/2957 3709/4700/3010
f 3407/4705/2986 3399/4701/2990 3656/4702/2991 3664/4706/3011
f 3462/4703/2954 3472/4633/2955 3727/4636/2956 3717/4704/2957
f 3366/4661/2976 3475/4639/2978 3732/4642/2981 3621/4662/2977
f 3404/4677/3002 3410/4685/3005 3665/4688/3008 3659/4678/3003
f 3478/4679/2984 3469/4599/2946 3726/4602/2949 3733/4680/2985
f 3378/4707/3009 3486/4607/2954 3741/4610/2957 3633/4708/3010
f 3421/4709/3006 3413/4643/2982 3670/4644/2983 3678/4710/3007
f 3367/4600/2947 3374/4695/2934 3629/4698/2937 3624/4601/2948
f 3390/4711/2942 3398/4712/2943 3653/4713/3012 3645/4714/2945
f 3429/4715/3005 3421/4709/3006 3678/4710/3007 3686/4716/3008
f 3380/4692/2952 3390/4711/2942 3645/4714/2945 3635/4693/2953
f 3398/4712/2943 3402/4681/2950 3657/4682/2951 3653/4713/3012
f 3437/4717/3002 3429/4715/3005 3686/4716/3008 3694/4718/3003
f 3387/4626/2968 3378/4707/3009 3633/4708/3010 3644/4627/2969
f 3415/4592/2939 3407/4705/2986 3664/4706/3011 3672/4593/2940
f 3447/4669/3000 3437/4717/3002 3694/4718/3003 3704/4670/3001
f 3722/4719/3013 3849/4719/3014 3858/4720/3015 3729/4720/3016
f 3671/4721/3017 3800/4721/3018 3808/4722/3019 3679/4722/3020
f 3699/4723/3021 3828/4723/3022 3836/4724/3023 3707/4724/3024
f 3623/4725/3025 3752/4725/3026 3854/4726/3027 3725/4726/3028
f 3679/4722/3020 3808/4722/3019 3818/4727/3029 3689/4727/3030
f 3707/4724/3024 3836/4724/3023 3844/4728/3031 3715/4728/3032
f 3631/4729/3033 3760/4729/3034 3869/4730/3035 3742/4730/3036
f 3696/4731/3037 3823/4731/3038 3815/4732/3039 3688/4732/3040
f 3713/4733/3041 3842/4733/3042 3849/4719/3014 3722/4719/3013
f 3639/4734/3043 3768/4734/3044 3776/4735/3045 3647/4735/3046
f 3702/4736/3047 3829/4736/3048 3823/4731/3038 3696/4731/3037
f 3747/4737/3049 3876/4737/3050 3754/4738/3051 3625/4738/3052
f 3643/4739/3047 3772/4739/3048 3780/4740/3038 3651/4740/3037
f 3712/4741/3053 3839/4741/3051 3833/4742/3054 3706/4742/3055
f 3736/4743/3056 3863/4743/3057 3855/4744/3034 3728/4744/3033
f 3651/4740/3037 3780/4740/3038 3790/4745/3039 3661/4745/3040
f 3723/4746/3058 3852/4746/3059 3860/4747/3060 3731/4747/3061
f 3661/4745/3040 3790/4745/3039 3798/4748/3062 3669/4748/3063
f 3740/4749/3061 3867/4749/3064 3863/4743/3057 3736/4743/3056
f 3676/4750/3017 3803/4750/3018 3795/4751/3019 3668/4751/3020
f 3743/4752/3028 3872/4752/3065 3874/4753/3066 3745/4753/3067
f 3684/4754/3068 3811/4754/3069 3803/4750/3018 3676/4750/3017
f 3715/4728/3032 3844/4728/3031 3852/4746/3059 3723/4746/3058
f 3745/4753/3067 3874/4753/3066 3876/4737/3050 3747/4737/3049
f 3692/4755/3070 3819/4755/3071 3811/4754/3069 3684/4754/3068
f 3689/4727/3030 3818/4727/3029 3828/4723/3022 3699/4723/3021
f 3625/4738/3052 3754/4738/3051 3768/4734/3044 3639/4734/3043
f 3706/4742/3055 3833/4742/3054 3825/4756/3045 3698/4756/3046
f 3628/4757/3058 3755/4757/3059 3867/4749/3064 3740/4749/3061
f 3703/4758/3072 3832/4758/3073 3842/4733/3042 3713/4733/3041
f 3650/4759/3072 3777/4759/3073 3769/4760/3042 3642/4760/3074
f 3719/4761/3049 3848/4761/3050 3839/4741/3051 3712/4741/3053
f 3660/4762/3075 3787/4762/3076 3777/4759/3073 3650/4759/3072
f 3734/4763/3067 3861/4763/3066 3848/4761/3050 3719/4761/3049
f 3668/4751/3020 3795/4751/3019 3785/4764/3029 3658/4764/3030
f 3729/4720/3016 3858/4720/3015 3866/4765/3077 3737/4765/3025
f 3674/4766/3078 3801/4766/3079 3793/4767/3080 3666/4767/3081
f 3737/4765/3025 3866/4765/3077 3872/4752/3065 3743/4752/3028
f 3682/4768/3063 3809/4768/3082 3801/4766/3079 3674/4766/3078
f 3636/4769/3032 3763/4769/3031 3755/4757/3059 3628/4757/3058
f 3688/4732/3040 3815/4732/3039 3809/4768/3082 3682/4768/3063
f 3638/4770/3013 3765/4770/3014 3757/4771/3015 3630/4771/3016
f 3698/4756/3046 3825/4756/3045 3819/4755/3071 3692/4755/3070
f 3642/4760/3074 3769/4760/3042 3765/4770/3014 3638/4770/3013
f 3710/4772/3083 3837/4772/3084 3829/4736/3048 3702/4736/3047
f 3647/4735/3046 3776/4735/3045 3784/4773/3085 3655/4773/3070
f 3718/4774/3086 3845/4774/3035 3837/4772/3084 3710/4772/3083
f 3655/4773/3070 3784/4773/3085 3792/4775/3087 3663/4775/3068
f 3728/4744/3033 3855/4744/3034 3845/4774/3035 3718/4774/3086
f 3731/4747/3061 3860/4747/3060 3749/4776/3088 3622/4776/3056
f 3666/4767/3081 3793/4767/3080 3787/4762/3076 3660/4762/3075
f 3725/4726/3028 3854/4726/3027 3861/4763/3066 3734/4763/3067
f 3742/4730/3036 3869/4730/3035 3761/4777/3084 3634/4777/3089
f 3669/4748/3063 3798/4748/3062 3806/4778/3090 3677/4778/3078
f 3630/4771/3016 3757/4771/3015 3752/4725/3026 3623/4725/3025
f 3654/4779/3021 3781/4779/3022 3773/4780/3023 3646/4780/3024
f 3677/4778/3078 3806/4778/3090 3814/4781/3080 3685/4781/3081
f 3646/4780/3024 3773/4780/3023 3763/4769/3031 3636/4769/3032
f 3658/4764/3030 3785/4764/3029 3781/4779/3022 3654/4779/3021
f 3685/4781/3081 3814/4781/3080 3822/4782/3076 3693/4782/3091
f 3634/4777/3089 3761/4777/3084 3772/4739/3048 3643/4739/3047
f 3663/4775/3068 3792/4775/3087 3800/4721/3018 3671/4721/3017
f 3693/4782/3091 3822/4782/3076 3832/4758/3073 3703/4758/3072
f 3365/4783/3092 3376/4784/3093 3503/4784/3094 3494/4783/3095
f 3377/4785/3096 3388/4786/3097 3515/4786/3098 3506/4785/3099
f 3388/4786/3097 3396/4787/3100 3523/4787/3101 3515/4786/3098
f 3396/4787/3100 3406/4788/3102 3533/4788/3103 3523/4787/3101
f 3406/4788/3102 3414/4789/3104 3541/4789/3105 3533/4788/3103
f 3414/4789/3104 3422/4790/3106 3549/4790/3107 3541/4789/3105
f 3422/4790/3106 3430/4791/3108 3557/4791/3109 3549/4790/3107
f 3430/4791/3108 3438/4792/3110 3565/4792/3111 3557/4791/3109
f 3438/4792/3110 3448/4793/3112 3575/4793/3113 3565/4792/3111
f 3448/4793/3112 3458/4794/3114 3585/4794/3115 3575/4793/3113
f 3465/4795/3116 3474/4796/2970 3601/4796/2973 3594/4795/3117
f 3474/4796/2970 3482/4797/2971 3609/4797/2972 3601/4796/2973
f 3482/4797/2971 3488/4798/3118 3615/4798/3119 3609/4797/2972
f 3488/4798/3118 3490/4799/3120 3617/4799/3121 3615/4798/3119
f 3490/4799/3120 3492/4667/2996 3619/4667/2999 3617/4799/3121
f 3370/4668/2997 3384/4800/3122 3511/4800/3123 3497/4668/2998
f 3484/4645/2978 3372/4691/2979 3627/4694/2980 3739/4646/2981
f 3384/4800/3122 3392/4801/3124 3519/4801/3125 3511/4800/3123
f 3392/4801/3124 3400/4802/3126 3527/4802/3127 3519/4801/3125
f 3400/4802/3126 3408/4803/3128 3535/4803/3129 3527/4802/3127
f 3408/4803/3128 3416/4804/3130 3543/4804/3131 3535/4803/3129
f 3416/4804/3130 3424/4805/3132 3551/4805/3133 3543/4804/3131
f 3424/4805/3132 3434/4806/3134 3561/4806/3135 3551/4805/3133
f 3434/4806/3134 3444/4807/3136 3571/4807/3137 3561/4806/3135
f 3444/4807/3136 3452/4808/3138 3579/4808/3139 3571/4807/3137
f 3452/4808/3138 3460/4809/3140 3587/4809/3141 3579/4808/3139
f 3460/4809/3140 3468/4810/3142 3595/4810/3143 3587/4809/3141
f 3468/4810/3142 3476/4811/3144 3603/4811/3145 3595/4810/3143
f 3476/4811/3144 3365/4783/3092 3494/4783/3095 3603/4811/3145
f 3485/4812/3146 3377/4785/3096 3506/4785/3099 3614/4812/3147
f 3376/4784/3093 3485/4812/3146 3614/4812/3147 3503/4784/3094
f 3477/4813/3120 3464/4814/2996 3591/4814/2999 3606/4813/3121
f 3368/4624/2971 3470/4815/3118 3597/4815/3119 3495/4624/2972
f 3381/4816/3116 3373/4623/2970 3502/4623/2973 3510/4816/3117
f 3385/4817/3114 3381/4816/3116 3510/4816/3117 3514/4817/3115
f 3393/4818/3112 3385/4817/3114 3514/4817/3115 3522/4818/3113
f 3403/4819/3110 3393/4818/3112 3522/4818/3113 3532/4819/3148
f 3409/4820/3108 3403/4819/3110 3532/4819/3148 3538/4820/3109
f 3417/4821/3106 3409/4820/3108 3538/4820/3109 3546/4821/3149
f 3425/4822/3104 3417/4821/3106 3546/4821/3149 3554/4822/3150
f 3431/4823/3102 3425/4822/3104 3554/4822/3150 3560/4823/3151
f 3439/4824/3100 3431/4823/3102 3560/4823/3151 3568/4824/3101
f 3445/4825/3097 3439/4824/3100 3568/4824/3101 3574/4825/3152
f 3453/4826/3096 3445/4825/3097 3574/4825/3152 3582/4826/3153
f 3461/4827/3146 3453/4826/3096 3582/4826/3153 3590/4827/3154
f 3471/4828/3093 3461/4827/3146 3590/4827/3154 3600/4828/3094
f 3479/4829/3092 3471/4828/3093 3600/4828/3094 3608/4829/3095
f 3483/4830/3144 3479/4829/3092 3608/4829/3095 3612/4830/3155
f 3371/4831/3142 3483/4830/3144 3612/4830/3155 3500/4831/3143
f 3379/4832/3140 3371/4831/3142 3500/4831/3143 3508/4832/3156
f 3389/4833/3138 3379/4832/3140 3508/4832/3156 3518/4833/3139
f 3397/4834/3136 3389/4833/3138 3518/4833/3139 3526/4834/3137
f 3401/4835/3134 3397/4834/3136 3526/4834/3137 3530/4835/3135
f 3411/4836/3132 3401/4835/3134 3530/4835/3135 3540/4836/3133
f 3419/4837/3130 3411/4836/3132 3540/4836/3133 3548/4837/3157
f 3427/4838/3128 3419/4837/3130 3548/4837/3157 3556/4838/3158
f 3435/4839/3126 3427/4838/3128 3556/4838/3158 3564/4839/3127
f 3441/4840/3124 3435/4839/3126 3564/4839/3127 3570/4840/3159
f 3449/4841/3122 3441/4840/3124 3570/4840/3159 3578/4841/3160
f 3455/4842/2997 3449/4841/3122 3578/4841/3160 3584/4842/3161
f 3464/4814/2996 3455/4842/2997 3584/4842/3161 3591/4814/2999
f 3369/4663/2974 3491/4657/2988 3748/4658/2989 3626/4664/2975
f 3470/4815/3118 3477/4813/3120 3606/4813/3121 3597/4815/3119
f 3458/4794/3114 3465/4795/3116 3594/4795/3117 3585/4794/3115
f 3604/4639/3162 3493/4661/2992 3750/4662/2995 3859/4642/3163
f 3613/4607/3164 3505/4707/3165 3762/4708/3166 3870/4610/3167
f 3525/4712/3168 3517/4711/3169 3774/4714/3170 3782/4713/3171
f 3529/4681/3172 3525/4712/3168 3782/4713/3171 3786/4682/3173
f 3536/4705/3174 3544/4592/3175 3799/4593/3176 3791/4706/3177
f 3544/4592/3175 3552/4591/3178 3807/4594/3179 3799/4593/3176
f 3552/4591/3178 3562/4603/3172 3817/4604/3173 3807/4594/3179
f 3567/4612/3180 3559/4611/3181 3816/4614/3182 3824/4613/3183
f 3573/4621/3184 3567/4612/3180 3824/4613/3183 3830/4622/3185
f 3583/4630/3186 3577/4629/3187 3834/4632/3188 3840/4631/3189
f 3596/4640/3190 3604/4639/3162 3859/4642/3163 3851/4641/3191
f 3611/4645/3162 3607/4634/2992 3864/4635/2995 3868/4646/3163
f 3616/4652/3192 3618/4651/3193 3873/4654/3194 3871/4653/3195
f 3618/4651/3193 3620/4657/3196 3875/4658/3197 3873/4654/3194
f 3622/4776/3056 3749/4776/3088 3760/4729/3034 3631/4729/3033
f 3498/4663/3186 3512/4618/3187 3767/4619/3188 3753/4664/3189
f 3499/4691/3190 3611/4645/3162 3868/4646/3163 3756/4694/3191
f 3521/4672/3198 3513/4671/3199 3770/4674/3200 3778/4673/3201
f 3531/4677/3202 3521/4672/3198 3778/4673/3201 3788/4678/3203
f 3539/4647/3178 3529/4681/3172 3786/4682/3173 3796/4650/3179
f 3545/4686/3204 3537/4685/3205 3794/4688/380 3802/4687/3206
f 3553/4689/3207 3545/4686/3204 3802/4687/3206 3810/4690/3208
f 3559/4611/3181 3553/4689/3207 3810/4690/3208 3816/4614/3182
f 3569/4665/3209 3563/4659/3210 3820/4660/3211 3826/4666/3212
f 3581/4699/3165 3573/4621/3184 3830/4622/3185 3838/4700/3166
f 3589/4703/3164 3581/4699/3165 3838/4700/3166 3846/4704/3167
f 3599/4633/2993 3589/4703/3164 3846/4704/3167 3856/4636/2994
f 3598/4599/3192 3605/4679/3193 3862/4680/3194 3853/4602/3195
f 3501/4695/3213 3496/4600/3214 3751/4601/3215 3758/4698/3216
f 3517/4711/3169 3507/4692/3217 3764/4693/3218 3774/4714/3170
f 3505/4707/3165 3516/4626/3184 3771/4627/3185 3762/4708/3166
f 3593/4588/3219 3602/4587/3213 3857/4590/3216 3850/4589/3220
f 3496/4600/3214 3598/4599/3192 3853/4602/3195 3751/4601/3215
f 3504/4608/2993 3613/4607/3164 3870/4610/3167 3759/4609/2994
f 3512/4618/3187 3520/4617/3209 3775/4620/3212 3767/4619/3188
f 3516/4626/3184 3524/4625/3180 3779/4628/3183 3771/4627/3185
f 3524/4625/3180 3534/4637/3181 3789/4638/3182 3779/4628/3183
f 3534/4637/3181 3542/4643/3207 3797/4644/3208 3789/4638/3182
f 3547/4648/3175 3539/4647/3178 3796/4650/3179 3804/4649/3176
f 3555/4655/3174 3547/4648/3175 3804/4649/3176 3812/4656/3177
f 3563/4659/3210 3555/4655/3174 3812/4656/3177 3820/4660/3211
f 3562/4603/3172 3572/4596/3168 3827/4597/3171 3817/4604/3173
f 3577/4629/3187 3569/4665/3209 3826/4666/3212 3834/4632/3188
f 3576/4669/3198 3586/4615/3199 3841/4616/3200 3831/4670/3201
f 3592/4675/3196 3583/4630/3186 3840/4631/3189 3847/4676/3197
f 3605/4679/3193 3592/4675/3196 3847/4676/3197 3862/4680/3194
f 3602/4587/3213 3610/4683/3214 3865/4684/3215 3857/4590/3216
f 3610/4683/3214 3616/4652/3192 3871/4653/3195 3865/4684/3215
f 3507/4692/3217 3499/4691/3190 3756/4694/3191 3764/4693/3218
f 3509/4696/3219 3501/4695/3213 3758/4698/3216 3766/4697/3220
f 3513/4671/3199 3509/4696/3219 3766/4697/3220 3770/4674/3200
f 3520/4617/3209 3528/4701/3210 3783/4702/3211 3775/4620/3212
f 3528/4701/3210 3536/4705/3174 3791/4706/3177 3783/4702/3211
f 3537/4685/3205 3531/4677/3202 3788/4678/3203 3794/4688/380
f 3542/4643/3207 3550/4709/3204 3805/4710/3206 3797/4644/3208
f 3550/4709/3204 3558/4715/3205 3813/4716/380 3805/4710/3206
f 3558/4715/3205 3566/4717/3202 3821/4718/3203 3813/4716/380
f 3566/4717/3202 3576/4669/3198 3831/4670/3201 3821/4718/3203
f 3572/4596/3168 3580/4595/3169 3835/4598/3170 3827/4597/3171
f 3580/4595/3169 3588/4605/3217 3843/4606/3218 3835/4598/3170
f 3586/4615/3199 3593/4588/3219 3850/4589/3220 3841/4616/3200
f 3620/4657/3196 3498/4663/3186 3753/4664/3189 3875/4658/3197
f 3607/4634/2992 3599/4633/2993 3856/4636/2994 3864/4635/2995
f 3588/4605/3217 3596/4640/3190 3851/4641/3191 3843/4606/3218
f 3366/4661/2976 3375/4608/2955 3376/4784/3093 3365/4783/3092
f 3378/4707/3009 3387/4626/2968 3388/4786/3097 3377/4785/3096
f 3387/4626/2968 3395/4625/2959 3396/4787/3100 3388/4786/3097
f 3395/4625/2959 3405/4637/2958 3406/4788/3102 3396/4787/3100
f 3405/4637/2958 3413/4643/2982 3414/4789/3104 3406/4788/3102
f 3413/4643/2982 3421/4709/3006 3422/4790/3106 3414/4789/3104
f 3421/4709/3006 3429/4715/3005 3430/4791/3108 3422/4790/3106
f 3429/4715/3005 3437/4717/3002 3438/4792/3110 3430/4791/3108
f 3437/4717/3002 3447/4669/3000 3448/4793/3112 3438/4792/3110
f 3447/4669/3000 3457/4615/2962 3458/4794/3114 3448/4793/3112
f 3466/4588/2935 3473/4587/2934 3474/4796/2970 3465/4795/3116
f 3473/4587/2934 3481/4683/2947 3482/4797/2971 3474/4796/2970
f 3481/4683/2947 3487/4652/2946 3488/4798/3118 3482/4797/2971
f 3487/4652/2946 3489/4651/2984 3490/4799/3120 3488/4798/3118
f 3489/4651/2984 3491/4657/2988 3492/4667/2996 3490/4799/3120
f 3491/4657/2988 3369/4663/2974 3370/4668/2997 3492/4667/2996
f 3369/4663/2974 3383/4618/2965 3384/4800/3122 3370/4668/2997
f 3383/4618/2965 3391/4617/2964 3392/4801/3124 3384/4800/3122
f 3391/4617/2964 3399/4701/2990 3400/4802/3126 3392/4801/3124
f 3399/4701/2990 3407/4705/2986 3408/4803/3128 3400/4802/3126
f 3407/4705/2986 3415/4592/2939 3416/4804/3130 3408/4803/3128
f 3415/4592/2939 3423/4591/2938 3424/4805/3132 3416/4804/3130
f 3423/4591/2938 3433/4603/2950 3434/4806/3134 3424/4805/3132
f 3433/4603/2950 3443/4596/2943 3444/4807/3136 3434/4806/3134
f 3443/4596/2943 3451/4595/2942 3452/4808/3138 3444/4807/3136
f 3451/4595/2942 3459/4605/2952 3460/4809/3140 3452/4808/3138
f 3459/4605/2952 3467/4640/2979 3468/4810/3142 3460/4809/3140
f 3467/4640/2979 3475/4639/2978 3476/4811/3144 3468/4810/3142
f 3475/4639/2978 3366/4661/2976 3365/4783/3092 3476/4811/3144
f 3486/4607/2954 3378/4707/3009 3377/4785/3096 3485/4812/3146
f 3375/4608/2955 3486/4607/2954 3485/4812/3146 3376/4784/3093
f 3478/4679/2984 3463/4675/2988 3464/4814/2996 3477/4813/3120
f 3374/4695/2934 3367/4600/2947 3368/4624/2971 3373/4623/2970
f 3382/4696/2935 3374/4695/2934 3373/4623/2970 3381/4816/3116
f 3386/4671/2962 3382/4696/2935 3381/4816/3116 3385/4817/3114
f 3394/4672/3000 3386/4671/2962 3385/4817/3114 3393/4818/3112
f 3404/4677/3002 3394/4672/3000 3393/4818/3112 3403/4819/3110
f 3410/4685/3005 3404/4677/3002 3403/4819/3110 3409/4820/3108
f 3418/4686/3006 3410/4685/3005 3409/4820/3108 3417/4821/3106
f 3426/4689/2982 3418/4686/3006 3417/4821/3106 3425/4822/3104
f 3432/4611/2958 3426/4689/2982 3425/4822/3104 3431/4823/3102
f 3440/4612/2959 3432/4611/2958 3431/4823/3102 3439/4824/3100
f 3446/4621/2968 3440/4612/2959 3439/4824/3100 3445/4825/3097
f 3454/4699/3009 3446/4621/2968 3445/4825/3097 3453/4826/3096
f 3462/4703/2954 3454/4699/3009 3453/4826/3096 3461/4827/3146
f 3472/4633/2955 3462/4703/2954 3461/4827/3146 3471/4828/3093
f 3480/4634/2976 3472/4633/2955 3471/4828/3093 3479/4829/3092
f 3484/4645/2978 3480/4634/2976 3479/4829/3092 3483/4830/3144
f 3372/4691/2979 3484/4645/2978 3483/4830/3144 3371/4831/3142
f 3380/4692/2952 3372/4691/2979 3371/4831/3142 3379/4832/3140
f 3390/4711/2942 3380/4692/2952 3379/4832/3140 3389/4833/3138
f 3398/4712/2943 3390/4711/2942 3389/4833/3138 3397/4834/3136
f 3402/4681/2950 3398/4712/2943 3397/4834/3136 3401/4835/3134
f 3412/4647/2938 3402/4681/2950 3401/4835/3134 3411/4836/3132
f 3420/4648/2939 3412/4647/2938 3411/4836/3132 3419/4837/3130
f 3428/4655/2986 3420/4648/2939 3419/4837/3130 3427/4838/3128
f 3436/4659/2990 3428/4655/2986 3427/4838/3128 3435/4839/3126
f 3442/4665/2964 3436/4659/2990 3435/4839/3126 3441/4840/3124
f 3450/4629/2965 3442/4665/2964 3441/4840/3124 3449/4841/3122
f 3456/4630/2974 3450/4629/2965 3449/4841/3122 3455/4842/2997
f 3463/4675/2988 3456/4630/2974 3455/4842/2997 3464/4814/2996
f 3367/4600/2947 3469/4599/2946 3470/4815/3118 3368/4624/2971
f 3469/4599/2946 3478/4679/2984 3477/4813/3120 3470/4815/3118
f 3457/4615/2962 3466/4588/2935 3465/4795/3116 3458/4794/3114
f 3494/4783/3095 3503/4784/3094 3504/4608/2993 3493/4661/2992
f 3506/4785/3099 3515/4786/3098 3516/4626/3184 3505/4707/3165
f 3515/4786/3098 3523/4787/3101 3524/4625/3180 3516/4626/3184
f 3523/4787/3101 3533/4788/3103 3534/4637/3181 3524/4625/3180
f 3533/4788/3103 3541/4789/3105 3542/4643/3207 3534/4637/3181
f 3541/4789/3105 3549/4790/3107 3550/4709/3204 3542/4643/3207
f 3549/4790/3107 3557/4791/3109 3558/4715/3205 3550/4709/3204
f 3557/4791/3109 3565/4792/3111 3566/4717/3202 3558/4715/3205
f 3565/4792/3111 3575/4793/3113 3576/4669/3198 3566/4717/3202
f 3575/4793/3113 3585/4794/3115 3586/4615/3199 3576/4669/3198
f 3594/4795/3117 3601/4796/2973 3602/4587/3213 3593/4588/3219
f 3601/4796/2973 3609/4797/2972 3610/4683/3214 3602/4587/3213
f 3609/4797/2972 3615/4798/3119 3616/4652/3192 3610/4683/3214
f 3615/4798/3119 3617/4799/3121 3618/4651/3193 3616/4652/3192
f 3617/4799/3121 3619/4667/2999 3620/4657/3196 3618/4651/3193
f 3619/4667/2999 3497/4668/2998 3498/4663/3186 3620/4657/3196
f 3497/4668/2998 3511/4800/3123 3512/4618/3187 3498/4663/3186
f 3511/4800/3123 3519/4801/3125 3520/4617/3209 3512/4618/3187
f 3519/4801/3125 3527/4802/3127 3528/4701/3210 3520/4617/3209
f 3527/4802/3127 3535/4803/3129 3536/4705/3174 3528/4701/3210
f 3535/4803/3129 3543/4804/3131 3544/4592/3175 3536/4705/3174
f 3543/4804/3131 3551/4805/3133 3552/4591/3178 3544/4592/3175
f 3551/4805/3133 3561/4806/3135 3562/4603/3172 3552/4591/3178
f 3561/4806/3135 3571/4807/3137 3572/4596/3168 3562/4603/3172
f 3571/4807/3137 3579/4808/3139 3580/4595/3169 3572/4596/3168
f 3579/4808/3139 3587/4809/3141 3588/4605/3217 3580/4595/3169
f 3587/4809/3141 3595/4810/3143 3596/4640/3190 3588/4605/3217
f 3595/4810/3143 3603/4811/3145 3604/4639/3162 3596/4640/3190
f 3603/4811/3145 3494/4783/3095 3493/4661/2992 3604/4639/3162
f 3614/4812/3147 3506/4785/3099 3505/4707/3165 3613/4607/3164
f 3503/4784/3094 3614/4812/3147 3613/4607/3164 3504/4608/2993
f 3606/4813/3121 3591/4814/2999 3592/4675/3196 3605/4679/3193
f 3502/4623/2973 3495/4624/2972 3496/4600/3214 3501/4695/3213
f 3510/4816/3117 3502/4623/2973 3501/4695/3213 3509/4696/3219
f 3514/4817/3115 3510/4816/3117 3509/4696/3219 3513/4671/3199
f 3522/4818/3113 3514/4817/3115 3513/4671/3199 3521/4672/3198
f 3532/4819/3148 3522/4818/3113 3521/4672/3198 3531/4677/3202
f 3538/4820/3109 3532/4819/3148 3531/4677/3202 3537/4685/3205
f 3546/4821/3149 3538/4820/3109 3537/4685/3205 3545/4686/3204
f 3554/4822/3150 3546/4821/3149 3545/4686/3204 3553/4689/3207
f 3560/4823/3151 3554/4822/3150 3553/4689/3207 3559/4611/3181
f 3568/4824/3101 3560/4823/3151 3559/4611/3181 3567/4612/3180
f 3574/4825/3152 3568/4824/3101 3567/4612/3180 3573/4621/3184
f 3582/4826/3153 3574/4825/3152 3573/4621/3184 3581/4699/3165
f 3590/4827/3154 3582/4826/3153 3581/4699/3165 3589/4703/3164
f 3600/4828/3094 3590/4827/3154 3589/4703/3164 3599/4633/2993
f 3608/4829/3095 3600/4828/3094 3599/4633/2993 3607/4634/2992
f 3612/4830/3155 3608/4829/3095 3607/4634/2992 3611/4645/3162
f 3500/4831/3143 3612/4830/3155 3611/4645/3162 3499/4691/3190
f 3508/4832/3156 3500/4831/3143 3499/4691/3190 3507/4692/3217
f 3518/4833/3139 3508/4832/3156 3507/4692/3217 3517/4711/3169
f 3526/4834/3137 3518/4833/3139 3517/4711/3169 3525/4712/3168
f 3530/4835/3135 3526/4834/3137 3525/4712/3168 3529/4681/3172
f 3540/4836/3133 3530/4835/3135 3529/4681/3172 3539/4647/3178
f 3548/4837/3157 3540/4836/3133 3539/4647/3178 3547/4648/3175
f 3556/4838/3158 3548/4837/3157 3547/4648/3175 3555/4655/3174
f 3564/4839/3127 3556/4838/3158 3555/4655/3174 3563/4659/3210
f 3570/4840/3159 3564/4839/3127 3563/4659/3210 3569/4665/3209
f 3578/4841/3160 3570/4840/3159 3569/4665/3209 3577/4629/3187
f 3584/4842/3161 3578/4841/3160 3577/4629/3187 3583/4630/3186
f 3591/4814/2999 3584/4842/3161 3583/4630/3186 3592/4675/3196
f 3495/4624/2972 3597/4815/3119 3598/4599/3192 3496/4600/3214
f 3597/4815/3119 3606/4813/3121 3605/4679/3193 3598/4599/3192
f 3585/4794/3115 3594/4795/3117 3593/4588/3219 3586/4615/3199
f 3622/4776/3056 3631/4729/3033 3632/4609/2956 3621/4662/2977
f 3634/4777/3089 3643/4739/3047 3644/4627/2969 3633/4708/3010
f 3643/4739/3047 3651/4740/3037 3652/4628/2960 3644/4627/2969
f 3651/4740/3037 3661/4745/3040 3662/4638/2961 3652/4628/2960
f 3661/4745/3040 3669/4748/3063 3670/4644/2983 3662/4638/2961
f 3669/4748/3063 3677/4778/3078 3678/4710/3007 3670/4644/2983
f 3677/4778/3078 3685/4781/3081 3686/4716/3008 3678/4710/3007
f 3685/4781/3081 3693/4782/3091 3694/4718/3003 3686/4716/3008
f 3693/4782/3091 3703/4758/3072 3704/4670/3001 3694/4718/3003
f 3703/4758/3072 3713/4733/3041 3714/4616/2963 3704/4670/3001
f 3722/4719/3013 3729/4720/3016 3730/4590/2937 3721/4589/2936
f 3729/4720/3016 3737/4765/3025 3738/4684/3004 3730/4590/2937
f 3737/4765/3025 3743/4752/3028 3744/4653/2949 3738/4684/3004
f 3743/4752/3028 3745/4753/3067 3746/4654/2985 3744/4653/2949
f 3745/4753/3067 3747/4737/3049 3748/4658/2989 3746/4654/2985
f 3747/4737/3049 3625/4738/3052 3626/4664/2975 3748/4658/2989
f 3625/4738/3052 3639/4734/3043 3640/4619/2966 3626/4664/2975
f 3639/4734/3043 3647/4735/3046 3648/4620/2967 3640/4619/2966
f 3647/4735/3046 3655/4773/3070 3656/4702/2991 3648/4620/2967
f 3655/4773/3070 3663/4775/3068 3664/4706/3011 3656/4702/2991
f 3663/4775/3068 3671/4721/3017 3672/4593/2940 3664/4706/3011
f 3671/4721/3017 3679/4722/3020 3680/4594/2941 3672/4593/2940
f 3679/4722/3020 3689/4727/3030 3690/4604/2951 3680/4594/2941
f 3689/4727/3030 3699/4723/3021 3700/4597/2944 3690/4604/2951
f 3699/4723/3021 3707/4724/3024 3708/4598/2945 3700/4597/2944
f 3707/4724/3024 3715/4728/3032 3716/4606/2953 3708/4598/2945
f 3715/4728/3032 3723/4746/3058 3724/4641/2980 3716/4606/2953
f 3723/4746/3058 3731/4747/3061 3732/4642/2981 3724/4641/2980
f 3731/4747/3061 3622/4776/3056 3621/4662/2977 3732/4642/2981
f 3742/4730/3036 3634/4777/3089 3633/4708/3010 3741/4610/2957
f 3631/4729/3033 3742/4730/3036 3741/4610/2957 3632/4609/2956
f 3734/4763/3067 3719/4761/3049 3720/4676/2989 3733/4680/2985
f 3630/4771/3016 3623/4725/3025 3624/4601/2948 3629/4698/2937
f 3638/4770/3013 3630/4771/3016 3629/4698/2937 3637/4697/2936
f 3642/4760/3074 3638/4770/3013 3637/4697/2936 3641/4674/2963
f 3650/4759/3072 3642/4760/3074 3641/4674/2963 3649/4673/3001
f 3660/4762/3075 3650/4759/3072 3649/4673/3001 3659/4678/3003
f 3666/4767/3081 3660/4762/3075 3659/4678/3003 3665/4688/3008
f 3674/4766/3078 3666/4767/3081 3665/4688/3008 3673/4687/3007
f 3682/4768/3063 3674/4766/3078 3673/4687/3007 3681/4690/2983
f 3688/4732/3040 3682/4768/3063 3681/4690/2983 3687/4614/2961
f 3696/4731/3037 3688/4732/3040 3687/4614/2961 3695/4613/2960
f 3702/4736/3047 3696/4731/3037 3695/4613/2960 3701/4622/2969
f 3710/4772/3083 3702/4736/3047 3701/4622/2969 3709/4700/3010
f 3718/4774/3086 3710/4772/3083 3709/4700/3010 3717/4704/2957
f 3728/4744/3033 3718/4774/3086 3717/4704/2957 3727/4636/2956
f 3736/4743/3056 3728/4744/3033 3727/4636/2956 3735/4635/2977
f 3740/4749/3061 3736/4743/3056 3735/4635/2977 3739/4646/2981
f 3628/4757/3058 3740/4749/3061 3739/4646/2981 3627/4694/2980
f 3636/4769/3032 3628/4757/3058 3627/4694/2980 3635/4693/2953
f 3646/4780/3024 3636/4769/3032 3635/4693/2953 3645/4714/2945
f 3654/4779/3021 3646/4780/3024 3645/4714/2945 3653/4713/3012
f 3658/4764/3030 3654/4779/3021 3653/4713/3012 3657/4682/2951
f 3668/4751/3020 3658/4764/3030 3657/4682/2951 3667/4650/2941
f 3676/4750/3017 3668/4751/3020 3667/4650/2941 3675/4649/2940
f 3684/4754/3068 3676/4750/3017 3675/4649/2940 3683/4656/2987
f 3692/4755/3070 3684/4754/3068 3683/4656/2987 3691/4660/2991
f 3698/4756/3046 3692/4755/3070 3691/4660/2991 3697/4666/2967
f 3706/4742/3055 3698/4756/3046 3697/4666/2967 3705/4632/2966
f 3712/4741/3053 3706/4742/3055 3705/4632/2966 3711/4631/2975
f 3719/4761/3049 3712/4741/3053 3711/4631/2975 3720/4676/2989
f 3623/4725/3025 3725/4726/3028 3726/4602/2949 3624/4601/2948
f 3725/4726/3028 3734/4763/3067 3733/4680/2985 3726/4602/2949
f 3713/4733/3041 3722/4719/3013 3721/4589/2936 3714/4616/2963
f 3750/4662/2995 3759/4609/2994 3760/4729/3034 3749/4776/3088
f 3762/4708/3166 3771/4627/3185 3772/4739/3048 3761/4777/3084
f 3771/4627/3185 3779/4628/3183 3780/4740/3038 3772/4739/3048
f 3779/4628/3183 3789/4638/3182 3790/4745/3039 3780/4740/3038
f 3789/4638/3182 3797/4644/3208 3798/4748/3062 3790/4745/3039
f 3797/4644/3208 3805/4710/3206 3806/4778/3090 3798/4748/3062
f 3805/4710/3206 3813/4716/380 3814/4781/3080 3806/4778/3090
f 3813/4716/380 3821/4718/3203 3822/4782/3076 3814/4781/3080
f 3821/4718/3203 3831/4670/3201 3832/4758/3073 3822/4782/3076
f 3831/4670/3201 3841/4616/3200 3842/4733/3042 3832/4758/3073
f 3850/4589/3220 3857/4590/3216 3858/4720/3015 3849/4719/3014
f 3857/4590/3216 3865/4684/3215 3866/4765/3077 3858/4720/3015
f 3865/4684/3215 3871/4653/3195 3872/4752/3065 3866/4765/3077
f 3871/4653/3195 3873/4654/3194 3874/4753/3066 3872/4752/3065
f 3873/4654/3194 3875/4658/3197 3876/4737/3050 3874/4753/3066
f 3875/4658/3197 3753/4664/3189 3754/4738/3051 3876/4737/3050
f 3753/4664/3189 3767/4619/3188 3768/4734/3044 3754/4738/3051
f 3767/4619/3188 3775/4620/3212 3776/4735/3045 3768/4734/3044
f 3775/4620/3212 3783/4702/3211 3784/4773/3085 3776/4735/3045
f 3783/4702/3211 3791/4706/3177 3792/4775/3087 3784/4773/3085
f 3791/4706/3177 3799/4593/3176 3800/4721/3018 3792/4775/3087
f 3799/4593/3176 3807/4594/3179 3808/4722/3019 3800/4721/3018
f 3807/4594/3179 3817/4604/3173 3818/4727/3029 3808/4722/3019
f 3817/4604/3173 3827/4597/3171 3828/4723/3022 3818/4727/3029
f 3827/4597/3171 3835/4598/3170 3836/4724/3023 3828/4723/3022
f 3835/4598/3170 3843/4606/3218 3844/4728/3031 3836/4724/3023
f 3843/4606/3218 3851/4641/3191 3852/4746/3059 3844/4728/3031
f 3851/4641/3191 3859/4642/3163 3860/4747/3060 3852/4746/3059
f 3859/4642/3163 3750/4662/2995 3749/4776/3088 3860/4747/3060
f 3870/4610/3167 3762/4708/3166 3761/4777/3084 3869/4730/3035
f 3759/4609/2994 3870/4610/3167 3869/4730/3035 3760/4729/3034
f 3862/4680/3194 3847/4676/3197 3848/4761/3050 3861/4763/3066
f 3758/4698/3216 3751/4601/3215 3752/4725/3026 3757/4771/3015
f 3766/4697/3220 3758/4698/3216 3757/4771/3015 3765/4770/3014
f 3770/4674/3200 3766/4697/3220 3765/4770/3014 3769/4760/3042
f 3778/4673/3201 3770/4674/3200 3769/4760/3042 3777/4759/3073
f 3788/4678/3203 3778/4673/3201 3777/4759/3073 3787/4762/3076
f 3794/4688/380 3788/4678/3203 3787/4762/3076 3793/4767/3080
f 3802/4687/3206 3794/4688/380 3793/4767/3080 3801/4766/3079
f 3810/4690/3208 3802/4687/3206 3801/4766/3079 3809/4768/3082
f 3816/4614/3182 3810/4690/3208 3809/4768/3082 3815/4732/3039
f 3824/4613/3183 3816/4614/3182 3815/4732/3039 3823/4731/3038
f 3830/4622/3185 3824/4613/3183 3823/4731/3038 3829/4736/3048
f 3838/4700/3166 3830/4622/3185 3829/4736/3048 3837/4772/3084
f 3846/4704/3167 3838/4700/3166 3837/4772/3084 3845/4774/3035
f 3856/4636/2994 3846/4704/3167 3845/4774/3035 3855/4744/3034
f 3864/4635/2995 3856/4636/2994 3855/4744/3034 3863/4743/3057
f 3868/4646/3163 3864/4635/2995 3863/4743/3057 3867/4749/3064
f 3756/4694/3191 3868/4646/3163 3867/4749/3064 3755/4757/3059
f 3764/4693/3218 3756/4694/3191 3755/4757/3059 3763/4769/3031
f 3774/4714/3170 3764/4693/3218 3763/4769/3031 3773/4780/3023
f 3782/4713/3171 3774/4714/3170 3773/4780/3023 3781/4779/3022
f 3786/4682/3173 3782/4713/3171 3781/4779/3022 3785/4764/3029
f 3796/4650/3179 3786/4682/3173 3785/4764/3029 3795/4751/3019
f 3804/4649/3176 3796/4650/3179 3795/4751/3019 3803/4750/3018
f 3812/4656/3177 3804/4649/3176 3803/4750/3018 3811/4754/3069
f 3820/4660/3211 3812/4656/3177 3811/4754/3069 3819/4755/3071
f 3826/4666/3212 3820/4660/3211 3819/4755/3071 3825/4756/3045
f 3834/4632/3188 3826/4666/3212 3825/4756/3045 3833/4742/3054
f 3840/4631/3189 3834/4632/3188 3833/4742/3054 3839/4741/3051
f 3847/4676/3197 3840/4631/3189 3839/4741/3051 3848/4761/3050
f 3751/4601/3215 3853/4602/3195 3854/4726/3027 3752/4725/3026
f 3853/4602/3195 3862/4680/3194 3861/4763/3066 3854/4726/3027
f 3841/4616/3200 3850/4589/3220 3849/4719/3014 3842/4733/3042
f 3375/4608/2955 3366/4661/2976 3621/4662/2977 3632/4609/2956
f 1319/2656/2100 1191/3297/2693 1194/3331/2703 1196/3329/2702 1198/3327/2701 1200/3325/2700 1202/3324/2699 1204/3323/2698 1206/3322/2697 1208/3320/2696 1210/3318/2695 1212/3300/2694 1343/2652/2096
